521.414916992,-5.86368846893,0.0,-0.164978027344
521.414916992,-5.86368846893,0.0,-0.164978027344
521.414916992,-5.86368846893,0.0,-0.247436523438
521.414916992,-5.86368846893,0.0,-0.329925537109
515.946838379,19.4356784821,0.0,-0.422698974609
515.946838379,19.4356784821,0.0,-0.484558105469
515.946838379,19.4356784821,0.0,-0.525787353516
515.946838379,19.4356784821,0.0,-0.567016601562
515.946838379,19.4356784821,0.0,-0.577331542969
515.946838379,19.4356784821,0.0,-0.587646484375
515.946838379,19.4356784821,0.0,-0.597961425781
515.946838379,19.4356784821,0.0,-0.608276367188
513.216003418,-15.5007076263,0.0,-0.618560791016
513.216003418,-15.5007076263,0.0,-0.608276367188
513.216003418,-15.5007076263,0.0,-0.618560791016
502.493286133,-15.3208656311,0.0,-0.608276367188
502.493286133,-15.3208656311,0.0,-0.618560791016
502.493286133,-15.3208656311,0.0,-0.608276367188
502.493286133,-15.3208656311,0.0,-0.618560791016
502.493286133,-15.3208656311,0.0,-0.608276367188
502.493286133,-15.3208656311,0.0,-0.618560791016
502.493286133,-15.3208885193,0.0,-0.608276367188
515.922851562,5.82893610001,0.0,-0.618560791016
515.922851562,5.82893610001,0.0,-0.608276367188
515.922851562,5.82893610001,0.0,-0.618560791016
515.922851562,5.82893610001,0.0,-0.608276367188
483.595001221,-17.352355957,0.0,-0.618560791016
483.595001221,-17.352355957,0.0,-0.608276367188
481.316894531,-0.0514512062073,0.0,-0.618560791016
481.316894531,-0.0514512062073,0.0,-0.608276367188
481.316894531,-0.0514512062073,0.0,-0.618560791016
481.316894531,-0.0514512062073,0.0,-0.608276367188
457.545288086,6.08690023422,0.0,-0.618560791016
457.545288086,6.08690023422,0.0,-0.608276367188
-1,-1,0.0,-0.618560791016
-1,-1,0.0,-0.608276367188
403.092041016,18.8874568939,0.0,-0.618560791016
403.092041016,18.8874568939,0.0,-0.608276367188
-1,-1,0.0,-0.618560791016
-1,-1,0.0,-0.608276367188
-1,-1,0.0,-0.618560791016
-1,-1,0.0,-0.608276367188
-1,-1,0.0,-0.618560791016
-1,-1,0.0,-0.608276367188
418.218688965,-20.9528083801,0.0,-0.618560791016
418.218688965,-20.9528083801,0.0,-0.608276367188
418.218688965,-20.9528083801,0.0,-0.618560791016
418.218688965,-20.9528083801,0.0,-0.608276367188
418.218688965,-20.9528083801,0.0,-0.618560791016
418.218688965,-20.9528083801,0.0,-0.608276367188
418.218688965,-20.9528083801,0.0,-0.618560791016
418.218688965,-20.9528083801,0.0,-0.608276367188
418.218688965,-20.9528083801,0.0,-0.618560791016
418.218688965,-20.9528083801,0.0,-0.608276367188
418.218688965,-20.9528083801,0.0,-0.618560791016
418.218688965,-20.9528083801,0.0,-0.608276367188
418.218688965,-20.9528083801,0.0,-0.618560791016
418.218688965,-20.9528083801,0.0,-0.608276367188
-1,-1,0.0,-0.618560791016
-1,-1,0.0,-0.608276367188
-1,-1,0.0,-0.618560791016
-1,-1,0.0,-0.608276367188
-1,-1,0.0,-0.618560791016
-1,-1,0.0,-0.608276367188
-1,-1,0.0,-0.618560791016
-1,-1,0.0,-0.608276367188
-1,-1,0.0,-0.618560791016
-1,-1,0.0,-0.608276367188
-1,-1,0.0,-0.618560791016
-1,-1,0.0,-0.608276367188
278.113464355,-16.5158824921,0.0,-0.618560791016
278.113464355,-16.5158824921,0.0,-0.608276367188
-1,-1,0.0,-0.597961425781
-1,-1,0.0,-0.587646484375
-1,-1,0.0,-0.597961425781
-1,-1,0.0,-0.587646484375
-1,-1,0.0,-0.577331542969
-1,-1,0.0,-0.567016601562
-1,-1,0.0,-0.556701660156
-1,-1,0.0,-0.494873046875
-1,-1,0.0,-0.45361328125
-1,-1,0.0,-0.45361328125
-1,-1,0.0,-0.433013916016
-1,-1,0.0,-0.422698974609
-1,-1,0.0,-0.412384033203
-1,-1,0.0,-0.422698974609
-1,-1,0.0,-0.412384033203
-1,-1,0.0,-0.422698974609
-1,-1,0.0,-0.422698974609
-1,-1,0.0,-0.412384033203
-1,-1,0.0,-0.412384033203
-1,-1,0.0,-0.412384033203
-1,-1,0.0,-0.422698974609
-1,-1,0.0,-0.412384033203
-1,-1,0.0,-0.412384033203
-1,-1,0.0,-0.422698974609
-1,-1,0.0,-0.422698974609
-1,-1,0.0,-0.412384033203
-1,-1,0.0,-0.422698974609
-1,-1,0.0,-0.412384033203
-1,-1,0.0,-0.422698974609
-1,-1,0.0,-0.412384033203
-1,-1,0.0,-0.412384033203
-1,-1,0.0,-0.422698974609
-1,-1,0.0,-0.422698974609
-1,-1,0.0,-0.422698974609
-1,-1,0.0,-0.412384033203
-1,-1,0.0,-0.412384033203
-1,-1,0.0,-0.412384033203
-1,-1,0.0,-0.422698974609
-1,-1,0.0,-0.422698974609
-1,-1,0.0,-0.412384033203
-1,-1,0.0,-0.422698974609
-1,-1,0.0,-0.412384033203
308.860168457,4.6486082077,0.0,-0.422698974609
308.860168457,4.6486082077,0.0,-0.412384033203
308.860168457,4.6486082077,0.0,-0.412384033203
308.860168457,4.6486082077,0.0,-0.422698974609
308.860168457,4.6486082077,0.0,-0.422698974609
308.860168457,4.6486082077,0.0,-0.422698974609
308.860168457,4.6486082077,0.0,-0.412384033203
308.860168457,4.6486082077,0.0,-0.412384033203
308.860168457,4.6486082077,0.0,-0.422698974609
308.860168457,4.6486082077,0.0,-0.422698974609
308.860168457,4.6486082077,0.0,-0.412384033203
308.860168457,4.6486082077,0.0,-0.412384033203
308.860168457,4.6486082077,0.0,-0.422698974609
308.860168457,4.6486082077,0.0,-0.412384033203
308.860168457,4.6486082077,0.0,-0.422698974609
308.860168457,4.6486082077,0.0,-0.422698974609
308.860168457,4.6486082077,0.0,-0.422698974609
308.860168457,4.6486082077,0.0,-0.412384033203
308.860168457,4.6486082077,0.0,-0.412384033203
308.860168457,4.6486082077,0.0,-0.422698974609
287.95501709,-37.9772186279,0.0,-0.422698974609
287.95501709,-37.9772186279,0.0,-0.422698974609
287.95501709,-37.9772186279,0.0,-0.422698974609
287.95501709,-37.9772186279,0.0,-0.422698974609
287.95501709,-37.9772186279,0.0,-0.433013916016
287.95501709,-37.9772186279,0.0,-0.433013916016
287.95501709,-37.9772186279,0.0,-0.422698974609
287.95501709,-37.9772186279,0.0,-0.422698974609
287.95501709,-37.9772186279,0.0,-0.422698974609
287.95501709,-37.9772186279,0.0,-0.422698974609
287.95501709,-37.9772109985,0.0,-0.422698974609
287.95501709,-37.9772109985,0.0,-0.433013916016
287.95501709,-37.9772109985,0.0,-0.422698974609
287.95501709,-37.9772109985,0.0,-0.422698974609
287.95501709,-37.9772109985,0.0,-0.412384033203
287.95501709,-37.9772109985,0.0,-0.422698974609
287.95501709,-37.9772109985,0.0,-0.422698974609
287.95501709,-37.9772109985,0.0,-0.412384033203
287.95501709,-37.9772109985,0.0,-0.422698974609
287.95501709,-37.9772109985,0.0,-0.422698974609
287.95501709,-37.9772109985,0.0,-0.422698974609
287.95501709,-37.9772109985,0.0,-0.422698974609
287.95501709,-37.9772109985,0.0,-0.412384033203
287.95501709,-37.9772109985,0.0,-0.412384033203
287.95501709,-37.9772109985,0.0,-0.422698974609
287.95501709,-37.9772109985,0.0,-0.412384033203
287.95501709,-37.9772109985,0.0,-0.412384033203
287.95501709,-37.9772109985,0.0,-0.422698974609
286.476806641,-16.657787323,0.0,-0.412384033203
286.476806641,-16.657787323,0.0,-0.412384033203
286.476806641,-16.657787323,0.0,-0.412384033203
286.476806641,-16.657787323,0.0,-0.422698974609
286.476806641,-16.657787323,0.0,-0.422698974609
286.476806641,-16.657787323,0.0,-0.412384033203
286.476806641,-16.657787323,0.0,-0.412384033203
286.476806641,-16.657787323,0.0,-0.422698974609
286.476806641,-16.657787323,0.0,-0.422698974609
286.476806641,-16.657787323,0.0,-0.412384033203
286.476806641,-16.657787323,0.0,-0.422698974609
286.476806641,-16.657787323,0.0,-0.422698974609
286.476806641,-16.657787323,0.0,-0.412384033203
286.476806641,-16.657787323,0.0,-0.412384033203
286.476806641,-16.657787323,0.0,-0.412384033203
286.476806641,-16.657787323,0.0,-0.412384033203
286.476806641,-16.657787323,0.0,-0.412384033203
286.476806641,-16.657787323,0.0,-0.412384033203
294.802062988,-35.176612854,0.0,-0.422698974609
294.802062988,-35.176612854,0.0,-0.412384033203
294.802062988,-35.176612854,0.0,-0.412384033203
294.802062988,-35.176612854,0.0,-0.412384033203
294.802062988,-35.176612854,0.0,-0.412384033203
294.802062988,-35.176612854,0.0,-0.412384033203
294.802062988,-35.176612854,0.0,-0.412384033203
294.802062988,-35.176612854,0.0,-0.412384033203
-1,-1,0.0,-0.422698974609
-1,-1,0.0,-0.412384033203
-1,-1,0.0,-0.412384033203
-1,-1,0.0,-0.412384033203
305.15435791,-37.1106719971,0.0,-0.402069091797
305.15435791,-37.1106719971,0.0,-0.402069091797
305.15435791,-37.1106719971,0.0,-0.402069091797
305.15435791,-37.1106719971,0.0,-0.402069091797
305.15435791,-37.1106719971,0.0,-0.402069091797
305.15435791,-37.1106719971,0.0,-0.391754150391
305.15435791,-37.1106719971,0.0,-0.391754150391
305.15435791,-37.1106719971,0.0,-0.381469726562
306.951568604,-32.5193328857,0.0,-0.371154785156
306.951568604,-32.5193328857,0.0,-0.391754150391
306.951568604,-32.5193328857,0.0,-0.381469726562
306.951568604,-32.5193328857,0.0,-0.371154785156
306.951568604,-32.5193328857,0.0,-0.371154785156
306.951568604,-32.5193328857,0.0,-0.371154785156
306.951568604,-32.5193328857,0.0,-0.36083984375
306.951568604,-32.5193328857,0.0,-0.36083984375
306.951568604,-32.5193328857,0.0,-0.329925537109
306.951568604,-32.5193328857,0.0,-0.319610595703
306.951568604,-32.5193328857,0.0102844238281,-0.309295654297
306.951568604,-32.5193328857,0.0102844238281,-0.309295654297
306.951568604,-32.5193328857,0.0205993652344,-0.288665771484
306.951568604,-32.5193328857,0.0205993652344,-0.288665771484
306.951568604,-32.5193328857,0.0309143066406,-0.278350830078
306.951568604,-32.5193328857,0.0309143066406,-0.278350830078
306.951568604,-32.5193328857,0.0412292480469,-0.26806640625
306.951568604,-32.5193328857,0.0412292480469,-0.26806640625
306.951568604,-32.5193328857,0.0515441894531,-0.26806640625
306.951599121,-32.5193099976,0.0721435546875,-0.26806640625
306.951599121,-32.5193099976,0.0927734375,-0.237121582031
306.951599121,-32.5193099976,0.0927734375,-0.237121582031
306.951599121,-32.5193099976,0.0927734375,-0.226806640625
306.951599121,-32.5193099976,0.103088378906,-0.216522216797
306.951599121,-32.5193099976,0.103088378906,-0.216522216797
306.951599121,-32.5193099976,0.103088378906,-0.206207275391
306.951599121,-32.5193099976,0.103088378906,-0.195892333984
306.951599121,-32.5193099976,0.103088378906,-0.185577392578
306.951599121,-32.5193099976,0.103088378906,-0.175262451172
306.951599121,-32.5193099976,0.103088378906,-0.185577392578
306.951599121,-32.5193099976,0.103088378906,-0.175262451172
306.951599121,-32.5193099976,0.103088378906,-0.185577392578
306.951599121,-32.5193099976,0.103088378906,-0.175262451172
286.500518799,-12.1128396988,0.103088378906,-0.185577392578
286.500518799,-12.1128396988,0.103088378906,-0.175262451172
286.500518799,-12.1128396988,0.103088378906,-0.185577392578
286.500518799,-12.1128396988,0.103088378906,-0.175262451172
286.500518799,-12.1128396988,0.103088378906,-0.164978027344
286.500518799,-12.1128396988,0.103088378906,-0.185577392578
286.500518799,-12.1128396988,0.103088378906,-0.175262451172
281.386108398,-24.1137561798,0.103088378906,-0.185577392578
281.386108398,-24.1137561798,0.103088378906,-0.175262451172
281.386108398,-24.1137561798,0.103088378906,-0.185577392578
281.386108398,-24.1137561798,0.103088378906,-0.175262451172
281.386108398,-24.1137561798,0.103088378906,-0.185577392578
281.386108398,-24.1137561798,0.103088378906,-0.175262451172
281.386108398,-24.1137561798,0.103088378906,-0.185577392578
281.386108398,-24.1137561798,0.103088378906,-0.175262451172
281.386108398,-24.1137561798,0.113372802734,-0.175262451172
281.386108398,-24.1137561798,0.103088378906,-0.175262451172
281.386108398,-24.1137561798,0.103088378906,-0.164978027344
-1,-1,0.113372802734,-0.144348144531
-1,-1,0.113372802734,-0.144348144531
-1,-1,0.134002685547,-0.103118896484
-1,-1,0.134002685547,-0.103118896484
-1,-1,0.195861816406,-0.0618591308594
-1,-1,0.195861816406,-0.0618591308594
-1,-1,0.206176757812,-0.0309448242188
-1,-1,0.206176757812,-0.0309448242188
-1,-1,0.216491699219,-0.0309448242188
-1,-1,0.206176757812,-0.0309448242188
-1,-1,0.216491699219,-0.0309448242188
-1,-1,0.206176757812,-0.0309448242188
-1,-1,0.216491699219,-0.0309448242188
-1,-1,0.206176757812,-0.0309448242188
-1,-1,0.216491699219,-0.0309448242188
-1,-1,0.206176757812,-0.0309448242188
-1,-1,0.216491699219,-0.0309448242188
-1,-1,0.206176757812,-0.0309448242188
-1,-1,0.216491699219,-0.0309448242188
-1,-1,0.206176757812,-0.0309448242188
-1,-1,0.216491699219,-0.0309448242188
-1,-1,0.206176757812,-0.0309448242188
-1,-1,0.216491699219,-0.0309448242188
-1,-1,0.206176757812,-0.0309448242188
-1,-1,0.216491699219,-0.0309448242188
-1,-1,0.206176757812,-0.0309448242188
-1,-1,0.216491699219,-0.0309448242188
-1,-1,0.206176757812,-0.0309448242188
-1,-1,0.216491699219,-0.0309448242188
-1,-1,0.226776123047,-0.0309448242188
-1,-1,0.216491699219,-0.0206298828125
-1,-1,0.216491699219,-0.0206298828125
-1,-1,0.216491699219,-0.0309448242188
-1,-1,0.226776123047,-0.0206298828125
-1,-1,0.226776123047,-0.0206298828125
-1,-1,0.216491699219,-0.0206298828125
-1,-1,0.226776123047,-0.0206298828125
-1,-1,0.216491699219,-0.0206298828125
-1,-1,0.226776123047,-0.0206298828125
-1,-1,0.216491699219,-0.0206298828125
399.682250977,-43.9597206116,0.226776123047,-0.0206298828125
399.682250977,-43.9597206116,0.216491699219,-0.0206298828125
404.841247559,-53.2703819275,0.226776123047,-0.0206298828125
404.841247559,-53.2703819275,0.216491699219,-0.0206298828125
404.841247559,-53.2703819275,0.226776123047,-0.0206298828125
404.841247559,-53.2703819275,0.216491699219,-0.0206298828125
399.03225708,-30.6063022614,0.216491699219,-0.0309448242188
399.03225708,-30.6063022614,0.216491699219,-0.0206298828125
428.926391602,-44.4442596436,0.216491699219,-0.0309448242188
428.926391602,-44.4442596436,0.216491699219,-0.0206298828125
428.926391602,-44.4442596436,0.216491699219,-0.0309448242188
428.926391602,-44.4442596436,0.216491699219,-0.0206298828125
428.926391602,-44.4442596436,0.216491699219,-0.0309448242188
428.926391602,-44.4442596436,0.216491699219,-0.0206298828125
428.926391602,-44.4442596436,0.216491699219,-0.0309448242188
-1,-1,0.216491699219,-0.0206298828125
-1,-1,0.216491699219,-0.0309448242188
-1,-1,0.216491699219,-0.0206298828125
-1,-1,0.216491699219,-0.0309448242188
-1,-1,0.216491699219,-0.0206298828125
-1,-1,0.216491699219,-0.0309448242188
405.212738037,-25.8242530823,0.216491699219,-0.0206298828125
405.212738037,-25.8242530823,0.206176757812,-0.0309448242188
405.212738037,-25.8242530823,0.206176757812,-0.0309448242188
405.212738037,-25.8242530823,0.216491699219,-0.0309448242188
405.212738037,-25.8242530823,0.216491699219,-0.0206298828125
405.212738037,-25.8242530823,0.226776123047,-0.0206298828125
405.212738037,-25.8242530823,0.237091064453,-0.0206298828125
405.212738037,-25.8242530823,0.247406005859,0.0
405.212738037,-25.8242530823,0.247406005859,0.0
405.212738037,-25.8242530823,0.257720947266,0.0
464.445953369,-29.4084243774,0.247406005859,0.0
464.445953369,-29.4084243774,0.247406005859,0.0
464.445953369,-29.4084243774,0.257720947266,0.0
464.445953369,-29.4084243774,0.257720947266,0.0
464.445953369,-29.4084243774,0.268035888672,0.0
464.445953369,-29.4084243774,0.268035888672,0.0
464.445953369,-29.4084243774,0.257720947266,0.0
464.445953369,-29.4084243774,0.257720947266,0.0
464.445953369,-29.4084243774,0.268035888672,0.0
464.445953369,-29.4084243774,0.268035888672,0.0
464.445953369,-29.4084243774,0.268035888672,0.0
464.445953369,-29.4084243774,0.268035888672,0.0
464.445953369,-29.4084243774,0.257720947266,0.0
464.445953369,-29.4084243774,0.257720947266,0.0
464.445953369,-29.4084243774,0.268035888672,0.0
464.445953369,-29.4084243774,0.268035888672,0.0
464.445953369,-29.4084243774,0.268035888672,0.0
464.445953369,-29.4084243774,0.268035888672,0.0
464.445953369,-29.4084243774,0.257720947266,0.0
464.445953369,-29.4084243774,0.268035888672,0.0
464.445953369,-29.4084243774,0.268035888672,0.0
494.762268066,-55.2052307129,0.257720947266,0.0
494.762268066,-55.2052307129,0.268035888672,0.0
494.762268066,-55.2052307129,0.257720947266,0.0
494.762268066,-55.2052307129,0.257720947266,0.0
494.762268066,-55.2052307129,0.257720947266,0.0
494.762268066,-55.2052307129,0.257720947266,0.0
494.762268066,-55.2052307129,0.268035888672,0.0
494.762268066,-55.2052307129,0.257720947266,0.0
494.762268066,-55.2052307129,0.257720947266,0.0
494.762268066,-55.2052307129,0.268035888672,0.0
494.762268066,-55.2052307129,0.257720947266,0.0
494.762268066,-55.2052307129,0.257720947266,0.0
494.762268066,-55.2052307129,0.257720947266,0.0
494.762268066,-55.2052307129,0.257720947266,0.0
494.762268066,-55.2052307129,0.268035888672,0.0
494.762268066,-55.2052307129,0.257720947266,0.0
494.762268066,-55.2052307129,0.257720947266,0.0
494.762268066,-55.2052307129,0.268035888672,0.0
494.762268066,-55.2052307129,0.257720947266,0.0
494.762268066,-55.2052307129,0.257720947266,0.0
494.762268066,-55.2052307129,0.268035888672,0.0
494.762268066,-55.2052307129,0.268035888672,0.0
462.091705322,-64.3590164185,0.257720947266,0.0
462.091705322,-64.3590164185,0.257720947266,0.0
462.091705322,-64.3590164185,0.268035888672,0.0
462.091705322,-64.3590164185,0.257720947266,0.0
462.091705322,-64.3590164185,0.268035888672,0.0
462.091705322,-64.3590164185,0.257720947266,0.0
462.091705322,-64.3590164185,0.257720947266,0.0
462.091705322,-64.3590164185,0.268035888672,0.0
462.091705322,-64.3590164185,0.268035888672,0.0
462.091705322,-64.3590164185,0.257720947266,0.0
462.091705322,-64.3590164185,0.268035888672,0.0
462.091705322,-64.3590164185,0.257720947266,0.0
462.091705322,-64.3590164185,0.268035888672,0.0
462.091705322,-64.3590164185,0.257720947266,0.0
462.091705322,-64.3590164185,0.268035888672,0.0
462.091705322,-64.3590164185,0.268035888672,0.0
462.091705322,-64.3590164185,0.257720947266,0.0
462.091705322,-64.3590164185,0.257720947266,0.0
-1,-1,0.268035888672,0.0
-1,-1,0.268035888672,0.0
-1,-1,0.257720947266,0.0
-1,-1,0.268035888672,0.0
-1,-1,0.268035888672,0.0
-1,-1,0.268035888672,0.0
-1,-1,0.268035888672,0.0
-1,-1,0.2783203125,0.0
-1,-1,0.2783203125,0.0
-1,-1,0.288635253906,0.0
-1,-1,0.288635253906,0.0
-1,-1,0.298950195312,0.0
-1,-1,0.309265136719,0.0
489.745422363,-81.6669235229,0.319580078125,0.0
489.745422363,-81.6669235229,0.329895019531,0.0
489.745422363,-81.6669235229,0.340179443359,0.0
489.745422363,-81.6669235229,0.329895019531,0.0
489.745422363,-81.6669235229,0.340179443359,0.0
489.745422363,-81.6669235229,0.350494384766,0.0
489.745422363,-81.6669235229,0.340179443359,0.0
489.745422363,-81.6669235229,0.350494384766,0.0
489.745422363,-81.6669235229,0.340179443359,0.0
535.711120605,-55.7151603699,0.350494384766,0.0
535.711120605,-55.7151603699,0.340179443359,0.0
535.711120605,-55.7151603699,0.350494384766,0.0
535.711120605,-55.7151603699,0.360809326172,0.0
535.711120605,-55.7151603699,0.371124267578,0.0
535.711120605,-55.7151603699,0.381439208984,0.0
535.711120605,-55.7151603699,0.391723632812,0.0
535.711120605,-55.7151603699,0.402038574219,0.0
535.711120605,-55.7151603699,0.453582763672,0.0
535.711120605,-55.7151603699,0.474212646484,0.0
535.711120605,-55.7151603699,0.494842529297,0.0
535.711120605,-55.7151603699,0.505126953125,0.0
535.711120605,-55.7151603699,0.515441894531,0.0
562.066955566,-42.9383163452,0.515441894531,0.0
562.066955566,-42.9383163452,0.515441894531,0.0
562.066955566,-42.9383163452,0.515441894531,0.0
562.066955566,-42.9383163452,0.515441894531,-0.041259765625
562.066955566,-42.9383163452,0.505126953125,-0.123718261719
562.066955566,-42.9383163452,0.505126953125,-0.123718261719
562.066955566,-42.9383163452,0.505126953125,-0.154663085938
562.066955566,-42.9383163452,0.505126953125,-0.195892333984
562.066955566,-42.9383163452,0.505126953125,-0.206207275391
562.066955566,-42.9383163452,0.505126953125,-0.237121582031
562.066955566,-42.9383163452,0.505126953125,-0.26806640625
562.066955566,-42.9383163452,0.505126953125,-0.309295654297
562.066955566,-42.9383163452,0.505126953125,-0.36083984375
-1,-1,0.505126953125,-0.433013916016
-1,-1,0.494842529297,-0.484558105469
-1,-1,0.494842529297,-0.484558105469
-1,-1,0.494842529297,-0.546417236328
-1,-1,0.505126953125,-0.577331542969
-1,-1,0.505126953125,-0.577331542969
-1,-1,0.494842529297,-0.659820556641
-1,-1,0.494842529297,-0.659820556641
-1,-1,0.494842529297,-0.701049804688
-1,-1,0.494842529297,-0.742279052734
-1,-1,0.494842529297,-0.762908935547
-1,-1,0.484527587891,-0.783508300781
-1,-1,0.484527587891,-0.783508300781
-1,-1,0.474212646484,-0.855682373047
-1,-1,0.474212646484,-0.855682373047
-1,-1,0.443298339844,-0.896911621094
-1,-1,0.443298339844,-0.896911621094
-1,-1,0.412353515625,-0.948455810547
-1,-1,0.412353515625,-0.948455810547
-1,-1,0.391723632812,-1.0
-1,-1,0.391723632812,-1.0
-1,-1,0.391723632812,-1.0
-1,-1,0.350494384766,-1.0
-1,-1,0.350494384766,-1.0
-1,-1,0.329895019531,-1.0
-1,-1,0.319580078125,-1.0
-1,-1,0.298950195312,-1.0
-1,-1,0.288635253906,-1.0
-1,-1,0.298950195312,-1.0
-1,-1,0.288635253906,-1.0
-1,-1,0.2783203125,-1.0
-1,-1,0.268035888672,-1.0
-1,-1,0.247406005859,-1.0
-1,-1,0.226776123047,-1.0
-1,-1,0.216491699219,-1.0
-1,-1,0.226776123047,-1.0
-1,-1,0.216491699219,-1.0
-1,-1,0.226776123047,-1.0
-1,-1,0.216491699219,-1.0
-1,-1,0.226776123047,-1.0
-1,-1,0.216491699219,-1.0
-1,-1,0.226776123047,-1.0
-1,-1,0.216491699219,-1.0
-1,-1,0.226776123047,-1.0
-1,-1,0.216491699219,-1.0
625.251037598,-10.179807663,0.226776123047,-1.0
625.251037598,-10.179807663,0.216491699219,-1.0
594.537780762,-60.2013206482,0.226776123047,-1.0
-1,-1,0.237091064453,-1.0
-1,-1,0.247406005859,-1.0
-1,-1,0.257720947266,-1.0
-1,-1,0.268035888672,-1.0
-1,-1,0.2783203125,-1.0
-1,-1,0.288635253906,-1.0
620.047180176,-14.0196628571,0.298950195312,-1.0
628.37298584,8.85987758636,0.309265136719,-1.0
628.37298584,8.85987758636,0.298950195312,-1.0
628.37298584,8.85987758636,0.309265136719,-1.0
628.37298584,8.85987758636,0.298950195312,-1.0
628.37298584,8.85987758636,0.309265136719,-1.0
628.37298584,8.85987758636,0.298950195312,-1.0
603.983276367,-45.2173233032,0.309265136719,-1.0
603.983276367,-45.2173233032,0.298950195312,-1.0
603.983276367,-45.2173233032,0.309265136719,-1.0
603.983276367,-45.2173233032,0.298950195312,-1.0
603.983276367,-45.2173233032,0.309265136719,-1.0
603.983276367,-45.2173233032,0.298950195312,-1.0
603.983276367,-45.2173233032,0.309265136719,-1.0
570.855773926,-55.102935791,0.319580078125,-1.0
570.855773926,-55.102935791,0.329895019531,-1.0
570.855773926,-55.102935791,0.340179443359,-1.0
570.855773926,-55.102935791,0.329895019531,-1.0
593.763183594,-29.1992340088,0.340179443359,-1.0
593.763183594,-29.1992340088,0.329895019531,-1.0
593.763183594,-29.1992340088,0.340179443359,-1.0
593.763183594,-29.1992340088,0.329895019531,-1.0
593.763183594,-29.1992340088,0.340179443359,-1.0
606.43536377,-25.6894664764,0.329895019531,-1.0
606.43536377,-25.6894664764,0.340179443359,-1.0
606.43536377,-25.6894664764,0.329895019531,-1.0
606.43536377,-25.6894664764,0.340179443359,-1.0
606.43536377,-25.6894664764,0.329895019531,-1.0
606.43536377,-25.6894664764,0.340179443359,-1.0
-1,-1,0.329895019531,-1.0
-1,-1,0.340179443359,-1.0
579.192138672,-27.4312324524,0.329895019531,-1.0
579.192138672,-27.4312324524,0.340179443359,-1.0
579.192138672,-27.4312324524,0.329895019531,-1.0
579.192138672,-27.4312324524,0.340179443359,-1.0
565.319274902,-61.642578125,0.329895019531,-1.0
565.319274902,-61.642578125,0.340179443359,-1.0
-1,-1,0.329895019531,-1.0
-1,-1,0.340179443359,-1.0
-1,-1,0.329895019531,-1.0
-1,-1,0.340179443359,-1.0
-1,-1,0.329895019531,-1.0
-1,-1,0.340179443359,-1.0
505.264892578,-46.1753387451,0.329895019531,-1.0
505.264892578,-46.1753387451,0.340179443359,-1.0
459.594512939,-20.1022319794,0.329895019531,-1.0
459.594512939,-20.1022319794,0.340179443359,-1.0
462.641723633,-19.6110935211,0.329895019531,-1.0
462.641723633,-19.6110935211,0.340179443359,-1.0
462.641723633,-19.6110935211,0.329895019531,-1.0
462.641723633,-19.6110935211,0.340179443359,-1.0
535.502197266,-25.8121681213,0.329895019531,-1.0
535.502197266,-25.8121681213,0.340179443359,-1.0
535.502197266,-25.8121681213,0.329895019531,-1.0
535.502197266,-25.8121681213,0.340179443359,-1.0
535.502197266,-25.8121681213,0.329895019531,-1.0
535.502197266,-25.8121681213,0.340179443359,-1.0
535.502197266,-25.8121681213,0.329895019531,-1.0
535.502197266,-25.8121681213,0.340179443359,-1.0
535.502197266,-25.8121681213,0.329895019531,-1.0
535.502197266,-25.8121681213,0.340179443359,-1.0
535.502197266,-25.8121681213,0.350494384766,-1.0
535.502197266,-25.8121681213,0.340179443359,-1.0
535.502197266,-25.8121681213,0.329895019531,-1.0
535.502197266,-25.8121681213,0.340179443359,-1.0
457.983276367,-62.2502861023,0.329895019531,-1.0
457.983276367,-62.2502861023,0.340179443359,-1.0
457.983276367,-62.2502861023,0.329895019531,-1.0
457.983276367,-62.2502861023,0.340179443359,-1.0
442.365844727,-37.9898490906,0.329895019531,-1.0
442.365844727,-37.9898490906,0.340179443359,-1.0
474.290161133,-29.7283325195,0.329895019531,-1.0
474.290161133,-29.7283325195,0.340179443359,-1.0
474.290161133,-29.7283325195,0.329895019531,-1.0
474.290161133,-29.7283325195,0.340179443359,-1.0
474.290161133,-29.7283325195,0.329895019531,-1.0
474.290161133,-29.7283325195,0.340179443359,-1.0
470.729827881,-12.7331762314,0.329895019531,-1.0
470.729827881,-12.7331762314,0.340179443359,-1.0
458.753356934,-0.64389538765,0.329895019531,-1.0
458.753356934,-0.64389538765,0.340179443359,-1.0
407.361755371,-20.703250885,0.329895019531,-1.0
407.361755371,-20.703250885,0.340179443359,-1.0
445.755645752,-33.0638389587,0.350494384766,-1.0
445.755645752,-33.0638389587,0.340179443359,-1.0
389.095001221,14.4647750854,0.329895019531,-1.0
389.095001221,14.4647750854,0.298950195312,-1.0
389.095001221,14.4647750854,0.268035888672,-1.0
389.095001221,14.4647750854,0.257720947266,-1.0
389.095001221,14.4647750854,0.247406005859,-1.0
389.095001221,14.4647750854,0.257720947266,-1.0
389.095001221,14.4647750854,0.247406005859,-1.0
389.095001221,14.4647750854,0.257720947266,-1.0
389.095001221,14.4647750854,0.247406005859,-1.0
386.501495361,15.5883903503,0.257720947266,-1.0
386.501495361,15.5883903503,0.247406005859,-1.0
386.501495361,15.5883903503,0.257720947266,-1.0
386.501495361,15.5883903503,0.247406005859,-1.0
386.501495361,15.5883903503,0.226776123047,-1.0
386.501495361,15.5883903503,0.216491699219,-1.0
386.501495361,15.5883903503,0.195861816406,-1.0
386.501495361,15.5883903503,0.175231933594,-1.0
386.501495361,15.5883903503,0.113372802734,-1.0
386.501495361,15.5883903503,0.103088378906,-1.0
386.501495361,15.5883903503,0.0927734375,-1.0
386.501495361,15.5883903503,0.0412292480469,-1.0
386.501495361,15.5883903503,0.0,-1.0
386.501495361,15.5883903503,0.0,-1.0
386.501495361,15.5883903503,0.0,-1.0
386.501495361,15.5883903503,0.0,-1.0
386.501495361,15.5883903503,0.0,-1.0
386.501495361,15.5883903503,0.0,-1.0
382.298492432,-20.139547348,0.0,-1.0
382.298492432,-20.139547348,0.0,-1.0
391.310089111,-34.4232673645,0.0,-1.0
391.310089111,-34.4232673645,0.0,-1.0
391.310089111,-34.4232673645,0.0,-1.0
391.310089111,-34.4232673645,0.0,-1.0
391.310089111,-34.4232673645,0.0,-1.0
391.310089111,-34.4232673645,0.0,-1.0
384.110687256,-12.0170564651,0.0,-1.0
384.110687256,-12.0170564651,0.0,-1.0
384.110687256,-12.0170564651,0.0,-1.0
384.110687256,-12.0170564651,0.0,-1.0
384.110687256,-12.0170564651,0.0,-1.0
384.110687256,-12.0170564651,0.0,-1.0
384.110687256,-12.0170564651,0.0,-1.0
384.110687256,-12.0170564651,0.0,-1.0
384.110687256,-12.0170564651,0.0,-1.0
384.110687256,-12.0170564651,0.0102844238281,-1.0
384.110687256,-12.0170564651,0.0205993652344,-1.0
384.110687256,-12.0170564651,0.0515441894531,-1.0
345.172668457,6.44390821457,0.0721435546875,-1.0
345.172668457,6.44390821457,0.0824584960938,-1.0
345.172668457,6.44390821457,0.0927734375,-1.0
345.172668457,6.44390821457,0.103088378906,-1.0
345.172668457,6.44390821457,0.0927734375,-1.0
345.172668457,6.44390821457,0.103088378906,-1.0
345.172668457,6.44390821457,0.0927734375,-1.0
345.172668457,6.44390821457,0.103088378906,-1.0
305.304962158,-20.0788974762,0.113372802734,-1.0
305.304962158,-20.0788974762,0.103088378906,-1.0
257.670410156,-6.79296922684,0.113372802734,-1.0
257.670410156,-6.79296922684,0.103088378906,-1.0
257.670410156,-6.79296922684,0.113372802734,-1.0
257.670410156,-6.79296922684,0.103088378906,-1.0
288.604187012,-16.0910415649,0.113372802734,-1.0
288.604187012,-16.0910415649,0.103088378906,-1.0
288.604187012,-16.0910415649,0.113372802734,-1.0
288.604187012,-16.0910415649,0.103088378906,-1.0
288.604187012,-16.0910415649,0.113372802734,-1.0
288.604187012,-16.0910415649,0.103088378906,-1.0
260.172271729,2.94818997383,0.113372802734,-1.0
260.172271729,2.94818997383,0.103088378906,-1.0
260.172271729,2.94818997383,0.113372802734,-1.0
260.172271729,2.94818997383,0.103088378906,-1.0
260.172271729,2.94818997383,0.113372802734,-1.0
260.172271729,2.94818997383,0.103088378906,-1.0
240.86289978,-20.8504924774,0.113372802734,-1.0
240.86289978,-20.8504924774,0.103088378906,-1.0
240.86289978,-20.8504924774,0.113372802734,-1.0
240.86289978,-20.8504924774,0.103088378906,-1.0
240.86289978,-20.8504924774,0.113372802734,-1.0
240.86289978,-20.8504924774,0.103088378906,-1.0
237.93371582,-12.987654686,0.113372802734,-1.0
237.93371582,-12.987654686,0.103088378906,-1.0
237.93371582,-12.987654686,0.113372802734,-1.0
237.93371582,-12.987654686,0.103088378906,-1.0
237.93371582,-12.987654686,0.113372802734,-1.0
237.93371582,-12.987654686,0.103088378906,-1.0
227.125579834,5.71316099167,0.113372802734,-1.0
227.125579834,5.71316099167,0.103088378906,-1.0
227.125579834,5.71316099167,0.113372802734,-1.0
227.125579834,5.71316099167,0.103088378906,-1.0
227.125579834,5.71316099167,0.113372802734,-1.0
227.125579834,5.71316099167,0.103088378906,-1.0
227.125579834,5.71316099167,0.113372802734,-1.0
227.125579834,5.71316099167,0.103088378906,-1.0
214.338623047,9.89706802368,0.113372802734,-1.0
214.338623047,9.89706802368,0.103088378906,-1.0
214.338623047,9.89706802368,0.113372802734,-1.0
214.338623047,9.89706802368,0.103088378906,-1.0
214.338623047,9.89706802368,0.113372802734,-1.0
214.338623047,9.89706802368,0.103088378906,-1.0
237.870666504,20.2093734741,0.113372802734,-1.0
237.870666504,20.2093734741,0.103088378906,-1.0
237.870666504,20.2093734741,0.113372802734,-1.0
237.870666504,20.2093734741,0.103088378906,-1.0
237.870666504,20.2093734741,0.113372802734,-1.0
237.870666504,20.2093734741,0.103088378906,-1.0
256.830841064,-23.5271625519,0.113372802734,-1.0
256.830841064,-23.5271625519,0.103088378906,-1.0
256.830841064,-23.5271625519,0.113372802734,-1.0
256.830841064,-23.5271625519,0.103088378906,-1.0
256.830841064,-23.5271625519,0.113372802734,-1.0
256.830841064,-23.5271625519,0.103088378906,-1.0
256.830841064,-23.5271625519,0.113372802734,-1.0
256.830841064,-23.5271625519,0.103088378906,-1.0
252.144638062,-8.77609539032,0.113372802734,-1.0
252.144638062,-8.77609539032,0.103088378906,-1.0
252.144638062,-8.77609539032,0.113372802734,-1.0
252.144638062,-8.77609539032,0.103088378906,-1.0
226.227523804,-17.2397136688,0.113372802734,-1.0
226.227523804,-17.2397136688,0.103088378906,-1.0
226.227523804,-17.2397136688,0.113372802734,-1.0
226.227523804,-17.2397136688,0.103088378906,-1.0
245.505020142,22.6965618134,0.113372802734,-1.0
245.505020142,22.6965618134,0.103088378906,-1.0
245.505020142,22.6965618134,0.113372802734,-1.0
245.505020142,22.6965618134,0.103088378906,-1.0
245.505020142,22.6965618134,0.113372802734,-1.0
245.505020142,22.6965618134,0.103088378906,-1.0
245.505020142,22.6965618134,0.113372802734,-1.0
245.505020142,22.6965618134,0.103088378906,-1.0
245.505020142,22.6965618134,0.113372802734,-1.0
254.989700317,39.6911468506,0.103088378906,-1.0
254.989700317,39.6911468506,0.113372802734,-1.0
254.989700317,39.6911468506,0.103088378906,-1.0
254.989700317,39.6911468506,0.113372802734,-1.0
254.989700317,39.6911468506,0.103088378906,-1.0
254.989700317,39.6911468506,0.113372802734,-1.0
254.989700317,39.6911468506,0.103088378906,-1.0
254.989700317,39.6911468506,0.113372802734,-1.0
254.989700317,39.6911468506,0.103088378906,-1.0
242.877868652,14.4677829742,0.113372802734,-1.0
242.877868652,14.4677829742,0.103088378906,-1.0
242.877868652,14.4677829742,0.113372802734,-1.0
242.877868652,14.4677829742,0.103088378906,-1.0
248.826202393,27.3179016113,0.113372802734,-1.0
248.826202393,27.3179016113,0.103088378906,-1.0
248.826202393,27.3179016113,0.113372802734,-1.0
248.826202393,27.3179016113,0.103088378906,-1.0
248.826202393,27.3179016113,0.113372802734,-1.0
248.826202393,27.3179016113,0.103088378906,-1.0
296.269195557,52.1839103699,0.113372802734,-1.0
296.269195557,52.1839103699,0.103088378906,-1.0
296.269195557,52.1839103699,0.113372802734,-1.0
296.269195557,52.1839103699,0.103088378906,-1.0
274.167602539,58.5857696533,0.113372802734,-1.0
274.167602539,58.5857696533,0.103088378906,-1.0
274.167602539,58.5857696533,0.0927734375,-1.0
274.167602539,58.5857696533,0.0824584960938,-1.0
274.167602539,58.5857696533,0.0721435546875,-1.0
274.167602539,58.5857696533,0.0515441894531,-1.0
274.167602539,58.5857696533,0.0412292480469,-1.0
294.306762695,64.4570922852,0.0205993652344,-1.0
294.306762695,64.4570922852,0.0,-1.0
294.306762695,64.4570922852,0.0,-1.0
294.306762695,64.4570922852,0.0,-1.0
294.306762695,64.4570922852,0.0,-1.0
294.306762695,64.4570922852,0.0,-1.0
292.521240234,67.4391784668,0.0,-1.0
292.521240234,67.4391784668,0.0,-1.0
292.521240234,67.4391784668,0.0,-1.0
292.521240234,67.4391784668,0.0,-1.0
292.521240234,67.4391784668,0.0,-1.0
292.521240234,67.4391784668,0.0,-1.0
292.521240234,67.4391784668,0.0,-1.0
292.521240234,67.4391784668,0.0,-1.0
292.521240234,67.4391784668,0.0,-1.0
292.521240234,67.4391784668,0.0,-1.0
268.551452637,80.0842590332,0.0,-1.0
268.551452637,80.0842590332,0.0,-1.0
268.551452637,80.0842590332,0.0,-1.0
268.551452637,80.0842590332,0.0,-1.0
268.551452637,80.0842590332,0.0,-1.0
268.551452637,80.0842590332,0.0,-1.0
268.551452637,80.0842590332,0.0,-1.0
268.551452637,80.0842590332,0.0,-1.0
268.551452637,80.0842590332,0.0,-1.0
268.551452637,80.0842590332,-0.0618591308594,-1.0
268.551452637,80.0842590332,-0.0721740722656,-1.0
268.551452637,80.0842590332,-0.0824890136719,-1.0
276.308135986,55.9651603699,-0.0721740722656,-1.0
276.308135986,55.9651603699,-0.0824890136719,-1.0
276.308135986,55.9651603699,-0.0721740722656,-1.0
276.308135986,55.9651603699,-0.0824890136719,-1.0
276.308135986,55.9651603699,-0.0721740722656,-1.0
222.183746338,69.994758606,-0.0824890136719,-1.0
222.183746338,69.994758606,-0.0721740722656,-1.0
222.183746338,69.994758606,-0.0824890136719,-1.0
222.183746338,69.994758606,-0.0721740722656,-1.0
222.183746338,69.994758606,-0.0824890136719,-1.0
214.671813965,92.453956604,-0.0721740722656,-1.0
214.671813965,92.453956604,-0.0824890136719,-1.0
214.671813965,92.453956604,-0.0721740722656,-1.0
214.671813965,92.453956604,-0.0824890136719,-1.0
214.671813965,92.453956604,-0.0928039550781,-1.0
214.671813965,92.453956604,-0.175262451172,-1.0
214.671813965,92.453956604,-0.298980712891,-1.0
210.965301514,88.407371521,-0.391754150391,-1.0
210.965301514,88.407371521,-0.463928222656,-1.0
210.965301514,88.407371521,-0.474243164062,-1.0
210.965301514,88.407371521,-0.505157470703,-1.0
210.965301514,88.407371521,-0.525787353516,-1.0
210.965301514,88.407371521,-0.525787353516,-1.0
210.965301514,88.407371521,-0.618560791016,-1.0
210.965301514,88.407371521,-0.618560791016,-1.0
210.965301514,88.407371521,-0.618560791016,-1.0
210.965301514,88.407371521,-0.618560791016,-1.0
210.965301514,88.407371521,-0.628875732422,-1.0
210.965301514,88.407371521,-0.628875732422,-1.0
210.965301514,88.407371521,-0.628875732422,-1.0
210.965301514,88.407371521,-0.649505615234,-0.969085693359
210.965301514,88.407371521,-0.649505615234,-0.969085693359
210.965301514,88.407371521,-0.649505615234,-0.958770751953
210.965301514,88.407371521,-0.649505615234,-0.948455810547
210.965301514,88.407371521,-0.639190673828,-0.948455810547
210.965301514,88.407371521,-0.649505615234,-0.958770751953
210.965301514,88.407371521,-0.649505615234,-0.958770751953
210.965301514,88.407371521,-0.639190673828,-0.958770751953
210.965301514,88.407371521,-0.649505615234,-0.958770751953
286.359924316,45.5000267029,-0.649505615234,-0.948455810547
286.359924316,45.5000267029,-0.649505615234,-0.938171386719
286.359924316,45.5000267029,-0.659820556641,-0.9072265625
286.359924316,45.5000267029,-0.659820556641,-0.9072265625
286.359924316,45.5000267029,-0.670104980469,-0.886627197266
286.359924316,45.5000267029,-0.670104980469,-0.886627197266
286.359924316,45.5000267029,-0.701049804688,-0.855682373047
286.359924316,45.5000267029,-0.701049804688,-0.855682373047
286.359924316,45.5000267029,-0.711364746094,-0.814453125
286.359924316,45.5000267029,-0.711364746094,-0.814453125
286.359924316,45.5000267029,-0.7216796875,-0.773223876953
286.359924316,45.5000267029,-0.7216796875,-0.773223876953
286.359924316,45.5000267029,-0.742279052734,-0.762908935547
286.359924316,45.5000267029,-0.742279052734,-0.762908935547
286.359924316,45.5000267029,-0.752593994141,-0.742279052734
286.359924316,45.5000267029,-0.752593994141,-0.742279052734
286.359924316,45.5000267029,-0.793823242188,-0.731964111328
286.359924316,45.5000267029,-0.793823242188,-0.731964111328
286.359924316,45.5000267029,-0.804138183594,-0.731964111328
286.359924316,45.5000267029,-0.804138183594,-0.742279052734
262.000183105,35.6192207336,-0.804138183594,-0.762908935547
262.000183105,35.6192207336,-0.804138183594,-0.773223876953
262.000183105,35.6192207336,-0.793823242188,-0.783508300781
262.000183105,35.6192207336,-0.793823242188,-0.783508300781
262.000183105,35.6192207336,-0.752593994141,-0.824768066406
262.000183105,35.6192207336,-0.752593994141,-0.824768066406
262.000183105,35.6192207336,-0.7216796875,-0.886627197266
262.000183105,35.6192207336,-0.7216796875,-0.886627197266
262.000183105,35.6192207336,-0.639190673828,-0.9072265625
262.000183105,35.6192207336,-0.639190673828,-0.9072265625
262.000183105,35.6192207336,-0.536102294922,-0.948455810547
262.000183105,35.6192207336,-0.536102294922,-0.948455810547
262.000183105,35.6192207336,-0.494873046875,-1.0
262.000183105,35.6192207336,-0.494873046875,-1.0
262.000183105,35.6192207336,-0.45361328125,-1.0
262.000183105,35.6192207336,-0.45361328125,-1.0
262.000183105,35.6192207336,-0.412384033203,-1.0
262.000183105,35.6192207336,-0.412384033203,-1.0
262.000183105,35.6192207336,-0.391754150391,-1.0
262.000183105,35.6192207336,-0.391754150391,-1.0
262.000183105,35.6192207336,-0.381469726562,-1.0
262.000183105,35.6192207336,-0.391754150391,-1.0
262.000183105,35.6192207336,-0.381469726562,-1.0
276.43762207,40.4460792542,-0.381469726562,-1.0
276.43762207,40.4460792542,-0.36083984375,-1.0
276.43762207,40.4460792542,-0.26806640625,-1.0
276.43762207,40.4460792542,-0.175262451172,-1.0
276.43762207,40.4460792542,-0.113403320312,-1.0
276.43762207,40.4460792542,-0.0618591308594,-1.0
276.43762207,40.4460792542,-0.0515747070312,-1.0
276.43762207,40.4460792542,-0.0618591308594,-1.0
276.43762207,40.4460792542,-0.0515747070312,-1.0
276.43762207,40.4460792542,-0.0618591308594,-1.0
270.779418945,45.6189231873,-0.0824890136719,-1.0
270.779418945,45.6189231873,-0.113403320312,-1.0
270.779418945,45.6189231873,-0.164978027344,-1.0
270.779418945,45.6189231873,-0.195892333984,-1.0
270.779418945,45.6189231873,-0.257751464844,-1.0
270.779418945,45.6189231873,-0.288665771484,-1.0
270.779418945,45.6189231873,-0.298980712891,-1.0
270.779418945,45.6189231873,-0.319610595703,-1.0
270.779418945,45.6189231873,-0.329925537109,-1.0
270.779418945,45.6189231873,-0.319610595703,-1.0
270.779418945,45.6189231873,-0.329925537109,-1.0
299.38168335,69.4850006104,-0.340209960938,-1.0
299.38168335,69.4850006104,-0.350524902344,-1.0
299.38168335,69.4850006104,-0.36083984375,-1.0
299.38168335,69.4850006104,-0.350524902344,-1.0
306.688751221,52.7555961609,-0.36083984375,-1.0
306.688751221,52.7555961609,-0.350524902344,-1.0
306.688751221,52.7555961609,-0.36083984375,-1.0
306.688751221,52.7555961609,-0.371154785156,-1.0
306.688751221,52.7555961609,-0.381469726562,-1.0
306.688751221,52.7555961609,-0.391754150391,-1.0
306.688751221,52.7555961609,-0.381469726562,-1.0
306.688751221,52.7555961609,-0.391754150391,-1.0
-1,-1,-0.412384033203,-1.0
-1,-1,-0.443328857422,-1.0
-1,-1,-0.463928222656,-1.0
-1,-1,-0.494873046875,-1.0
-1,-1,-0.505157470703,-1.0
-1,-1,-0.515472412109,-1.0
-1,-1,-0.505157470703,-1.0
364.225219727,42.8511543274,-0.515472412109,-1.0
364.225219727,42.8511543274,-0.505157470703,-1.0
364.225219727,42.8511543274,-0.515472412109,-1.0
364.225219727,42.8511543274,-0.505157470703,-1.0
364.225219727,42.8511543274,-0.515472412109,-1.0
-1,-1,-0.505157470703,-1.0
-1,-1,-0.515472412109,-1.0
361.987731934,72.6287307739,-0.505157470703,-1.0
361.987731934,72.6287307739,-0.515472412109,-1.0
361.987731934,72.6287307739,-0.505157470703,-1.0
361.987731934,72.6287307739,-0.515472412109,-1.0
361.987731934,72.6287307739,-0.505157470703,-1.0
361.987731934,72.6287307739,-0.515472412109,-1.0
361.987731934,72.6287307739,-0.525787353516,-1.0
361.987731934,72.6287307739,-0.556701660156,-1.0
361.987731934,72.6287307739,-0.608276367188,-1.0
396.470794678,84.1239089966,-0.618560791016,-1.0
363.771850586,44.1230049133,-0.628875732422,-1.0
363.771850586,44.1230049133,-0.649505615234,-1.0
363.771850586,44.1230049133,-0.690734863281,-1.0
363.771850586,44.1230049133,-0.7216796875,-1.0
363.771850586,44.1230049133,-0.742279052734,-1.0
363.771850586,44.1230049133,-0.804138183594,-1.0
363.771850586,44.1230049133,-0.835052490234,-1.0
386.968444824,80.7516326904,-0.855682373047,-1.0
386.968444824,80.7516326904,-0.876312255859,-1.0
386.968444824,80.7516326904,-0.886627197266,-1.0
386.968444824,80.7516326904,-0.876312255859,-1.0
364.553833008,97.2882232666,-0.886627197266,-1.0
364.553833008,97.2882232666,-0.876312255859,-1.0
364.553833008,97.2882232666,-0.865997314453,-1.0
364.553833008,97.2882232666,-0.876312255859,-1.0
403.644836426,110.070999146,-0.886627197266,-1.0
403.644836426,110.070999146,-0.876312255859,-1.0
403.644836426,110.070999146,-0.886627197266,-1.0
396.376495361,96.3575592041,-0.876312255859,-1.0
396.376495361,96.3575592041,-0.886627197266,-1.0
396.376495361,96.3575592041,-0.876312255859,-1.0
396.376495361,96.3575592041,-0.886627197266,-1.0
396.376495361,96.3575592041,-0.876312255859,-1.0
396.376495361,96.3575592041,-0.886627197266,-1.0
396.376495361,96.3575592041,-0.876312255859,-1.0
396.376495361,96.3575592041,-0.886627197266,-1.0
423.275115967,86.8344573975,-0.876312255859,-1.0
423.275115967,86.8344573975,-0.886627197266,-1.0
423.275115967,86.8344573975,-0.876312255859,-1.0
423.275115967,86.8344573975,-0.886627197266,-1.0
-1,-1,-0.865997314453,-1.0
-1,-1,-0.824768066406,-1.0
-1,-1,-0.752593994141,-1.0
-1,-1,-0.742279052734,-1.0
-1,-1,-0.711364746094,-1.0
-1,-1,-0.701049804688,-1.0
-1,-1,-0.711364746094,-1.0
-1,-1,-0.701049804688,-1.0
-1,-1,-0.711364746094,-1.0
-1,-1,-0.701049804688,-1.0
-1,-1,-0.711364746094,-1.0
-1,-1,-0.701049804688,-1.0
-1,-1,-0.711364746094,-1.0
-1,-1,-0.701049804688,-1.0
-1,-1,-0.711364746094,-1.0
-1,-1,-0.701049804688,-1.0
-1,-1,-0.690734863281,-1.0
-1,-1,-0.659820556641,-1.0
-1,-1,-0.649505615234,-1.0
-1,-1,-0.618560791016,-1.0
-1,-1,-0.597961425781,-1.0
-1,-1,-0.618560791016,-1.0
-1,-1,-0.608276367188,-1.0
-1,-1,-0.618560791016,-1.0
-1,-1,-0.608276367188,-1.0
-1,-1,-0.597961425781,-1.0
-1,-1,-0.587646484375,-1.0
-1,-1,-0.597961425781,-1.0
-1,-1,-0.587646484375,-1.0
-1,-1,-0.577331542969,-1.0
-1,-1,-0.546417236328,-1.0
-1,-1,-0.536102294922,-1.0
-1,-1,-0.525787353516,-1.0
503.476654053,16.8534526825,-0.515472412109,-1.0
503.476654053,16.8534526825,-0.525787353516,-1.0
499.67489624,8.93283176422,-0.505157470703,-1.0
499.67489624,8.93283176422,-0.494873046875,-1.0
499.67489624,8.93283176422,-0.463928222656,-1.0
499.67489624,8.93283176422,-0.45361328125,-1.0
499.67489624,8.93283176422,-0.443328857422,-1.0
513.23626709,-23.257396698,-0.391754150391,-1.0
513.23626709,-23.257396698,-0.381469726562,-1.0
470.683898926,27.0670642853,-0.371154785156,-1.0
470.683898926,27.0670642853,-0.381469726562,-1.0
470.683898926,27.0670642853,-0.371154785156,-1.0
472.021514893,0.574428617954,-0.36083984375,-1.0
472.021514893,0.574428617954,-0.371154785156,-1.0
497.21774292,-7.61533689499,-0.36083984375,-1.0
497.21774292,-7.61533689499,-0.371154785156,-1.0
497.21774292,-7.61533689499,-0.36083984375,-1.0
497.21774292,-7.61533689499,-0.371154785156,-1.0
497.21774292,-7.61533689499,-0.36083984375,-1.0
497.21774292,-7.61533689499,-0.371154785156,-1.0
487.471160889,-34.3030433655,-0.36083984375,-1.0
487.471160889,-34.3030433655,-0.371154785156,-1.0
487.471160889,-34.3030433655,-0.36083984375,-1.0
487.471160889,-34.3030433655,-0.371154785156,-1.0
487.471160889,-34.3030433655,-0.36083984375,-1.0
487.471160889,-34.3030433655,-0.350524902344,-1.0
487.471160889,-34.3030433655,-0.36083984375,-1.0
501.558074951,-25.3145885468,-0.350524902344,-1.0
501.558074951,-25.3145885468,-0.340209960938,-1.0
501.558074951,-25.3145885468,-0.329925537109,-1.0
501.558074951,-25.3145885468,-0.319610595703,-1.0
501.558074951,-25.3145885468,-0.288665771484,-1.0
501.558074951,-25.3145885468,-0.26806640625,-1.0
501.558074951,-25.3145885468,-0.257751464844,-1.0
501.558074951,-25.3145885468,-0.226806640625,-1.0
501.558074951,-25.3145885468,-0.185577392578,-1.0
501.558074951,-25.3145885468,-0.175262451172,-1.0
501.558074951,-25.3145885468,-0.164978027344,-1.0
501.558074951,-25.3145885468,-0.154663085938,-1.0
501.558074951,-25.3145885468,-0.113403320312,-1.0
-1,-1,-0.0824890136719,-1.0
-1,-1,-0.0618591308594,-1.0
-1,-1,-0.0515747070312,-1.0
-1,-1,-0.0206298828125,-1.0
-1,-1,-0.0103149414062,-1.0
-1,-1,0.0,-1.0
-1,-1,0.0,-1.0
-1,-1,0.0,-1.0
-1,-1,0.0,-1.0
-1,-1,0.0,-1.0
-1,-1,0.0,-1.0
-1,-1,0.0,-1.0
-1,-1,0.0,-1.0
496.146057129,0.164273992181,0.0,-1.0
496.146057129,0.164273992181,0.0,-1.0
496.146057129,0.164273992181,0.0,-1.0
496.146057129,0.164273992181,0.0,-1.0
496.146057129,0.164273992181,0.0,-1.0
-1,-1,0.0,-1.0
-1,-1,0.0,-1.0
-1,-1,0.0,-1.0
-1,-1,0.0,-1.0
-1,-1,0.0,-1.0
-1,-1,0.0,-1.0
-1,-1,0.0,-1.0
-1,-1,0.0,-1.0
-1,-1,0.0,-1.0
-1,-1,0.0,-1.0
-1,-1,0.0,-1.0
-1,-1,0.0,-1.0
-1,-1,0.0,-1.0
-1,-1,0.0,-1.0
-1,-1,0.0,-1.0
-1,-1,0.0,-1.0
-1,-1,0.0,-1.0
-1,-1,0.0,-1.0
-1,-1,0.0,-1.0
-1,-1,0.0,-1.0
-1,-1,0.0,-1.0
-1,-1,0.0,-1.0
-1,-1,0.0,-1.0
-1,-1,0.0,-1.0
-1,-1,0.0,-1.0
-1,-1,0.0,-1.0
-1,-1,0.0,-1.0
-1,-1,0.0,-1.0
-1,-1,0.0,-1.0
-1,-1,0.0,-1.0
-1,-1,-0.0103149414062,-1.0
-1,-1,-0.0206298828125,-1.0
450.26651001,-10.1945905685,-0.0309448242188,-1.0
450.26651001,-10.1945905685,-0.0515747070312,-1.0
450.26651001,-10.1945905685,-0.0618591308594,-1.0
450.26651001,-10.1945905685,-0.0515747070312,-1.0
450.26651001,-10.1945905685,-0.0721740722656,-1.0
450.26651001,-10.1945905685,-0.0824890136719,-1.0
450.26651001,-10.1945905685,-0.113403320312,-1.0
450.26651001,-10.1945905685,-0.123718261719,-1.0
450.063354492,1.28717329062e-05,-0.134033203125,-1.0
450.063354492,1.28717329062e-05,-0.144348144531,-1.0
450.063354492,1.28717329062e-05,-0.154663085938,-1.0
450.063354492,1.28717329062e-05,-0.164978027344,-1.0
450.063354492,1.28717329062e-05,-0.154663085938,-1.0
450.063354492,1.28717329062e-05,-0.164978027344,-1.0
497.215393066,3.80753731728,-0.175262451172,-1.0
497.215393066,3.80753731728,-0.164978027344,-1.0
386.379638672,-21.917678833,-0.154663085938,-1.0
452.568695068,14.1898202896,-0.144348144531,-1.0
452.568695068,14.1898202896,-0.123718261719,-1.0
452.568695068,14.1898202896,-0.113403320312,-1.0
452.568695068,14.1898202896,-0.103118896484,-1.0
464.429962158,14.695224762,-0.113403320312,-1.0
464.429962158,14.695224762,-0.103118896484,-1.0
464.429962158,14.695224762,-0.113403320312,-1.0
464.429962158,14.695224762,-0.103118896484,-1.0
464.429962158,14.695224762,-0.113403320312,-1.0
464.429962158,14.695224762,-0.0928039550781,-1.0
464.429962158,14.695224762,-0.0721740722656,-1.0
464.429962158,14.695224762,-0.0515747070312,-1.0
464.429962158,14.695224762,-0.0618591308594,-1.0
464.429962158,14.695224762,-0.0515747070312,-1.0
437.127532959,41.9974403381,-0.041259765625,-1.0
437.127532959,41.9974403381,-0.0309448242188,-1.0
437.127532959,41.9974403381,-0.0206298828125,-1.0
437.127532959,41.9974403381,-0.0309448242188,-1.0
437.127532959,41.9974403381,-0.0206298828125,-1.0
437.127532959,41.9974403381,-0.0309448242188,-1.0
437.127532959,41.9974403381,-0.0206298828125,-1.0
437.127532959,41.9974403381,-0.0309448242188,-1.0
437.127532959,41.9974403381,-0.0206298828125,-1.0
440.496826172,6.10320520401,-0.0309448242188,-1.0
440.496826172,6.10320520401,-0.0515747070312,-1.0
440.496826172,6.10320520401,-0.0721740722656,-1.0
450.064300537,9.03927898407,-0.0928039550781,-1.0
450.064300537,9.03927898407,-0.144348144531,-1.0
450.064300537,9.03927898407,-0.164978027344,-1.0
450.064300537,9.03927898407,-0.195892333984,-1.0
450.064300537,9.03927898407,-0.216522216797,-1.0
450.064300537,9.03927898407,-0.257751464844,-1.0
450.064300537,9.03927898407,-0.288665771484,-1.0
450.064300537,9.03927898407,-0.319610595703,-1.0
450.064300537,9.03927898407,-0.350524902344,-1.0
450.064300537,9.03927898407,-0.371154785156,-1.0
450.064300537,9.03927898407,-0.381469726562,-1.0
450.064300537,9.03927898407,-0.371154785156,-1.0
450.064300537,9.03927898407,-0.381469726562,-1.0
356.602020264,-6.96224742569e-06,-0.371154785156,-1.0
356.602020264,-6.96224742569e-06,-0.381469726562,-1.0
356.602020264,-6.96224742569e-06,-0.371154785156,-1.0
356.602020264,-6.96224742569e-06,-0.381469726562,-1.0
356.602020264,-6.96224742569e-06,-0.371154785156,-1.0
356.602020264,-6.96224742569e-06,-0.381469726562,-1.0
356.602020264,-6.96224742569e-06,-0.371154785156,-1.0
356.602020264,-6.96224742569e-06,-0.381469726562,-1.0
418.21182251,-27.9465618134,-0.371154785156,-1.0
418.21182251,-27.9465618134,-0.381469726562,-1.0
418.21182251,-27.9465618134,-0.371154785156,-1.0
418.21182251,-27.9465618134,-0.381469726562,-1.0
418.21182251,-27.9465618134,-0.371154785156,-1.0
418.21182251,-27.9465618134,-0.381469726562,-1.0
418.21182251,-27.9465618134,-0.371154785156,-1.0
418.21182251,-27.9465618134,-0.381469726562,-1.0
413.845092773,20.8518943787,-0.371154785156,-1.0
413.845092773,20.8518943787,-0.36083984375,-1.0
413.845092773,20.8518943787,-0.350524902344,-1.0
413.845092773,20.8518943787,-0.329925537109,-1.0
413.845092773,20.8518943787,-0.278350830078,-1.0
413.845092773,20.8518943787,-0.257751464844,-1.0
413.845092773,20.8518943787,-0.226806640625,-1.0
413.845092773,20.8518943787,-0.185577392578,-1.0
413.845092773,20.8518943787,-0.175262451172,-1.0
413.845092773,20.8518943787,-0.185577392578,-1.0
413.845092773,20.8518943787,-0.175262451172,-1.0
406.188690186,17.1701107025,-0.185577392578,-1.0
406.188690186,17.1701107025,-0.175262451172,-1.0
406.188690186,17.1701107025,-0.185577392578,-1.0
406.188690186,17.1701107025,-0.175262451172,-1.0
406.188690186,17.1701107025,-0.185577392578,-1.0
416.029693604,17.4161682129,-0.175262451172,-1.0
416.029693604,17.4161682129,-0.185577392578,-1.0
416.029693604,17.4161682129,-0.175262451172,-1.0
416.029693604,17.4161682129,-0.185577392578,-1.0
416.029693604,17.4161682129,-0.175262451172,-1.0
416.029693604,17.4161682129,-0.185577392578,-1.0
343.291473389,-8.03868675232,-0.175262451172,-1.0
343.291473389,-8.03868675232,-0.185577392578,-1.0
343.291473389,-8.03868675232,-0.175262451172,-1.0
343.291473389,-8.03868675232,-0.185577392578,-1.0
343.291473389,-8.03868675232,-0.175262451172,-1.0
343.291473389,-8.03868675232,-0.185577392578,-1.0
343.291473389,-8.03868675232,-0.175262451172,-1.0
343.291473389,-8.03868675232,-0.185577392578,-1.0
387.171600342,0.474802434444,-0.175262451172,-1.0
387.171600342,0.474802434444,-0.185577392578,-1.0
387.171600342,0.474802434444,-0.175262451172,-1.0
387.171600342,0.474802434444,-0.185577392578,-1.0
387.171600342,0.474802434444,-0.175262451172,-1.0
387.171600342,0.474802434444,-0.185577392578,-1.0
384.358734131,3.36273598671,-0.175262451172,-1.0
384.358734131,3.36273598671,-0.185577392578,-1.0
384.358734131,3.36273598671,-0.175262451172,-1.0
384.358734131,3.36273598671,-0.185577392578,-1.0
384.358734131,3.36273598671,-0.175262451172,-1.0
384.358734131,3.36273598671,-0.185577392578,-1.0
343.365600586,12.2234954834,-0.175262451172,-1.0
343.365600586,12.2234954834,-0.185577392578,-1.0
343.365600586,12.2234954834,-0.175262451172,-1.0
343.365600586,12.2234954834,-0.185577392578,-1.0
343.365600586,12.2234954834,-0.175262451172,-1.0
343.365600586,12.2234954834,-0.185577392578,-1.0
361.750976562,36.9817428589,-0.175262451172,-1.0
361.750976562,36.9817428589,-0.185577392578,-1.0
361.750976562,36.9817428589,-0.175262451172,-1.0
361.750976562,36.9817428589,-0.185577392578,-1.0
361.750976562,36.9817428589,-0.175262451172,-1.0
361.750976562,36.9817428589,-0.185577392578,-1.0
361.750976562,36.9817428589,-0.195892333984,-1.0
361.750976562,36.9817428589,-0.206207275391,-1.0
361.750976562,36.9817428589,-0.195892333984,-1.0
328.405334473,30.0929603577,-0.206207275391,-1.0
328.405334473,30.0929603577,-0.216522216797,-1.0
328.405334473,30.0929603577,-0.257751464844,-1.0
328.405334473,30.0929603577,-0.26806640625,-1.0
328.405334473,30.0929603577,-0.288665771484,-1.0
328.405334473,30.0929603577,-0.350524902344,-1.0
328.405334473,30.0929603577,-0.381469726562,-1.0
328.405334473,30.0929603577,-0.391754150391,-1.0
328.405334473,30.0929603577,-0.402069091797,-1.0
328.405334473,30.0929603577,-0.391754150391,-1.0
328.405334473,30.0929603577,-0.381469726562,-1.0
328.405334473,30.0929603577,-0.391754150391,-1.0
309.858032227,7.39845609665,-0.412384033203,-1.0
309.858032227,7.39845609665,-0.422698974609,-1.0
309.858032227,7.39845609665,-0.443328857422,-1.0
309.858032227,7.39845609665,-0.45361328125,-1.0
309.858032227,7.39845609665,-0.463928222656,-1.0
310.230987549,51.3843345642,-0.45361328125,-1.0
310.230987549,51.3843345642,-0.463928222656,-1.0
310.230987549,51.3843345642,-0.45361328125,-1.0
313.858581543,45.2936592102,-0.463928222656,-1.0
313.858581543,45.2936592102,-0.45361328125,-1.0
313.858581543,45.2936592102,-0.463928222656,-1.0
313.858581543,45.2936592102,-0.45361328125,-1.0
313.858581543,45.2936592102,-0.463928222656,-1.0
313.858581543,45.2936592102,-0.45361328125,-1.0
313.858581543,45.2936592102,-0.463928222656,-1.0
321.310974121,51.8870010376,-0.45361328125,-1.0
321.310974121,51.8870010376,-0.463928222656,-1.0
321.310974121,51.8870010376,-0.45361328125,-1.0
321.310974121,51.8870010376,-0.463928222656,-1.0
321.310974121,51.8870010376,-0.474243164062,-1.0
321.310974121,51.8870010376,-0.463928222656,-1.0
321.310974121,51.8870010376,-0.474243164062,-1.0
321.310974121,51.8870010376,-0.494873046875,-1.0
321.310974121,51.8870010376,-0.505157470703,-1.0
311.898834229,57.7658691406,-0.515472412109,-1.0
311.898834229,57.7658691406,-0.505157470703,-1.0
311.898834229,57.7658691406,-0.515472412109,-1.0
311.898834229,57.7658691406,-0.525787353516,-1.0
311.898834229,57.7658691406,-0.536102294922,-1.0
311.898834229,57.7658691406,-0.567016601562,-1.0
311.898834229,57.7658691406,-0.587646484375,-1.0
311.898834229,57.7658691406,-0.608276367188,-1.0
311.898834229,57.7658691406,-0.618560791016,-1.0
311.898834229,57.7658691406,-0.608276367188,-1.0
311.898834229,57.7658691406,-0.618560791016,-1.0
311.898834229,57.7658691406,-0.608276367188,-1.0
311.898834229,57.7658691406,-0.618560791016,-1.0
277.973876953,45.0493736267,-0.608276367188,-1.0
277.973876953,45.0493736267,-0.618560791016,-1.0
277.973876953,45.0493736267,-0.608276367188,-1.0
277.973876953,45.0493736267,-0.618560791016,-1.0
277.973876953,45.0493736267,-0.608276367188,-1.0
279.711914062,21.9166069031,-0.597961425781,-1.0
279.711914062,21.9166069031,-0.608276367188,-1.0
279.711914062,21.9166069031,-0.618560791016,-1.0
279.711914062,21.9166069031,-0.608276367188,-1.0
279.711914062,21.9166069031,-0.618560791016,-1.0
253.441101074,36.6831207275,-0.608276367188,-1.0
253.441101074,36.6831207275,-0.618560791016,-1.0
253.441101074,36.6831207275,-0.608276367188,-1.0
253.441101074,36.6831207275,-0.618560791016,-1.0
253.441101074,36.6831207275,-0.608276367188,-1.0
253.441101074,36.6831207275,-0.618560791016,-1.0
253.441101074,36.6831207275,-0.608276367188,-1.0
253.441101074,36.6831207275,-0.628875732422,-1.0
253.441101074,36.6831207275,-0.701049804688,-1.0
253.441101074,36.6831207275,-0.7216796875,-1.0
253.441101074,36.6831207275,-0.731964111328,-1.0
253.441101074,36.6831207275,-0.742279052734,-1.0
248.872436523,41.3320121765,-0.762908935547,-1.0
248.872436523,41.3320121765,-0.783508300781,-1.0
248.872436523,41.3320121765,-0.804138183594,-1.0
248.872436523,41.3320121765,-0.814453125,-1.0
248.872436523,41.3320121765,-0.896911621094,-1.0
248.872436523,41.3320121765,-0.979400634766,-1.0
248.872436523,41.3320121765,-1.0,-1.0
248.872436523,41.3320121765,-1.0,-1.0
248.872436523,41.3320121765,-1.0,-1.0
248.872436523,41.3320121765,-1.0,-1.0
248.872436523,41.3320121765,-1.0,-1.0
-1,-1,-1.0,-1.0
-1,-1,-1.0,-1.0
268.230926514,16.3518695831,-1.0,-1.0
268.230926514,16.3518695831,-1.0,-1.0
268.230926514,16.3518695831,-1.0,-1.0
268.230926514,16.3518695831,-1.0,-1.0
268.230926514,16.3518695831,-0.979400634766,-1.0
268.230926514,16.3518695831,-0.948455810547,-1.0
268.230926514,16.3518695831,-0.9072265625,-1.0
268.230926514,16.3518695831,-0.876312255859,-1.0
268.230926514,16.3518695831,-0.855682373047,-1.0
268.230926514,16.3518695831,-0.845367431641,-1.0
-1,-1,-0.855682373047,-1.0
-1,-1,-0.845367431641,-1.0
-1,-1,-0.855682373047,-1.0
-1,-1,-0.845367431641,-1.0
-1,-1,-0.835052490234,-1.0
-1,-1,-0.814453125,-1.0
-1,-1,-0.804138183594,-1.0
-1,-1,-0.773223876953,-1.0
-1,-1,-0.752593994141,-1.0
-1,-1,-0.762908935547,-1.0
-1,-1,-0.752593994141,-1.0
-1,-1,-0.762908935547,-1.0
-1,-1,-0.773223876953,-1.0
-1,-1,-0.762908935547,-1.0
-1,-1,-0.773223876953,-1.0
-1,-1,-0.762908935547,-1.0
-1,-1,-0.773223876953,-1.0
-1,-1,-0.762908935547,-1.0
-1,-1,-0.773223876953,-1.0
-1,-1,-0.793823242188,-1.0
-1,-1,-0.804138183594,-1.0
-1,-1,-0.793823242188,-1.0
-1,-1,-0.804138183594,-1.0
-1,-1,-0.814453125,-1.0
-1,-1,-0.804138183594,-1.0
-1,-1,-0.814453125,-1.0
-1,-1,-0.804138183594,-1.0
309.813354492,-23.5142936707,-0.814453125,-1.0
309.813354492,-23.5142936707,-0.804138183594,-1.0
309.813354492,-23.5142936707,-0.814453125,-1.0
309.813354492,-23.5142936707,-0.824768066406,-1.0
309.813354492,-23.5142936707,-0.814453125,-1.0
294.52545166,-8.68966960907,-0.824768066406,-1.0
294.52545166,-8.68966960907,-0.814453125,-1.0
294.52545166,-8.68966960907,-0.824768066406,-1.0
294.52545166,-8.68966960907,-0.814453125,-1.0
271.56060791,2.9819252491,-0.824768066406,-1.0
271.56060791,2.9819252491,-0.814453125,-1.0
281.496520996,1.25625301735e-05,-0.804138183594,-1.0
281.496520996,1.25625301735e-05,-0.814453125,-1.0
281.496520996,1.25625301735e-05,-0.824768066406,-1.0
281.496520996,1.25625301735e-05,-0.814453125,-1.0
281.496520996,1.25625301735e-05,-0.824768066406,-1.0
281.496520996,1.25625301735e-05,-0.814453125,-1.0
-1,-1,-0.824768066406,-1.0
-1,-1,-0.814453125,-1.0
-1,-1,-0.824768066406,-1.0
-1,-1,-0.814453125,-1.0
-1,-1,-0.824768066406,-1.0
-1,-1,-0.814453125,-1.0
275.266601562,-28.6403961182,-0.824768066406,-1.0
275.266601562,-28.6403961182,-0.814453125,-1.0
275.266601562,-28.6403961182,-0.804138183594,-1.0
275.266601562,-28.6403961182,-0.783508300781,-1.0
275.266601562,-28.6403961182,-0.742279052734,-1.0
275.266601562,-28.6403961182,-0.731964111328,-1.0
275.266601562,-28.6403961182,-0.7216796875,-1.0
275.266601562,-28.6403961182,-0.711364746094,-1.0
275.266601562,-28.6403961182,-0.701049804688,-1.0
249.522079468,7.8207821846,-0.711364746094,-1.0
249.522079468,7.8207821846,-0.690734863281,-1.0
249.522079468,7.8207821846,-0.649505615234,-1.0
249.522079468,7.8207821846,-0.618560791016,-1.0
249.522079468,7.8207821846,-0.597961425781,-1.0
249.522079468,7.8207821846,-0.587646484375,-1.0
249.522079468,7.8207821846,-0.567016601562,-1.0
249.522079468,7.8207821846,-0.556701660156,-1.0
249.522079468,7.8207821846,-0.567016601562,-1.0
249.522079468,7.8207821846,-0.577331542969,-1.0
293.3046875,-5.72204589844e-06,-0.567016601562,-1.0
293.3046875,-5.72204589844e-06,-0.556701660156,-1.0
293.3046875,-5.72204589844e-06,-0.546417236328,-1.0
293.3046875,-5.72204589844e-06,-0.536102294922,-1.0
293.3046875,-5.72204589844e-06,-0.546417236328,-1.0
293.3046875,-5.72204589844e-06,-0.536102294922,-1.0
293.3046875,-5.72204589844e-06,-0.525787353516,-1.0
293.3046875,-5.72204589844e-06,-0.515472412109,-1.0
293.3046875,-5.72204589844e-06,-0.525787353516,-1.0
-1,-1,-0.515472412109,-1.0
-1,-1,-0.505157470703,-1.0
-1,-1,-0.515472412109,-1.0
-1,-1,-0.505157470703,-1.0
-1,-1,-0.515472412109,-1.0
-1,-1,-0.505157470703,-1.0
-1,-1,-0.515472412109,-1.0
-1,-1,-0.505157470703,-1.0
286.244018555,-39.433265686,-0.515472412109,-1.0
286.244018555,-39.433265686,-0.505157470703,-1.0
286.244018555,-39.433265686,-0.494873046875,-1.0
-1,-1,-0.505157470703,-1.0
-1,-1,-0.494873046875,-1.0
-1,-1,-0.474243164062,-1.0
-1,-1,-0.463928222656,-1.0
-1,-1,-0.45361328125,-1.0
-1,-1,-0.443328857422,-1.0
-1,-1,-0.412384033203,-1.0
-1,-1,-0.381469726562,-1.0
-1,-1,-0.36083984375,-1.0
-1,-1,-0.350524902344,-1.0
-1,-1,-0.319610595703,-1.0
-1,-1,-0.309295654297,-1.0
-1,-1,-0.288665771484,-1.0
-1,-1,-0.298980712891,-1.0
-1,-1,-0.288665771484,-1.0
-1,-1,-0.298980712891,-1.0
-1,-1,-0.288665771484,-1.0
-1,-1,-0.154663085938,-1.0
-1,-1,-0.0103149414062,-1.0
-1,-1,0.0,-1.0
-1,-1,0.0,-1.0
-1,-1,0.0,-0.865997314453
-1,-1,0.0,-0.762908935547
-1,-1,0.0,-0.7216796875
-1,-1,0.0,-0.608276367188
-1,-1,0.0,-0.350524902344
