524.213195801,19.6106300354,0.0,-0.0103149414062
524.213195801,19.6106300354,0.0,-0.0103149414062
524.213195801,19.6106300354,0.0,-0.0103149414062
524.213195801,19.6106300354,0.0,-0.0206298828125
524.213195801,19.6106300354,0.0,-0.0309448242188
513.23034668,21.3176574707,0.0,-0.041259765625
513.23034668,21.3176574707,0.0,-0.0515747070312
513.23034668,21.3176574707,0.0,-0.0721740722656
513.23034668,21.3176574707,0.0,-0.0928039550781
513.23034668,21.3176574707,0.0,-0.113403320312
513.23034668,21.3176574707,0.0,-0.144348144531
513.23034668,21.3176574707,0.0,-0.154663085938
513.23034668,21.3176574707,0.0,-0.164978027344
513.23034668,21.3176574707,0.0,-0.154663085938
518.660522461,-5.84620475769,0.0,-0.164978027344
518.660522461,-5.84620475769,0.0,-0.154663085938
518.660522461,-5.84620475769,0.0,-0.164978027344
518.660522461,-5.84620475769,0.0,-0.154663085938
518.660522461,-5.84620475769,0.0,-0.164978027344
518.660522461,-5.84620475769,0.0,-0.154663085938
518.660522461,-5.84620475769,0.0,-0.164978027344
518.660522461,-5.84620475769,0.0,-0.154663085938
518.660522461,-5.84620475769,0.0,-0.164978027344
518.660522461,-5.84620475769,0.0,-0.154663085938
505.225280762,38.456653595,0.0,-0.164978027344
505.225280762,38.456653595,0.0,-0.154663085938
505.225280762,38.456653595,0.0,-0.164978027344
505.225280762,38.456653595,0.0,-0.154663085938
510.550292969,28.994342804,0.0,-0.164978027344
510.550292969,28.994342804,0.0,-0.154663085938
510.550292969,28.9943161011,0.0,-0.164978027344
510.550292969,28.9943161011,0.0,-0.154663085938
510.550292969,28.9943161011,0.0,-0.164978027344
510.550292969,28.9943161011,0.0,-0.154663085938
510.550292969,28.9943161011,0.0,-0.164978027344
510.550292969,28.9943161011,0.0,-0.154663085938
486.874816895,-13.1783638,0.0,-0.164978027344
510.550323486,28.9943313599,0.0,-0.154663085938
510.550323486,28.9943313599,0.0,-0.164978027344
510.550323486,28.9943313599,0.0,-0.154663085938
510.550323486,28.9943313599,0.0,-0.164978027344
510.550323486,28.9943313599,0.0,-0.154663085938
489.432189941,3.77527499199,0.0,-0.164978027344
489.432189941,3.77527499199,0.0,-0.154663085938
489.432189941,3.77527499199,0.0,-0.164978027344
489.432189941,3.77527499199,0.0,-0.154663085938
489.432189941,3.77527499199,0.0,-0.164978027344
489.432189941,3.77527499199,0.0,-0.154663085938
489.434265137,7.55082035065,0.0,-0.144348144531
489.434265137,7.55082035065,0.0,-0.154663085938
464.42678833,-9.18336296082,0.0,-0.164978027344
464.42678833,-9.18336296082,0.0,-0.154663085938
464.42678833,-9.18336296082,0.0,-0.164978027344
464.42678833,-9.18336296082,0.0,-0.154663085938
-1,-1,0.0,-0.164978027344
-1,-1,0.0,-0.154663085938
-1,-1,0.0,-0.164978027344
-1,-1,0.0,-0.154663085938
447.715515137,-14.4271640778,0.0,-0.164978027344
447.715515137,-14.4271640778,0.0,-0.154663085938
447.715515137,-14.4271640778,0.0,-0.164978027344
447.715515137,-14.4271640778,0.0,-0.154663085938
447.715515137,-14.4271640778,0.0,-0.164978027344
447.715515137,-14.4271640778,0.0,-0.154663085938
447.715515137,-14.4271640778,0.0,-0.164978027344
447.715515137,-14.4271640778,0.0,-0.154663085938
447.715515137,-14.4271640778,0.0,-0.164978027344
447.715515137,-14.4271640778,0.0,-0.154663085938
447.715515137,-14.4271440506,0.0,-0.164978027344
447.715515137,-14.4271440506,0.0,-0.154663085938
447.715515137,-14.4271440506,0.0,-0.164978027344
447.715515137,-14.4271440506,0.0,-0.154663085938
447.715515137,-14.4271440506,0.0,-0.164978027344
447.715515137,-14.4271440506,0.0,-0.154663085938
447.715515137,-14.4271440506,0.0,-0.164978027344
447.715515137,-14.4271440506,0.0,-0.154663085938
447.715515137,-14.4271440506,0.0,-0.164978027344
447.715515137,-14.4271440506,0.0,-0.154663085938
447.715515137,-14.4271440506,0.0,-0.164978027344
438.435302734,-26.7888126373,0.0,-0.154663085938
438.435302734,-26.7888126373,0.0,-0.164978027344
438.435302734,-26.7888126373,0.0,-0.154663085938
438.435302734,-26.7888126373,0.0,-0.164978027344
438.435302734,-26.7888126373,0.0,-0.154663085938
438.435302734,-26.7888126373,0.0,-0.164978027344
438.435302734,-26.7888126373,0.0,-0.154663085938
438.435302734,-26.7888126373,0.0,-0.164978027344
420.428894043,3.49916315079,0.0,-0.154663085938
420.428894043,3.49916315079,0.0,-0.164978027344
-1,-1,0.0,-0.175262451172
-1,-1,0.0,-0.164978027344
418.205352783,-33.1971588135,0.0,-0.175262451172
418.205352783,-33.1971588135,0.0,-0.164978027344
418.205352783,-33.1971588135,0.0,-0.175262451172
418.205352783,-33.1971588135,0.0,-0.164978027344
418.205352783,-33.1971588135,0.0,-0.175262451172
418.205352783,-33.1971588135,0.0,-0.164978027344
418.205322266,-33.1971588135,0.0,-0.175262451172
418.205322266,-33.1971588135,0.0,-0.164978027344
418.205322266,-33.1971588135,0.0,-0.175262451172
418.205322266,-33.1971588135,0.0,-0.164978027344
418.205322266,-33.1971588135,0.0,-0.175262451172
418.205322266,-33.1971588135,0.0,-0.164978027344
424.853790283,-28.1522598267,0.0,-0.175262451172
424.853790283,-28.1522598267,0.0,-0.164978027344
424.853790283,-28.1522598267,0.0,-0.175262451172
424.853790283,-28.1522598267,0.0,-0.185577392578
424.853790283,-28.1522598267,0.0,-0.175262451172
424.853790283,-28.1522598267,0.0,-0.185577392578
416.009246826,-34.863986969,0.0,-0.175262451172
416.009246826,-34.863986969,0.0,-0.185577392578
416.009246826,-34.863986969,0.0,-0.195892333984
416.009246826,-34.863986969,0.0,-0.185577392578
416.009246826,-34.863986969,0.0,-0.195892333984
416.009246826,-34.863986969,0.0,-0.185577392578
416.009246826,-34.863986969,0.0,-0.195892333984
416.009246826,-34.863986969,0.0,-0.185577392578
416.009246826,-34.863986969,0.0,-0.195892333984
416.009246826,-34.863986969,0.0,-0.206207275391
416.009246826,-34.863986969,0.0,-0.195892333984
416.009246826,-34.863986969,0.0,-0.206207275391
411.682556152,-10.3976068497,0.0,-0.216522216797
411.682556152,-10.3976068497,0.0,-0.226806640625
411.682556152,-10.3976068497,0.0,-0.237121582031
411.682556152,-10.3976068497,0.0,-0.247436523438
411.682556152,-10.3976068497,0.0,-0.257751464844
411.682556152,-10.3976068497,0.0,-0.26806640625
411.682556152,-10.3976068497,0.0,-0.278350830078
411.682556152,-10.3976068497,0.0,-0.288665771484
411.682556152,-10.3976068497,0.0,-0.298980712891
409.52444458,-5.186003685,0.0,-0.309295654297
409.52444458,-5.186003685,0.0,-0.319610595703
409.52444458,-5.186003685,0.0,-0.309295654297
409.52444458,-5.186003685,0.0,-0.319610595703
-1,-1,0.0,-0.329925537109
-1,-1,0.0,-0.319610595703
-1,-1,0.0,-0.329925537109
-1,-1,0.0,-0.319610595703
-1,-1,0.0,-0.329925537109
-1,-1,0.0,-0.340209960938
-1,-1,0.0,-0.36083984375
-1,-1,0.0,-0.371154785156
-1,-1,0.0,-0.381469726562
-1,-1,0.0,-0.391754150391
-1,-1,0.0,-0.402069091797
392.581573486,-18.6699256897,0.0,-0.412384033203
392.581573486,-18.6699256897,0.0,-0.402069091797
392.581573486,-18.6699256897,0.0,-0.412384033203
392.581573486,-18.6699256897,0.0,-0.422698974609
392.581573486,-18.6699256897,0.0,-0.443328857422
392.581573486,-18.6699256897,0.0,-0.45361328125
392.581573486,-18.6699256897,0.0,-0.463928222656
392.581573486,-18.6699256897,0.0,-0.474243164062
392.581481934,-18.669927597,0.0,-0.484558105469
392.581481934,-18.669927597,0.0,-0.505157470703
392.581481934,-18.669927597,0.0,-0.515472412109
392.581481934,-18.669927597,0.0,-0.536102294922
392.581481934,-18.669927597,0.0,-0.546417236328
392.581481934,-18.669927597,0.0,-0.556701660156
392.581481934,-18.669927597,0.0,-0.577331542969
392.581481934,-18.669927597,0.0,-0.587646484375
392.581481934,-18.669927597,0.0,-0.597961425781
-1,-1,0.0,-0.608276367188
-1,-1,0.0,-0.597961425781
-1,-1,0.0,-0.608276367188
-1,-1,0.0,-0.597961425781
-1,-1,0.0,-0.608276367188
-1,-1,0.0,-0.618560791016
-1,-1,0.0,-0.628875732422
-1,-1,0.0,-0.639190673828
-1,-1,0.0,-0.628875732422
-1,-1,0.0,-0.639190673828
-1,-1,0.0,-0.628875732422
-1,-1,0.0,-0.639190673828
-1,-1,0.0,-0.628875732422
-1,-1,0.0,-0.639190673828
-1,-1,0.0,-0.628875732422
-1,-1,0.0,-0.639190673828
-1,-1,0.0,-0.628875732422
-1,-1,0.0,-0.639190673828
-1,-1,0.0,-0.628875732422
223.829071045,-28.5154819489,0.0,-0.618560791016
223.829071045,-28.5154819489,0.0,-0.628875732422
223.829071045,-28.5154819489,0.0,-0.618560791016
223.829071045,-28.5154819489,0.0,-0.628875732422
-1,-1,0.0,-0.618560791016
-1,-1,0.0,-0.628875732422
298.28717041,-30.6869297028,0.0,-0.639190673828
298.28717041,-30.6869297028,0.0,-0.628875732422
298.28717041,-30.6869297028,0.0,-0.639190673828
348.808685303,-38.8842735291,0.0,-0.659820556641
341.267944336,-38.5680770874,0.0,-0.670104980469
341.267944336,-38.5680770874,0.0,-0.659820556641
341.267944336,-38.5680770874,0.0,-0.670104980469
341.267944336,-38.5680770874,0.0,-0.659820556641
341.267944336,-38.5680770874,0.0,-0.670104980469
341.267944336,-38.5680770874,0.0,-0.659820556641
341.267944336,-38.5680770874,0.0,-0.670104980469
341.267944336,-38.5680770874,0.0,-0.659820556641
341.267944336,-38.5680770874,0.0,-0.670104980469
304.818572998,-46.4492721558,0.0,-0.680419921875
304.818572998,-46.4492721558,0.0,-0.690734863281
304.818572998,-46.4492721558,0.0,-0.701049804688
304.818572998,-46.4492721558,0.0,-0.711364746094
337.525878906,-40.0193252563,0.0,-0.7216796875
337.525878906,-40.0193252563,0.0,-0.711364746094
337.525878906,-40.0193252563,0.0,-0.7216796875
337.525878906,-40.0193252563,0.0,-0.711364746094
320.584075928,-34.7933387756,0.0,-0.7216796875
320.584075928,-34.7933387756,0.0,-0.711364746094
320.584075928,-34.7933387756,0.0,-0.7216796875
320.584075928,-34.7933387756,0.0,-0.711364746094
320.584075928,-34.7933387756,0.0,-0.7216796875
320.584075928,-34.7933387756,0.0,-0.711364746094
320.584075928,-34.7933387756,0.0,-0.7216796875
321.134643555,-38.1537361145,0.0,-0.7216796875
321.134643555,-38.1537361145,0.0,-0.711364746094
321.134643555,-38.1537361145,0.0,-0.711364746094
321.134643555,-38.1537361145,0.0,-0.7216796875
321.134643555,-38.1537361145,0.0,-0.7216796875
321.134643555,-38.1537361145,0.0,-0.7216796875
321.134643555,-38.1537361145,0.0,-0.711364746094
321.134643555,-38.1537361145,0.0,-0.7216796875
321.134643555,-38.1537361145,0.0,-0.711364746094
321.134643555,-38.1537361145,0.0,-0.711364746094
321.134643555,-38.1537361145,0.0,-0.7216796875
321.134643555,-38.1537361145,0.0,-0.7216796875
321.134643555,-38.1537361145,0.0,-0.711364746094
321.134643555,-38.1537361145,0.0,-0.7216796875
321.134643555,-38.1537361145,0.0,-0.711364746094
321.134643555,-38.1537361145,0.0,-0.711364746094
321.134643555,-38.1537361145,0.0,-0.7216796875
-1,-1,0.0,-0.711364746094
-1,-1,0.0,-0.7216796875
-1,-1,0.0,-0.7216796875
-1,-1,0.0,-0.7216796875
-1,-1,0.0,-0.711364746094
-1,-1,0.0,-0.7216796875
-1,-1,0.0,-0.7216796875
-1,-1,0.0,-0.7216796875
-1,-1,0.0,-0.7216796875
-1,-1,0.0,-0.7216796875
-1,-1,0.0,-0.7216796875
-1,-1,0.0,-0.7216796875
-1,-1,0.0,-0.7216796875
-1,-1,0.0,-0.7216796875
-1,-1,0.0,-0.7216796875
-1,-1,0.0,-0.7216796875
-1,-1,0.0,-0.7216796875
-1,-1,0.0,-0.711364746094
-1,-1,0.0,-0.711364746094
-1,-1,0.0,-0.711364746094
-1,-1,0.0,-0.7216796875
-1,-1,0.0,-0.731964111328
-1,-1,0.0,-0.731964111328
-1,-1,0.0,-0.731964111328
398.787445068,-46.2280960083,0.0,-0.731964111328
398.787445068,-46.2280960083,0.0,-0.731964111328
398.787445068,-46.2280960083,0.0,-0.731964111328
398.787445068,-46.2280960083,0.0,-0.742279052734
398.787445068,-46.2280960083,0.0,-0.742279052734
398.787445068,-46.2280960083,0.0,-0.742279052734
398.787445068,-46.2280960083,0.0,-0.742279052734
398.787445068,-46.2280960083,0.0,-0.752593994141
398.787445068,-46.2280960083,0.0,-0.752593994141
398.787445068,-46.2280960083,0.0,-0.752593994141
398.787445068,-46.2280960083,0.0,-0.762908935547
398.787445068,-46.2280960083,0.0,-0.773223876953
391.971496582,-115.229873657,0.0,-0.783508300781
391.971496582,-115.229873657,0.0,-0.783508300781
391.971496582,-115.229873657,0.0,-0.793823242188
391.971496582,-115.229873657,0.0,-0.804138183594
391.971496582,-115.229873657,0.0,-0.804138183594
391.971496582,-115.229873657,0.0,-0.814453125
391.971496582,-115.229873657,0.0,-0.824768066406
391.971496582,-115.229873657,0.0,-0.824768066406
391.971496582,-115.229873657,0.0,-0.824768066406
391.971496582,-115.229873657,0.0,-0.824768066406
391.971496582,-115.229873657,0.0,-0.824768066406
391.971496582,-115.229873657,0.0,-0.835052490234
391.971496582,-115.229873657,0.0,-0.835052490234
391.971496582,-115.229873657,0.0,-0.835052490234
391.971496582,-115.229873657,0.0,-0.835052490234
391.971496582,-115.229873657,0.0,-0.835052490234
391.971496582,-115.229873657,0.0,-0.845367431641
394.501495361,-63.17786026,0.0,-0.835052490234
394.501495361,-63.17786026,0.0,-0.845367431641
394.501495361,-63.17786026,0.0,-0.835052490234
394.501495361,-63.17786026,0.0,-0.845367431641
394.501495361,-63.17786026,0.0,-0.845367431641
394.501495361,-63.17786026,0.0,-0.845367431641
394.501495361,-63.17786026,0.0,-0.835052490234
394.501495361,-63.17786026,0.0,-0.835052490234
394.501495361,-63.17786026,0.0102844238281,-0.835052490234
394.501495361,-63.17786026,0.0309143066406,-0.835052490234
394.501495361,-63.17786026,0.0515441894531,-0.835052490234
394.501495361,-63.17786026,0.0618286132812,-0.835052490234
394.501495361,-63.17786026,0.0515441894531,-0.835052490234
424.813201904,-61.7668762207,0.0618286132812,-0.835052490234
424.813201904,-61.7668762207,0.0515441894531,-0.835052490234
424.813201904,-61.7668762207,0.0618286132812,-0.835052490234
424.813201904,-61.7668762207,0.0515441894531,-0.835052490234
424.813201904,-61.7668762207,0.0618286132812,-0.835052490234
424.813201904,-61.7668762207,0.0515441894531,-0.835052490234
424.813201904,-61.7668762207,0.0618286132812,-0.835052490234
401.24420166,-68.9225006104,0.0515441894531,-0.835052490234
401.24420166,-68.9225006104,0.0618286132812,-0.835052490234
401.24420166,-68.9225006104,0.0515441894531,-0.835052490234
401.24420166,-68.9225006104,0.0618286132812,-0.835052490234
401.24420166,-68.9225006104,0.0515441894531,-0.835052490234
401.24420166,-68.9225006104,0.0618286132812,-0.835052490234
401.24420166,-68.9225006104,0.0515441894531,-0.835052490234
401.24420166,-68.9225006104,0.0618286132812,-0.835052490234
401.24420166,-68.9225006104,0.0515441894531,-0.835052490234
401.24420166,-68.9225006104,0.0618286132812,-0.835052490234
401.24420166,-68.9225006104,0.0515441894531,-0.835052490234
401.24420166,-68.9225006104,0.0618286132812,-0.835052490234
401.24420166,-68.9225006104,0.0515441894531,-0.835052490234
401.24420166,-68.9225006104,0.0618286132812,-0.835052490234
438.636962891,-88.5347824097,0.0721435546875,-0.835052490234
438.636962891,-88.5347824097,0.113372802734,-0.835052490234
438.636962891,-88.5347824097,0.144317626953,-0.835052490234
438.636962891,-88.5347824097,0.185546875,-0.835052490234
438.636962891,-88.5347824097,0.216491699219,-0.835052490234
438.636962891,-88.5347824097,0.226776123047,-0.835052490234
438.636962891,-88.5347824097,0.216491699219,-0.835052490234
438.636962891,-88.5347824097,0.226776123047,-0.835052490234
438.636962891,-88.5347824097,0.216491699219,-0.835052490234
438.636962891,-88.5347824097,0.226776123047,-0.835052490234
438.636962891,-88.5347824097,0.216491699219,-0.835052490234
438.636962891,-88.5347824097,0.226776123047,-0.835052490234
438.636962891,-88.5347824097,0.226776123047,-0.845367431641
438.636962891,-88.5347824097,0.216491699219,-0.845367431641
390.887634277,-89.075340271,0.226776123047,-0.845367431641
390.887634277,-89.075340271,0.216491699219,-0.845367431641
390.887634277,-89.075340271,0.226776123047,-0.855682373047
390.887634277,-89.075340271,0.226776123047,-0.855682373047
390.887634277,-89.075340271,0.216491699219,-0.855682373047
390.887634277,-89.075340271,0.226776123047,-0.855682373047
390.887634277,-89.075340271,0.216491699219,-0.855682373047
390.887634277,-89.075340271,0.226776123047,-0.855682373047
390.887634277,-89.075340271,0.216491699219,-0.855682373047
390.887634277,-89.075340271,0.226776123047,-0.855682373047
395.164031982,-63.4215888977,0.216491699219,-0.855682373047
395.164031982,-63.4215888977,0.226776123047,-0.855682373047
395.164031982,-63.4215888977,0.216491699219,-0.855682373047
395.164031982,-63.4215888977,0.226776123047,-0.855682373047
395.164031982,-63.4215888977,0.216491699219,-0.855682373047
395.164031982,-63.4215888977,0.226776123047,-0.855682373047
395.164031982,-63.4215888977,0.237091064453,-0.855682373047
433.845977783,-67.7798080444,0.226776123047,-0.855682373047
433.845977783,-67.7798080444,0.237091064453,-0.855682373047
433.845977783,-67.7798080444,0.226776123047,-0.855682373047
433.845977783,-67.7798080444,0.237091064453,-0.855682373047
433.845977783,-67.7798080444,0.226776123047,-0.855682373047
433.845977783,-67.7798080444,0.237091064453,-0.855682373047
433.845977783,-67.7798080444,0.226776123047,-0.855682373047
433.845977783,-67.7798080444,0.237091064453,-0.855682373047
433.845977783,-67.7798080444,0.237091064453,-0.865997314453
433.845977783,-67.7798080444,0.226776123047,-0.855682373047
433.845977783,-67.7798080444,0.226776123047,-0.855682373047
433.845977783,-67.7798080444,0.226776123047,-0.865997314453
433.845977783,-67.7798080444,0.226776123047,-0.855682373047
433.845977783,-67.7798080444,0.237091064453,-0.865997314453
433.845977783,-67.7798080444,0.237091064453,-0.865997314453
433.845977783,-67.7798080444,0.226776123047,-0.855682373047
433.845977783,-67.7798080444,0.226776123047,-0.855682373047
458.054290771,-62.2860527039,0.237091064453,-0.865997314453
458.054290771,-62.2860527039,0.237091064453,-0.865997314453
458.054290771,-62.2860527039,0.226776123047,-0.865997314453
458.054290771,-62.2860527039,0.237091064453,-0.865997314453
458.054290771,-62.2860527039,0.226776123047,-0.865997314453
458.054290771,-62.2860527039,0.237091064453,-0.865997314453
458.054290771,-62.2860527039,0.226776123047,-0.865997314453
458.054290771,-62.2860527039,0.237091064453,-0.855682373047
458.054290771,-62.2860527039,0.237091064453,-0.855682373047
458.054290771,-62.2860527039,0.226776123047,-0.865997314453
458.054290771,-62.2860527039,0.226776123047,-0.865997314453
409.123413086,-117.42754364,0.237091064453,-0.865997314453
409.123413086,-117.42754364,0.226776123047,-0.865997314453
409.123413086,-117.42754364,0.237091064453,-0.865997314453
409.123413086,-117.42754364,0.226776123047,-0.865997314453
409.123413086,-117.42754364,0.237091064453,-0.865997314453
409.123413086,-117.42754364,0.226776123047,-0.865997314453
409.123413086,-117.42754364,0.237091064453,-0.865997314453
409.123413086,-117.42754364,0.226776123047,-0.865997314453
409.123413086,-117.42754364,0.237091064453,-0.865997314453
409.123413086,-117.42754364,0.226776123047,-0.865997314453
409.123413086,-117.42754364,0.237091064453,-0.865997314453
440.786224365,-148.016571045,0.226776123047,-0.865997314453
440.786224365,-148.016571045,0.237091064453,-0.865997314453
440.786224365,-148.016571045,0.247406005859,-0.865997314453
440.786224365,-148.016571045,0.288635253906,-0.876312255859
440.786224365,-148.016571045,0.288635253906,-0.876312255859
440.786224365,-148.016571045,0.329895019531,-0.876312255859
440.786224365,-148.016571045,0.381439208984,-0.876312255859
440.786224365,-148.016571045,0.391723632812,-0.876312255859
440.786224365,-148.016571045,0.381439208984,-0.876312255859
440.786224365,-148.016571045,0.381439208984,-0.886627197266
440.786224365,-148.016571045,0.391723632812,-0.886627197266
440.786224365,-148.016571045,0.391723632812,-0.896911621094
440.786224365,-148.016601562,0.391723632812,-0.9072265625
440.786224365,-148.016601562,0.381439208984,-0.9072265625
440.786224365,-148.016601562,0.391723632812,-0.9072265625
440.786224365,-148.016601562,0.381439208984,-0.9072265625
440.786224365,-148.016601562,0.391723632812,-0.9072265625
440.786224365,-148.016601562,0.391723632812,-0.917541503906
440.786224365,-148.016601562,0.381439208984,-0.9072265625
440.786224365,-148.016601562,0.381439208984,-0.9072265625
440.786224365,-148.016601562,0.391723632812,-0.917541503906
440.786224365,-148.016601562,0.391723632812,-0.917541503906
440.786224365,-148.016601562,0.381439208984,-0.917541503906
440.786224365,-148.016601562,0.391723632812,-0.917541503906
440.786224365,-148.016601562,0.391723632812,-0.927856445312
440.786224365,-148.016601562,0.381439208984,-0.927856445312
440.786224365,-148.016601562,0.391723632812,-0.927856445312
440.786224365,-148.016601562,0.381439208984,-0.927856445312
440.786224365,-148.016601562,0.391723632812,-0.927856445312
440.786224365,-148.016601562,0.381439208984,-0.927856445312
440.786224365,-148.016662598,0.391723632812,-0.927856445312
440.786224365,-148.016662598,0.391723632812,-0.938171386719
440.786224365,-148.016662598,0.381439208984,-0.938171386719
440.786224365,-148.016662598,0.391723632812,-0.938171386719
440.786224365,-148.016662598,0.381439208984,-0.938171386719
440.786224365,-148.016662598,0.391723632812,-0.938171386719
440.786224365,-148.016662598,0.381439208984,-0.938171386719
440.786224365,-148.016662598,0.391723632812,-0.927856445312
440.786224365,-148.016662598,0.391723632812,-0.927856445312
440.786224365,-148.016662598,0.391723632812,-0.938171386719
440.786224365,-148.016662598,0.402038574219,-0.938171386719
440.786224365,-148.016662598,0.381439208984,-0.938171386719
440.786224365,-148.016662598,0.391723632812,-0.938171386719
-1,-1,0.381439208984,-0.938171386719
-1,-1,0.391723632812,-0.938171386719
-1,-1,0.381439208984,-0.938171386719
-1,-1,0.391723632812,-0.938171386719
-1,-1,0.381439208984,-0.938171386719
-1,-1,0.391723632812,-0.938171386719
-1,-1,0.381439208984,-0.938171386719
-1,-1,0.381439208984,-0.948455810547
-1,-1,0.391723632812,-0.938171386719
-1,-1,0.391723632812,-0.938171386719
-1,-1,0.391723632812,-0.948455810547
442.725250244,-104.463523865,0.391723632812,-0.938171386719
442.725250244,-104.463523865,0.391723632812,-0.948455810547
442.725250244,-104.463523865,0.381439208984,-0.948455810547
442.725250244,-104.463523865,0.381439208984,-0.938171386719
442.725250244,-104.463523865,0.391723632812,-0.948455810547
442.725250244,-104.463523865,0.391723632812,-0.948455810547
442.725250244,-104.463523865,0.381439208984,-0.948455810547
442.725250244,-104.463523865,0.391723632812,-0.948455810547
442.725250244,-104.463523865,0.381439208984,-0.948455810547
442.725250244,-104.463523865,0.391723632812,-0.948455810547
442.725250244,-104.463523865,0.381439208984,-0.938171386719
442.725250244,-104.463523865,0.381439208984,-0.938171386719
442.725250244,-104.463523865,0.391723632812,-0.938171386719
442.725250244,-104.463523865,0.381439208984,-0.948455810547
442.725250244,-104.463523865,0.381439208984,-0.948455810547
442.725250244,-104.463523865,0.391723632812,-0.938171386719
442.725250244,-104.463523865,0.391723632812,-0.938171386719
442.725250244,-104.463523865,0.381439208984,-0.948455810547
442.725250244,-104.463523865,0.381439208984,-0.948455810547
442.725250244,-104.463523865,0.391723632812,-0.948455810547
442.725250244,-104.463523865,0.381439208984,-0.948455810547
442.725250244,-104.463523865,0.391723632812,-0.948455810547
433.788726807,-131.834472656,0.381439208984,-0.948455810547
433.788726807,-131.834472656,0.391723632812,-0.948455810547
433.788726807,-131.834472656,0.381439208984,-0.948455810547
433.788726807,-131.834472656,0.391723632812,-0.948455810547
433.788726807,-131.834472656,0.402038574219,-0.948455810547
433.788726807,-131.834472656,0.391723632812,-0.948455810547
433.788726807,-131.834472656,0.402038574219,-0.948455810547
414.084289551,-145.138549805,0.391723632812,-0.948455810547
414.084289551,-145.138549805,0.381439208984,-0.948455810547
414.084289551,-145.138549805,0.391723632812,-0.948455810547
414.084289551,-145.138549805,0.381439208984,-0.948455810547
414.084289551,-145.138549805,0.391723632812,-0.948455810547
414.084289551,-145.138549805,0.402038574219,-0.948455810547
414.084289551,-145.138549805,0.391723632812,-0.948455810547
414.084289551,-145.138549805,0.402038574219,-0.948455810547
414.084289551,-145.138549805,0.391723632812,-0.948455810547
414.084289551,-145.138549805,0.402038574219,-0.948455810547
443.395263672,-144.521362305,0.412353515625,-0.948455810547
443.395263672,-144.521362305,0.422668457031,-0.948455810547
443.395263672,-144.521362305,0.432983398438,-0.948455810547
443.395263672,-144.521362305,0.422668457031,-0.948455810547
443.395263672,-144.521362305,0.432983398438,-0.948455810547
443.395263672,-144.521362305,0.443298339844,-0.948455810547
443.395263672,-144.521362305,0.484527587891,-0.948455810547
443.395263672,-144.521362305,0.494842529297,-0.948455810547
443.395263672,-144.521362305,0.515441894531,-0.948455810547
443.395263672,-144.521362305,0.536071777344,-0.948455810547
443.395263672,-144.521362305,0.54638671875,-0.948455810547
443.395263672,-144.521362305,0.566986083984,-0.948455810547
443.395263672,-144.521362305,0.577301025391,-0.948455810547
443.395263672,-144.521362305,0.587615966797,-0.948455810547
443.395263672,-144.521362305,0.597930908203,-0.948455810547
477.520385742,-146.209533691,0.587615966797,-0.948455810547
477.520385742,-146.209533691,0.597930908203,-0.948455810547
477.520385742,-146.209533691,0.587615966797,-0.948455810547
477.520385742,-146.209533691,0.608245849609,-0.948455810547
477.520385742,-146.209533691,0.597930908203,-0.948455810547
477.520385742,-146.209533691,0.608245849609,-0.948455810547
477.520385742,-146.209533691,0.597930908203,-0.948455810547
477.520385742,-146.209533691,0.608245849609,-0.948455810547
477.520385742,-146.209533691,0.597930908203,-0.948455810547
477.520385742,-146.209533691,0.608245849609,-0.948455810547
477.520385742,-146.209533691,0.597930908203,-0.948455810547
477.520385742,-146.209533691,0.608245849609,-0.948455810547
441.30368042,-90.0603179932,0.597930908203,-0.948455810547
441.30368042,-90.0603179932,0.608245849609,-0.948455810547
441.30368042,-90.0603179932,0.618530273438,-0.948455810547
441.30368042,-90.0603179932,0.608245849609,-0.948455810547
441.30368042,-90.0603179932,0.618530273438,-0.948455810547
441.30368042,-90.0603179932,0.628845214844,-0.948455810547
441.30368042,-90.0603179932,0.63916015625,-0.948455810547
441.30368042,-90.0603179932,0.649475097656,-0.948455810547
460.445281982,-122.676139832,0.659790039062,-0.948455810547
460.445281982,-122.676139832,0.649475097656,-0.948455810547
460.445281982,-122.676139832,0.659790039062,-0.948455810547
460.445281982,-122.676139832,0.649475097656,-0.948455810547
460.445281982,-122.676139832,0.659790039062,-0.948455810547
460.445281982,-122.676139832,0.649475097656,-0.948455810547
460.445281982,-122.676139832,0.649475097656,-0.958770751953
460.445281982,-122.676139832,0.659790039062,-0.958770751953
460.445281982,-122.676139832,0.649475097656,-0.958770751953
460.445281982,-122.676139832,0.659790039062,-0.958770751953
460.445281982,-122.676139832,0.649475097656,-0.958770751953
460.445281982,-122.676139832,0.659790039062,-0.958770751953
431.476257324,-135.23248291,0.659790039062,-0.969085693359
431.476257324,-135.23248291,0.649475097656,-0.969085693359
431.476257324,-135.23248291,0.649475097656,-0.979400634766
431.476257324,-135.23248291,0.659790039062,-0.979400634766
431.476257324,-135.23248291,0.649475097656,-0.979400634766
431.476257324,-135.23248291,0.649475097656,-0.989715576172
431.476257324,-135.23248291,0.659790039062,-0.989715576172
431.476257324,-135.23248291,0.649475097656,-0.989715576172
431.476257324,-135.23248291,0.659790039062,-0.989715576172
431.476257324,-135.23248291,0.649475097656,-0.989715576172
431.476257324,-135.23248291,0.659790039062,-0.989715576172
431.476257324,-135.23248291,0.649475097656,-0.989715576172
431.476257324,-135.23248291,0.659790039062,-0.989715576172
445.864379883,-143.710098267,0.649475097656,-0.989715576172
445.864379883,-143.710098267,0.659790039062,-0.989715576172
445.864379883,-143.710098267,0.649475097656,-0.989715576172
445.864379883,-143.710098267,0.659790039062,-0.989715576172
445.864379883,-143.710098267,0.649475097656,-0.989715576172
445.864379883,-143.710098267,0.659790039062,-0.989715576172
445.864379883,-143.710098267,0.649475097656,-0.989715576172
445.864379883,-143.710098267,0.659790039062,-0.989715576172
445.864379883,-143.710098267,0.649475097656,-0.989715576172
445.864379883,-143.710098267,0.659790039062,-0.989715576172
445.864379883,-143.710098267,0.649475097656,-0.989715576172
459.86920166,-118.476470947,0.659790039062,-0.989715576172
459.86920166,-118.476470947,0.649475097656,-0.989715576172
459.86920166,-118.476470947,0.659790039062,-0.989715576172
459.86920166,-118.476470947,0.649475097656,-0.989715576172
459.86920166,-118.476470947,0.659790039062,-0.989715576172
459.86920166,-118.476470947,0.649475097656,-0.989715576172
459.86920166,-118.476470947,0.659790039062,-0.989715576172
459.86920166,-118.476470947,0.649475097656,-0.989715576172
459.86920166,-118.476470947,0.659790039062,-0.989715576172
500.543395996,-112.003173828,0.670074462891,-0.989715576172
500.543395996,-112.003173828,0.659790039062,-0.989715576172
500.543395996,-112.003173828,0.649475097656,-0.989715576172
500.543395996,-112.003173828,0.659790039062,-0.989715576172
500.543395996,-112.003173828,0.649475097656,-0.989715576172
500.543395996,-112.003173828,0.659790039062,-0.989715576172
500.543395996,-112.003173828,0.649475097656,-0.989715576172
500.543395996,-112.003173828,0.659790039062,-0.989715576172
500.543395996,-112.003173828,0.649475097656,-0.989715576172
500.543395996,-112.003173828,0.659790039062,-0.989715576172
500.543395996,-112.003173828,0.649475097656,-0.989715576172
500.543395996,-112.003173828,0.659790039062,-0.989715576172
473.906494141,-70.349822998,0.649475097656,-0.989715576172
473.906494141,-70.349822998,0.659790039062,-0.989715576172
473.906494141,-70.349822998,0.649475097656,-0.989715576172
473.906494141,-70.349822998,0.659790039062,-0.989715576172
473.906494141,-70.349822998,0.659790039062,-1.0
473.906494141,-70.349822998,0.649475097656,-1.0
473.906494141,-70.349822998,0.659790039062,-1.0
425.118011475,-83.758140564,0.649475097656,-1.0
425.118011475,-83.758140564,0.659790039062,-1.0
425.118011475,-83.758140564,0.649475097656,-1.0
425.118011475,-83.758140564,0.649475097656,-1.0
425.118011475,-83.758140564,0.659790039062,-1.0
425.118011475,-83.758140564,0.649475097656,-1.0
425.118011475,-83.758140564,0.659790039062,-1.0
425.118011475,-83.758140564,0.649475097656,-1.0
425.118011475,-83.758140564,0.659790039062,-1.0
425.118011475,-83.758140564,0.659790039062,-1.0
425.118011475,-83.758140564,0.659790039062,-1.0
425.118011475,-83.758140564,0.649475097656,-1.0
425.118011475,-83.758140564,0.659790039062,-1.0
425.118011475,-83.758140564,0.659790039062,-1.0
425.118011475,-83.758140564,0.649475097656,-1.0
425.118011475,-83.758140564,0.659790039062,-1.0
448.154541016,-91.4040374756,0.649475097656,-1.0
448.154541016,-91.4040374756,0.659790039062,-1.0
448.154541016,-91.4040374756,0.649475097656,-1.0
448.154541016,-91.4040374756,0.659790039062,-1.0
448.154541016,-91.4040374756,0.649475097656,-1.0
448.154541016,-91.4040374756,0.659790039062,-1.0
448.154541016,-91.4040374756,0.649475097656,-1.0
448.154541016,-91.4040374756,0.659790039062,-1.0
451.178924561,-103.192619324,0.649475097656,-1.0
451.178924561,-103.192619324,0.659790039062,-1.0
451.178924561,-103.192619324,0.649475097656,-1.0
451.178924561,-103.192619324,0.649475097656,-1.0
451.178924561,-103.192619324,0.659790039062,-1.0
451.178924561,-103.192619324,0.649475097656,-1.0
451.178924561,-103.192619324,0.659790039062,-1.0
451.178924561,-103.192619324,0.649475097656,-1.0
451.178924561,-103.192619324,0.659790039062,-1.0
466.945892334,-55.4037818909,0.659790039062,-1.0
466.945892334,-55.4037818909,0.649475097656,-1.0
466.945892334,-55.4037818909,0.659790039062,-1.0
466.945892334,-55.4037818909,0.649475097656,-1.0
466.945892334,-55.4037818909,0.659790039062,-1.0
466.945892334,-55.4037818909,0.670074462891,-1.0
466.945892334,-55.4037818909,0.659790039062,-1.0
466.945892334,-55.4037818909,0.670074462891,-1.0
466.945892334,-55.4037818909,0.659790039062,-1.0
430.529785156,-78.5054321289,0.649475097656,-1.0
430.529785156,-78.5054321289,0.659790039062,-1.0
430.529785156,-78.5054321289,0.649475097656,-1.0
430.529785156,-78.5054321289,0.659790039062,-1.0
430.529785156,-78.5054321289,0.670074462891,-1.0
430.529785156,-78.5054321289,0.659790039062,-1.0
465.302001953,-69.2093887329,0.670074462891,-1.0
465.302001953,-69.2093887329,0.659790039062,-1.0
465.302001953,-69.2093887329,0.659790039062,-1.0
465.302001953,-69.2093887329,0.649475097656,-1.0
465.302001953,-69.2093887329,0.659790039062,-1.0
465.302001953,-69.2093887329,0.649475097656,-1.0
465.302001953,-69.2093887329,0.659790039062,-1.0
409.456878662,-48.5159950256,0.670074462891,-1.0
409.456878662,-48.5159950256,0.659790039062,-1.0
409.456878662,-48.5159950256,0.649475097656,-1.0
409.456878662,-48.5159950256,0.659790039062,-1.0
409.456878662,-48.5159950256,0.659790039062,-1.0
409.456878662,-48.5159950256,0.659790039062,-1.0
409.456878662,-48.5159950256,0.659790039062,-1.0
409.456878662,-48.5159950256,0.670074462891,-1.0
409.456878662,-48.5159950256,0.659790039062,-1.0
439.090881348,-45.1125259399,0.670074462891,-1.0
439.090881348,-45.1125259399,0.659790039062,-1.0
439.090881348,-45.1125259399,0.649475097656,-1.0
439.090881348,-45.1125259399,0.659790039062,-1.0
439.090881348,-45.1125259399,0.659790039062,-1.0
439.090881348,-45.1125259399,0.659790039062,-1.0
439.090881348,-45.1125259399,0.670074462891,-1.0
439.090881348,-45.1125259399,0.670074462891,-1.0
439.090881348,-45.1125259399,0.659790039062,-1.0
439.090881348,-45.1125259399,0.659790039062,-1.0
439.090881348,-45.1125259399,0.659790039062,-1.0
439.090881348,-45.1125259399,0.659790039062,-1.0
439.090881348,-45.1125259399,0.649475097656,-1.0
439.090881348,-45.1125259399,0.649475097656,-1.0
436.574157715,-63.3567771912,0.659790039062,-1.0
436.574157715,-63.3567771912,0.670074462891,-1.0
436.574157715,-63.3567771912,0.659790039062,-1.0
436.574157715,-63.3567771912,0.670074462891,-1.0
436.574157715,-63.3567771912,0.659790039062,-1.0
436.574157715,-63.3567771912,0.670074462891,-1.0
-1,-1,0.659790039062,-1.0
-1,-1,0.670074462891,-1.0
-1,-1,0.659790039062,-1.0
-1,-1,0.670074462891,-1.0
-1,-1,0.659790039062,-1.0
-1,-1,0.670074462891,-1.0
-1,-1,0.659790039062,-1.0
-1,-1,0.670074462891,-1.0
-1,-1,0.659790039062,-1.0
-1,-1,0.670074462891,-1.0
456.557250977,-1.86824595928,0.659790039062,-1.0
456.557250977,-1.86824595928,0.670074462891,-1.0
456.557250977,-1.86824595928,0.659790039062,-1.0
456.557250977,-1.86824595928,0.670074462891,-1.0
456.557250977,-1.86824595928,0.659790039062,-1.0
456.557250977,-1.86824595928,0.670074462891,-1.0
456.557250977,-1.86824595928,0.659790039062,-1.0
456.557250977,-1.86824595928,0.649475097656,-1.0
456.557250977,-1.86824595928,0.659790039062,-1.0
418.172668457,-11.4272031784,0.649475097656,-1.0
418.172668457,-11.4272031784,0.63916015625,-1.0
418.172668457,-11.4272031784,0.608245849609,-1.0
418.172668457,-11.4272031784,0.566986083984,-1.0
418.172668457,-11.4272031784,0.494842529297,-1.0
418.172668457,-11.4272031784,0.432983398438,-1.0
418.172668457,-11.4272031784,0.391723632812,-1.0
418.172668457,-11.4272031784,0.381439208984,-1.0
418.172668457,-11.4272031784,0.360809326172,-1.0
418.172668457,-11.4272031784,0.288635253906,-1.0
418.172668457,-11.4272031784,0.226776123047,-1.0
418.172668457,-11.4272031784,0.154632568359,-1.0
418.172668457,-11.4272031784,0.113372802734,-1.0
418.172668457,-11.4272031784,0.0824584960938,-1.0
418.172668457,-11.4272031784,0.0721435546875,-1.0
418.172668457,-11.4272031784,0.0618286132812,-1.0
418.172668457,-11.4272031784,0.0205993652344,-1.0
418.172668457,-11.4272031784,0.0,-1.0
418.172668457,-11.4272031784,0.0,-1.0
418.172668457,-11.4272031784,0.0,-1.0
452.435241699,27.2055988312,0.0,-1.0
452.435241699,27.2055988312,0.0,-1.0
452.435241699,27.2055988312,0.0,-1.0
452.435241699,27.2055988312,0.0,-1.0
452.435241699,27.2055988312,0.0,-1.0
452.435241699,27.2055988312,0.0,-1.0
452.435241699,27.2055988312,0.0,-1.0
396.67489624,47.8370170593,0.0,-1.0
396.67489624,47.8370170593,0.0,-1.0
396.67489624,47.8370170593,0.0,-1.0
396.67489624,47.8370170593,0.0,-1.0
390.329589844,62.8884162903,0.0,-1.0
390.329589844,62.8884162903,0.0,-1.0
390.329589844,62.8884162903,0.0,-1.0
390.329589844,62.8884162903,0.0,-1.0
390.329589844,62.8884162903,0.0,-1.0
390.329589844,62.8884162903,0.0,-1.0
390.329589844,62.8884162903,0.0,-1.0
390.329589844,62.8884162903,0.0,-1.0
390.329589844,62.8884162903,0.0,-1.0
390.329589844,62.8884162903,0.0,-1.0
370.497192383,43.1292495728,0.0,-1.0
370.497192383,43.1292495728,0.0,-1.0
370.497192383,43.1292495728,0.0,-1.0
370.497192383,43.1292495728,0.0,-1.0
370.497192383,43.1292495728,0.0,-1.0
370.497192383,43.1292495728,0.0,-1.0
370.497192383,43.1292495728,0.0,-1.0
-1,-1,0.0,-1.0
-1,-1,0.0,-1.0
-1,-1,0.0,-1.0
-1,-1,0.0,-1.0
-1,-1,0.0,-1.0
-1,-1,0.0,-1.0
-1,-1,0.0,-1.0
-1,-1,0.0,-1.0
-1,-1,0.0,-1.0
-1,-1,0.0,-1.0
389.844085693,36.957447052,0.0,-1.0
389.844085693,36.957447052,0.0,-1.0
389.844085693,36.957447052,0.0,-1.0
389.844085693,36.957447052,0.0,-1.0
389.844085693,36.957447052,0.0,-1.0
389.844085693,36.957447052,0.0,-1.0
389.844085693,36.957447052,0.0,-1.0
389.844085693,36.957447052,0.0,-1.0
389.844085693,36.957447052,0.0,-1.0
389.844085693,36.957447052,0.0,-1.0
389.844085693,36.957447052,0.0,-1.0
389.844085693,36.957447052,0.0,-1.0
377.454467773,47.6149749756,0.0,-1.0
377.454467773,47.6149749756,0.0,-1.0
377.454467773,47.6149749756,0.0,-1.0
377.454467773,47.6149749756,0.0,-1.0
377.454467773,47.6149749756,0.0,-1.0
377.454467773,47.6149749756,0.0,-1.0
377.454467773,47.6149749756,0.0,-1.0
377.454467773,47.6149749756,0.0,-1.0
377.454467773,47.6149749756,0.0,-1.0
377.454467773,47.6149749756,0.0,-1.0
380.107452393,55.4141731262,0.0,-1.0
380.107452393,55.4141731262,0.0,-1.0
380.107452393,55.4141731262,0.0,-1.0
380.107452393,55.4141731262,0.0,-1.0
380.107452393,55.4141731262,0.0,-1.0
380.107452393,55.4141731262,0.0,-1.0
380.107452393,55.4141731262,0.0,-1.0
380.107452393,55.4141731262,0.0,-1.0
380.107452393,55.4141731262,0.0,-1.0
380.107452393,55.4141731262,0.0,-1.0
331.053253174,59.8782463074,0.0,-1.0
331.053253174,59.8782463074,0.0,-1.0
331.053253174,59.8782463074,0.0,-1.0
331.053253174,59.8782463074,0.0,-1.0
331.053253174,59.8782463074,0.0,-1.0
331.053253174,59.8782463074,0.0,-1.0
331.053253174,59.8782463074,0.0,-1.0
331.053253174,59.8782463074,0.0,-1.0
331.053253174,59.8782463074,0.0,-1.0
331.053253174,59.8782463074,0.0,-1.0
367.110900879,80.2875595093,0.0,-1.0
367.110900879,80.2875595093,0.0,-1.0
367.110900879,80.2875595093,0.0,-1.0
367.110900879,80.2875595093,0.0,-1.0
367.110900879,80.2875595093,0.0,-1.0
367.110900879,80.2875595093,0.0,-1.0
367.110900879,80.2875595093,0.0,-1.0
367.110900879,80.2875595093,0.0,-1.0
367.110900879,80.2875595093,0.0,-1.0
337.244750977,64.2093429565,0.0,-1.0
337.244750977,64.2093429565,0.0,-1.0
337.244750977,64.2093429565,0.0,-1.0
337.244750977,64.2093429565,0.0,-1.0
337.244750977,64.2093429565,0.0,-1.0
337.244750977,64.2093429565,0.0,-1.0
337.244750977,64.2093429565,0.0,-1.0
312.63381958,72.0729827881,0.0,-1.0
312.63381958,72.0729827881,0.0,-1.0
320.551177979,74.2539672852,0.0,-1.0
320.551177979,74.2539672852,0.0,-1.0
304.459228516,124.484298706,0.0,-1.0
304.459228516,124.484298706,0.0,-1.0
334.597381592,104.928573608,-0.113403320312,-1.0
334.597381592,104.928573608,-0.185577392578,-1.0
334.597381592,104.928573608,-0.206207275391,-1.0
334.597381592,104.928573608,-0.257751464844,-1.0
334.597381592,104.928573608,-0.309295654297,-1.0
334.597381592,104.928573608,-0.340209960938,-1.0
334.597381592,104.928573608,-0.36083984375,-1.0
334.597381592,104.928573608,-0.391754150391,-1.0
334.597381592,104.928573608,-0.412384033203,-1.0
334.597381592,104.928573608,-0.422698974609,-1.0
334.597381592,104.928573608,-0.433013916016,-1.0
334.597381592,104.928573608,-0.422698974609,-1.0
288.049865723,90.3859100342,-0.433013916016,-1.0
288.049865723,90.3859100342,-0.443328857422,-1.0
288.049865723,90.3859100342,-0.45361328125,-1.0
291.2215271,109.791648865,-0.474243164062,-1.0
291.2215271,109.791648865,-0.463928222656,-1.0
291.2215271,109.791648865,-0.484558105469,-1.0
291.2215271,109.791648865,-0.494873046875,-1.0
291.2215271,109.791648865,-0.505157470703,-1.0
291.2215271,109.791648865,-0.515472412109,-1.0
291.2215271,109.791648865,-0.525787353516,-1.0
291.2215271,109.791648865,-0.536102294922,-1.0
291.2215271,109.791648865,-0.556701660156,-1.0
291.2215271,109.791648865,-0.567016601562,-1.0
291.2215271,109.791648865,-0.577331542969,-1.0
291.2215271,109.791648865,-0.587646484375,-1.0
249.83631897,128.648864746,-0.597961425781,-1.0
249.83631897,128.648864746,-0.608276367188,-1.0
249.83631897,128.648864746,-0.618560791016,-1.0
249.83631897,128.648864746,-0.628875732422,-1.0
249.83631897,128.648864746,-0.639190673828,-1.0
243.787734985,124.454582214,-0.649505615234,-1.0
243.787734985,124.454582214,-0.659820556641,-1.0
243.787734985,124.454582214,-0.670104980469,-1.0
243.787734985,124.454582214,-0.680419921875,-1.0
243.787734985,124.454582214,-0.690734863281,-1.0
243.787734985,124.454582214,-0.701049804688,-1.0
243.787734985,124.454582214,-0.711364746094,-1.0
246.776092529,125.142066956,-0.731964111328,-1.0
246.776092529,125.142066956,-0.762908935547,-1.0
246.776092529,125.142066956,-0.783508300781,-1.0
246.776092529,125.142066956,-0.793823242188,-1.0
246.776092529,125.142066956,-0.804138183594,-1.0
246.776092529,125.142066956,-0.814453125,-1.0
246.776092529,125.142066956,-0.824768066406,-1.0
246.776092529,125.142066956,-0.814453125,-1.0
246.776092529,125.142066956,-0.824768066406,-1.0
246.776092529,125.142066956,-0.814453125,-1.0
246.776092529,125.142066956,-0.824768066406,-1.0
244.84425354,138.355758667,-0.814453125,-1.0
244.84425354,138.355758667,-0.824768066406,-1.0
241.640228271,130.638442993,-0.835052490234,-1.0
241.640228271,130.638442993,-0.824768066406,-1.0
241.640228271,130.638442993,-0.835052490234,-1.0
241.640228271,130.638442993,-0.845367431641,-1.0
241.640228271,130.638442993,-0.835052490234,-1.0
241.640228271,130.638442993,-0.845367431641,-1.0
241.640228271,130.638442993,-0.855682373047,-1.0
241.640228271,130.638442993,-0.876312255859,-1.0
241.640228271,130.638442993,-0.896911621094,-1.0
241.640228271,130.638442993,-0.886627197266,-1.0
241.640228271,130.638442993,-0.896911621094,-1.0
241.640228271,130.638442993,-0.9072265625,-1.0
233.064361572,135.986953735,-0.917541503906,-1.0
233.064361572,135.986953735,-0.948455810547,-1.0
233.064361572,135.986953735,-0.958770751953,-1.0
233.064361572,135.986953735,-0.979400634766,-1.0
233.064361572,135.986953735,-0.989715576172,-1.0
233.064361572,135.986953735,-1.0,-1.0
233.064361572,135.986953735,-1.0,-1.0
233.064361572,135.986953735,-1.0,-1.0
233.064361572,135.986953735,-1.0,-1.0
233.064361572,135.986953735,-1.0,-1.0
233.064361572,135.986953735,-1.0,-1.0
233.064361572,135.986953735,-1.0,-1.0
233.064361572,135.986953735,-1.0,-1.0
233.064361572,135.986953735,-1.0,-1.0
233.064361572,135.986953735,-1.0,-1.0
216.249191284,126.265083313,-1.0,-1.0
235.404190063,87.9926147461,-1.0,-1.0
235.404190063,87.9926147461,-1.0,-1.0
235.404190063,87.9926147461,-1.0,-1.0
235.404190063,87.9926147461,-1.0,-1.0
243.947189331,114.931465149,-1.0,-1.0
243.947189331,114.931465149,-1.0,-1.0
243.947189331,114.931465149,-1.0,-1.0
243.947189331,114.931465149,-1.0,-1.0
243.947189331,114.931465149,-1.0,-1.0
243.947189331,114.931465149,-1.0,-1.0
243.947189331,114.931465149,-1.0,-1.0
243.947189331,114.931465149,-1.0,-1.0
238.243515015,119.984886169,-1.0,-1.0
238.243515015,119.984886169,-1.0,-1.0
238.243515015,119.984886169,-1.0,-1.0
262.14944458,144.641448975,-1.0,-1.0
262.14944458,144.641448975,-1.0,-1.0
262.14944458,144.641448975,-1.0,-1.0
223.405197144,160.783874512,-1.0,-1.0
223.405197144,160.783874512,-1.0,-1.0
223.405197144,160.783874512,-1.0,-1.0
223.405197144,160.783874512,-1.0,-1.0
223.405197144,160.783874512,-1.0,-1.0
223.405197144,160.783874512,-1.0,-1.0
223.405197144,160.783874512,-1.0,-1.0
223.405197144,160.783874512,-1.0,-1.0
223.405197144,160.783874512,-1.0,-0.927856445312
223.405197144,160.783874512,-1.0,-0.690734863281
223.405197144,160.783874512,-1.0,-0.463928222656
223.405197144,160.783874512,-0.989715576172,-0.319610595703
223.405197144,160.783874512,-0.989715576172,-0.319610595703
223.405197144,160.783874512,-0.804138183594,-0.154663085938
223.405197144,160.783874512,-0.804138183594,-0.154663085938
260.169067383,149.227264404,-0.639190673828,0.0
260.169067383,149.227264404,-0.639190673828,0.0
260.169067383,149.227264404,-0.45361328125,0.0
260.169067383,149.227264404,-0.45361328125,0.0
260.169067383,149.227264404,-0.350524902344,0.0
260.169067383,149.227264404,-0.329925537109,0.0
260.169067383,149.227264404,-0.309295654297,0.0
260.169067383,149.227264404,-0.26806640625,0.0
260.169067383,149.227264404,-0.216522216797,0.0
260.169067383,149.227264404,-0.195892333984,0.0
260.169067383,149.227264404,-0.185577392578,0.0
260.169067383,149.227264404,-0.041259765625,0.0
385.384277344,137.457061768,-0.639190673828,0.0
385.384277344,137.457061768,-0.639190673828,0.0
385.384277344,137.457061768,-0.639190673828,0.0
385.384277344,137.457061768,-0.639190673828,0.0
385.384277344,137.457061768,-0.639190673828,0.0
385.384277344,137.457061768,-0.639190673828,0.0
385.384277344,137.457061768,-0.639190673828,0.0
385.384277344,137.457061768,-0.639190673828,0.0
385.384277344,137.457061768,-0.639190673828,0.0
385.384277344,137.457061768,-0.639190673828,0.0
385.384277344,137.457061768,-0.639190673828,0.0
385.384277344,137.457061768,-0.639190673828,0.0
385.384277344,137.457061768,-0.639190673828,0.0
385.384277344,137.457061768,-0.628875732422,0.0
385.384277344,137.457061768,-0.639190673828,0.0
385.384277344,137.457061768,-0.649505615234,0.0
385.384277344,137.457061768,-0.659820556641,0.0
385.384277344,137.457061768,-0.670104980469,0.0
385.384277344,137.457061768,-0.659820556641,0.0
385.384277344,137.457061768,-0.680419921875,0.0
385.384277344,137.457061768,-0.670104980469,0.0
385.384277344,137.457061768,-0.680419921875,0.0
385.384277344,137.457061768,-0.711364746094,0.0
385.384277344,137.457061768,-0.762908935547,0.0
339.593200684,130.776092529,-0.783508300781,0.0
339.593200684,130.776092529,-0.793823242188,0.0
339.593200684,130.776092529,-0.804138183594,0.0
339.593200684,130.776092529,-0.814453125,0.0
339.593200684,130.776092529,-0.824768066406,0.0
339.593200684,130.776092529,-0.835052490234,0.0
339.593200684,130.776092529,-1.0,0.0
339.593200684,130.776092529,-1.0,0.0
339.593200684,130.776092529,-1.0,0.0
339.593200684,130.776092529,-1.0,0.0
339.593200684,130.776092529,-1.0,-0.0309448242188
339.593200684,130.776092529,-1.0,-0.0721740722656
417.926330566,122.221031189,-1.0,-0.0618591308594
417.926330566,122.221031189,-1.0,-0.0721740722656
417.926330566,122.221031189,-1.0,-0.0618591308594
417.926330566,122.221031189,-1.0,-0.0721740722656
417.926330566,122.221031189,-1.0,-0.0618591308594
417.926330566,122.221031189,-1.0,-0.0721740722656
417.926330566,122.221031189,-1.0,-0.0618591308594
417.926330566,122.221031189,-1.0,-0.0721740722656
417.926330566,122.221031189,-1.0,-0.0618591308594
417.807128906,144.310440063,-1.0,-0.0721740722656
417.807128906,144.310440063,-1.0,-0.0618591308594
417.807128906,144.310440063,-1.0,-0.0515747070312
417.807128906,144.310440063,-1.0,-0.0618591308594
417.807128906,144.310440063,-1.0,-0.0515747070312
417.807128906,144.310440063,-1.0,-0.0618591308594
417.807128906,144.310440063,-1.0,-0.0515747070312
417.807128906,144.310440063,-1.0,-0.0618591308594
417.807128906,144.310440063,-1.0,-0.0515747070312
417.807128906,144.310440063,-1.0,-0.0618591308594
440.773406982,127.216148376,-1.0,-0.0515747070312
440.773406982,127.216148376,-1.0,-0.0618591308594
440.773406982,127.216148376,-1.0,-0.0515747070312
440.773406982,127.216148376,-1.0,-0.0618591308594
440.773406982,127.216148376,-1.0,-0.0515747070312
440.773406982,127.216148376,-1.0,-0.0618591308594
440.773406982,127.216148376,-1.0,-0.0515747070312
440.773406982,127.216148376,-1.0,-0.0618591308594
440.773406982,127.216148376,-1.0,-0.0515747070312
440.773406982,127.216148376,-1.0,-0.0618591308594
440.773406982,127.216148376,-1.0,-0.0515747070312
440.773406982,127.216148376,-1.0,-0.0618591308594
440.773406982,127.216148376,-1.0,-0.0515747070312
440.773406982,127.216148376,-1.0,-0.0618591308594
440.773406982,127.216148376,-1.0,-0.0515747070312
452.811706543,169.485656738,-1.0,-0.0618591308594
452.811706543,169.485656738,-1.0,-0.0515747070312
452.811706543,169.485656738,-1.0,-0.0618591308594
452.811706543,169.485656738,-1.0,-0.0515747070312
452.811706543,169.485656738,-1.0,-0.0618591308594
452.811706543,169.485656738,-1.0,-0.0515747070312
452.811706543,169.485656738,-1.0,-0.0618591308594
452.811706543,169.485656738,-1.0,-0.0515747070312
417.807128906,144.310470581,-1.0,-0.0618591308594
417.807128906,144.310470581,-1.0,-0.0515747070312
417.807128906,144.310470581,-1.0,-0.0618591308594
417.807128906,144.310470581,-1.0,-0.0515747070312
417.807128906,144.310470581,-1.0,-0.0618591308594
417.807128906,144.310470581,-1.0,-0.0515747070312
417.807128906,144.310470581,-1.0,-0.0618591308594
417.807128906,144.310470581,-1.0,-0.0515747070312
417.807128906,144.310470581,-1.0,-0.0618591308594
-1,-1,-1.0,-0.0515747070312
-1,-1,-1.0,-0.0618591308594
-1,-1,-1.0,-0.0515747070312
-1,-1,-1.0,-0.0618591308594
-1,-1,-1.0,-0.0515747070312
-1,-1,-1.0,-0.0618591308594
-1,-1,-1.0,-0.0515747070312
-1,-1,-1.0,-0.0618591308594
-1,-1,-1.0,-0.0515747070312
-1,-1,-1.0,-0.0618591308594
-1,-1,-1.0,-0.0515747070312
-1,-1,-1.0,-0.0618591308594
-1,-1,-1.0,-0.0515747070312
-1,-1,-1.0,-0.0618591308594
-1,-1,-1.0,-0.0515747070312
-1,-1,-1.0,-0.0618591308594
-1,-1,-1.0,-0.0515747070312
-1,-1,-1.0,-0.0618591308594
-1,-1,-1.0,-0.0515747070312
-1,-1,-1.0,-0.0618591308594
-1,-1,-1.0,-0.0515747070312
-1,-1,-1.0,-0.0618591308594
-1,-1,-1.0,-0.0515747070312
-1,-1,-1.0,-0.0618591308594
-1,-1,-1.0,-0.0515747070312
-1,-1,-1.0,-0.0618591308594
-1,-1,-1.0,-0.0515747070312
-1,-1,-1.0,-0.0618591308594
-1,-1,-1.0,-0.0515747070312
-1,-1,-1.0,-0.0618591308594
-1,-1,-1.0,-0.0515747070312
-1,-1,-1.0,-0.0618591308594
-1,-1,-1.0,-0.0515747070312
-1,-1,-1.0,-0.0618591308594
-1,-1,-1.0,-0.0515747070312
-1,-1,-1.0,-0.0618591308594
-1,-1,-1.0,-0.0515747070312
-1,-1,-1.0,-0.0618591308594
-1,-1,-1.0,-0.0721740722656
-1,-1,-1.0,-0.0618591308594
-1,-1,-1.0,-0.0515747070312
-1,-1,-1.0,-0.0618591308594
-1,-1,-1.0,-0.0721740722656
-1,-1,-1.0,-0.0618591308594
-1,-1,-1.0,-0.0721740722656
-1,-1,-1.0,-0.0618591308594
-1,-1,-1.0,-0.0721740722656
-1,-1,-1.0,-0.0618591308594
-1,-1,-1.0,-0.0721740722656
532.124389648,169.925933838,-1.0,-0.0618591308594
532.124389648,169.925933838,-1.0,-0.0721740722656
532.124389648,169.925933838,-1.0,-0.0618591308594
532.124389648,169.925933838,-1.0,-0.0721740722656
532.124389648,169.925933838,-1.0,-0.0618591308594
532.124389648,169.925933838,-1.0,-0.0721740722656
532.124389648,169.925933838,-1.0,-0.0618591308594
532.124389648,169.925933838,-1.0,-0.0721740722656
532.124389648,169.925933838,-1.0,-0.0618591308594
532.124389648,169.925933838,-1.0,-0.0721740722656
-1,-1,-1.0,-0.0618591308594
-1,-1,-1.0,-0.0721740722656
-1,-1,-1.0,-0.0618591308594
-1,-1,-1.0,-0.0721740722656
-1,-1,-1.0,-0.0618591308594
-1,-1,-1.0,-0.0721740722656
-1,-1,-1.0,-0.0618591308594
-1,-1,-1.0,-0.0721740722656
-1,-1,-1.0,-0.0824890136719
-1,-1,-1.0,-0.0928039550781
-1,-1,-1.0,-0.103118896484
565.802856445,90.7536087036,-1.0,-0.113403320312
565.802856445,90.7536087036,-1.0,-0.123718261719
565.802856445,90.7536087036,-1.0,-0.134033203125
565.802856445,90.7536087036,-1.0,-0.144348144531
565.802856445,90.7536087036,-1.0,-0.154663085938
632.183227539,108.522132874,-1.0,-0.164978027344
632.183227539,108.522132874,-1.0,-0.175262451172
632.183227539,108.522132874,-1.0,-0.185577392578
632.183227539,108.522132874,-1.0,-0.206207275391
632.183227539,108.522132874,-1.0,-0.237121582031
632.183227539,108.522132874,-1.0,-0.288665771484
632.183227539,108.522132874,-1.0,-0.319610595703
632.183227539,108.522132874,-1.0,-0.329925537109
632.183227539,108.522132874,-1.0,-0.381469726562
632.183227539,108.522132874,-1.0,-0.402069091797
632.183227539,108.522132874,-1.0,-0.422698974609
632.183227539,108.522132874,-1.0,-0.45361328125
632.183227539,108.522171021,-1.0,-0.463928222656
632.183227539,108.522171021,-1.0,-0.484558105469
632.183227539,108.522171021,-1.0,-0.505157470703
632.183227539,108.522171021,-1.0,-0.515472412109
632.183227539,108.522171021,-1.0,-0.536102294922
632.183227539,108.522171021,-1.0,-0.546417236328
632.183227539,108.522171021,-1.0,-0.536102294922
632.183227539,108.522171021,-1.0,-0.546417236328
632.183227539,108.522171021,-1.0,-0.536102294922
632.183227539,108.522171021,-1.0,-0.546417236328
632.183227539,108.522171021,-1.0,-0.536102294922
606.923339844,64.4102249146,-1.0,-0.546417236328
606.923339844,64.4102249146,-1.0,-0.536102294922
606.923339844,64.4102249146,-1.0,-0.546417236328
606.923339844,64.4102249146,-1.0,-0.536102294922
571.985839844,91.3528366089,-1.0,-0.546417236328
571.985839844,91.3528366089,-1.0,-0.536102294922
571.985839844,91.3528366089,-1.0,-0.546417236328
571.985839844,91.3528366089,-1.0,-0.556701660156
571.985839844,91.3528366089,-1.0,-0.567016601562
571.985839844,91.3528366089,-1.0,-0.597961425781
571.985839844,91.3528366089,-1.0,-0.618560791016
571.985839844,91.3528366089,-1.0,-0.670104980469
571.985839844,91.3528366089,-1.0,-0.690734863281
571.985839844,91.3528366089,-1.0,-0.711364746094
571.985839844,91.3528366089,-1.0,-0.7216796875
571.985839844,91.3528366089,-1.0,-0.731964111328
593.43927002,44.3895988464,-1.0,-0.742279052734
593.43927002,44.3895988464,-1.0,-0.762908935547
593.43927002,44.3895988464,-1.0,-0.814453125
593.43927002,44.3895988464,-1.0,-0.855682373047
593.43927002,44.3895988464,-1.0,-0.876312255859
593.43927002,44.3895988464,-1.0,-0.9072265625
593.43927002,44.3895988464,-1.0,-0.927856445312
593.43927002,44.3895988464,-1.0,-0.948455810547
593.43927002,44.3895988464,-1.0,-0.979400634766
593.43927002,44.3895988464,-1.0,-1.0
593.43927002,44.3895988464,-1.0,-1.0
593.43927002,44.3895988464,-1.0,-1.0
-1,-1,-1.0,-1.0
-1,-1,-1.0,-1.0
-1,-1,-1.0,-1.0
661.693786621,4.34663772583,-1.0,-1.0
661.693786621,4.34663772583,-1.0,-1.0
-1,-1,-1.0,-1.0
-1,-1,-1.0,-1.0
-1,-1,-1.0,-1.0
-1,-1,-1.0,-1.0
-1,-1,-0.969085693359,-1.0
-1,-1,-0.948455810547,-1.0
-1,-1,-0.927856445312,-1.0
-1,-1,-0.9072265625,-1.0
-1,-1,-0.876312255859,-1.0
-1,-1,-0.855682373047,-1.0
-1,-1,-0.845367431641,-1.0
-1,-1,-0.835052490234,-1.0
-1,-1,-0.824768066406,-1.0
-1,-1,-0.793823242188,-1.0
648.556030273,-0.911482870579,-0.762908935547,-1.0
648.556030273,-0.911482870579,-0.742279052734,-1.0
648.556030273,-0.911482870579,-0.711364746094,-1.0
648.556030273,-0.911482870579,-0.690734863281,-1.0
648.556030273,-0.911482870579,-0.680419921875,-1.0
648.556030273,-0.911482870579,-0.690734863281,-1.0
648.556030273,-0.911482870579,-0.680419921875,-1.0
648.556030273,-0.911482870579,-0.670104980469,-1.0
648.556030273,-0.911482870579,-0.659820556641,-1.0
648.556030273,-0.911482870579,-0.639190673828,-1.0
648.556030273,-0.911482870579,-0.628875732422,-1.0
648.556030273,-0.911482870579,-0.597961425781,-1.0
648.556030273,-0.911482870579,-0.587646484375,-1.0
648.556030273,-0.911482870579,-0.577331542969,-1.0
648.556030273,-0.911482870579,-0.587646484375,-1.0
648.556030273,-0.911482870579,-0.577331542969,-1.0
-1,-1,-0.587646484375,-1.0
-1,-1,-0.577331542969,-1.0
-1,-1,-0.567016601562,-1.0
-1,-1,-0.577331542969,-1.0
-1,-1,-0.567016601562,-1.0
-1,-1,-0.556701660156,-1.0
-1,-1,-0.546417236328,-1.0
-1,-1,-0.525787353516,-1.0
-1,-1,-0.484558105469,-1.0
-1,-1,-0.45361328125,-1.0
-1,-1,-0.433013916016,-1.0
-1,-1,-0.412384033203,-1.0
-1,-1,-0.381469726562,-1.0
-1,-1,-0.371154785156,-1.0
-1,-1,-0.36083984375,-1.0
-1,-1,-0.350524902344,-1.0
-1,-1,-0.36083984375,-1.0
-1,-1,-0.350524902344,-1.0
-1,-1,-0.36083984375,-1.0
-1,-1,-0.350524902344,-1.0
-1,-1,-0.36083984375,-1.0
-1,-1,-0.350524902344,-1.0
-1,-1,-0.340209960938,-1.0
-1,-1,-0.350524902344,-1.0
-1,-1,-0.340209960938,-1.0
-1,-1,-0.350524902344,-1.0
-1,-1,-0.340209960938,-1.0
-1,-1,-0.350524902344,-1.0
-1,-1,-0.340209960938,-1.0
-1,-1,-0.350524902344,-1.0
-1,-1,-0.340209960938,-1.0
-1,-1,-0.350524902344,-1.0
-1,-1,-0.340209960938,-1.0
-1,-1,-0.329925537109,-1.0
-1,-1,-0.319610595703,-1.0
-1,-1,-0.309295654297,-1.0
-1,-1,-0.26806640625,-1.0
-1,-1,-0.257751464844,-1.0
-1,-1,-0.247436523438,-1.0
-1,-1,-0.237121582031,-1.0
-1,-1,-0.226806640625,-1.0
-1,-1,-0.206207275391,-1.0
-1,-1,-0.195892333984,-1.0
-1,-1,-0.185577392578,-1.0
-1,-1,-0.175262451172,-1.0
-1,-1,-0.144348144531,-1.0
-1,-1,-0.103118896484,-1.0
-1,-1,-0.0515747070312,-1.0
-1,-1,0.0,-1.0
-1,-1,0.0,-1.0
-1,-1,0.0,-1.0
-1,-1,0.0,-1.0
-1,-1,0.0,-1.0
-1,-1,0.0,-1.0
-1,-1,0.0,-1.0
-1,-1,0.0,-1.0
-1,-1,0.0,-1.0
492.104644775,-43.613910675,0.0,-1.0
492.104644775,-43.613910675,0.0,-1.0
492.104644775,-43.613910675,0.0,-1.0
492.104644775,-43.613910675,0.0,-1.0
492.104644775,-43.613910675,0.0,-1.0
492.104644775,-43.613910675,0.0,-1.0
470.174438477,-76.9705810547,0.0,-1.0
470.174438477,-76.9705810547,0.0,-1.0
-1,-1,0.0,-1.0
-1,-1,0.0,-1.0
-1,-1,0.0,-1.0
-1,-1,0.0,-1.0
-1,-1,0.0,-1.0
-1,-1,0.0,-1.0
-1,-1,0.0,-1.0
-1,-1,0.0,-1.0
-1,-1,0.0,-1.0
-1,-1,0.0,-1.0
-1,-1,0.0,-1.0
-1,-1,0.0,-1.0
-1,-1,0.0,-1.0
-1,-1,0.0,-1.0
-1,-1,0.0,-1.0
-1,-1,0.0,-1.0
-1,-1,0.0,-1.0
-1,-1,0.0,-1.0
-1,-1,0.0,-1.0
-1,-1,0.0,-1.0
-1,-1,0.0,-1.0
-1,-1,0.0,-1.0
-1,-1,0.0,-1.0
-1,-1,0.0,-1.0
-1,-1,0.0,-1.0
-1,-1,0.0,-1.0
-1,-1,0.0,-1.0
-1,-1,0.0,-1.0
-1,-1,0.0,-1.0
-1,-1,0.0,-1.0
-1,-1,0.0,-1.0
-1,-1,0.0,-1.0
-1,-1,0.0,-1.0
-1,-1,0.0,-1.0
-1,-1,0.0,-1.0
-1,-1,0.0,-1.0
-1,-1,0.0,-1.0
-1,-1,0.0,-1.0
-1,-1,0.0,-1.0
-1,-1,0.0,-1.0
-1,-1,0.0,-1.0
-1,-1,0.0,-1.0
-1,-1,0.0,-1.0
-1,-1,0.0,-1.0
-1,-1,0.0,-1.0
-1,-1,0.0,-1.0
-1,-1,0.0,-1.0
-1,-1,0.0,-1.0
-1,-1,0.0,-1.0
-1,-1,0.0,-1.0
-1,-1,0.0,-1.0
-1,-1,0.0,-1.0
-1,-1,0.0,-1.0
399.389587402,-37.9741477966,0.0,-1.0
399.389587402,-37.9741477966,0.0,-1.0
399.389587402,-37.9741477966,0.0,-1.0
399.389587402,-37.9741477966,0.0,-1.0
399.389587402,-37.9741477966,0.0,-1.0
443.54385376,-42.3914833069,0.0,-1.0
443.54385376,-42.3914833069,0.0,-1.0
443.54385376,-42.3914833069,0.0,-1.0
443.54385376,-42.3914833069,0.0,-1.0
443.54385376,-42.3914833069,0.0,-1.0
443.54385376,-42.3914833069,0.0,-1.0
443.54385376,-42.3914833069,0.0,-1.0
443.54385376,-42.3914833069,0.0,-1.0
443.54385376,-42.3914833069,0.0,-1.0
443.54385376,-42.3914833069,0.0,-1.0
372.305206299,2.81830716133,0.0,-1.0
372.305206299,2.81830716133,0.0,-1.0
372.305206299,2.81830716133,0.0,-1.0
372.305206299,2.81830716133,0.0,-1.0
372.305206299,2.81830716133,0.0,-1.0
372.305206299,2.81830716133,0.0,-1.0
372.305206299,2.81830716133,0.0,-1.0
356.71270752,-58.0146713257,0.0,-1.0
356.71270752,-58.0146713257,0.0,-1.0
356.71270752,-58.0146713257,0.0,-1.0
356.71270752,-58.0146713257,0.0,-1.0
356.71270752,-58.0146713257,0.0,-1.0
356.71270752,-58.0146713257,0.0,-1.0
356.71270752,-58.0146713257,0.0,-1.0
356.71270752,-58.0146713257,0.0,-1.0
356.71270752,-58.0146713257,0.0,-1.0
356.71270752,-58.0146713257,0.0,-1.0
370.234954834,-24.8497848511,0.0,-1.0
370.234954834,-24.8497848511,0.0,-1.0
370.234954834,-24.8497848511,0.0,-1.0
370.234954834,-24.8497848511,0.0,-1.0
370.234954834,-24.8497848511,0.0,-1.0
370.234954834,-24.8497848511,0.0,-1.0
370.234954834,-24.8497848511,0.0,-1.0
370.234954834,-24.8497848511,0.0,-1.0
370.234954834,-24.8497848511,0.0,-1.0
370.234954834,-24.8497848511,0.0,-1.0
370.234954834,-24.8497848511,0.0,-1.0
328.157928467,-53.971698761,0.0,-1.0
328.157928467,-53.971698761,0.0,-1.0
328.157928467,-53.971698761,0.0,-1.0
328.157928467,-53.971698761,0.0,-1.0
328.157928467,-53.971698761,0.0,-1.0
328.157928467,-53.971698761,0.0,-1.0
328.157928467,-53.971698761,0.0,-1.0
328.157928467,-53.971698761,0.0,-1.0
317.596160889,-28.1788463593,0.0,-1.0
317.596160889,-28.1788463593,0.0,-1.0
317.596160889,-28.1788463593,0.0,-1.0
317.596160889,-28.1788463593,0.0,-1.0
317.596160889,-28.1788463593,0.0,-1.0
317.596160889,-28.1788463593,0.0,-1.0
317.596160889,-28.1788463593,0.0,-1.0
317.596160889,-28.1788463593,0.0,-1.0
317.596160889,-28.1788463593,0.0,-1.0
317.596160889,-28.1788463593,0.0,-1.0
321.177978516,-28.2864704132,0.0,-1.0
321.177978516,-28.2864704132,0.0,-1.0
321.177978516,-28.2864704132,0.0,-1.0
321.177978516,-28.2864704132,0.0,-1.0
321.177978516,-28.2864704132,0.0,-1.0
321.177978516,-28.2864704132,0.0,-1.0
311.097015381,-30.5741634369,0.0,-1.0
311.097015381,-30.5741634369,0.0,-1.0
311.097015381,-30.5741634369,0.0,-1.0
311.097015381,-30.5741634369,0.0,-1.0
311.097015381,-30.5741634369,0.0,-1.0
311.097015381,-30.5741634369,0.0,-1.0
301.819641113,-21.5463504791,0.0,-1.0
301.819641113,-21.5463504791,0.0,-1.0
301.819641113,-21.5463504791,0.0,-1.0
301.819641113,-21.5463504791,0.0,-1.0
301.819641113,-21.5463504791,0.0,-1.0
301.819641113,-21.5463504791,0.0,-1.0
301.819641113,-21.5463504791,0.0,-1.0
301.819641113,-21.5463504791,0.0,-1.0
301.819641113,-21.5463504791,0.0,-1.0
301.819641113,-21.5463504791,0.0,-1.0
301.819641113,-21.5463504791,0.0,-1.0
301.819641113,-21.5463504791,0.0,-1.0
251.775848389,-31.2909927368,0.0,-1.0
251.775848389,-31.2909927368,0.0,-1.0
251.775848389,-31.2909927368,0.0,-1.0
251.775848389,-31.2909927368,0.0,-1.0
251.775848389,-31.2909927368,0.0,-1.0
251.775848389,-31.2909927368,0.0,-1.0
251.775848389,-31.2909927368,0.0,-1.0
251.775848389,-31.2909927368,0.0,-1.0
246.815597534,-33.0783538818,0.0,-1.0
246.815597534,-33.0783538818,0.0,-1.0
246.815597534,-33.0783538818,0.0,-1.0
246.815597534,-33.0783538818,0.0,-1.0
246.815597534,-33.0783538818,0.0,-1.0
246.815597534,-33.0783538818,0.0,-1.0
246.815597534,-33.0783538818,0.0,-1.0
258.800048828,-21.9540138245,0.0,-1.0
258.800048828,-21.9540138245,0.0,-1.0
258.800048828,-21.9540138245,0.0,-1.0
258.800048828,-21.9540138245,0.0,-1.0
258.800048828,-21.9540138245,0.0,-1.0
258.800048828,-21.9540138245,0.0,-1.0
258.800048828,-21.9540138245,0.0,-1.0
258.800048828,-21.9540138245,0.0,-1.0
258.800048828,-21.9540138245,0.0,-1.0
258.800048828,-21.9540138245,0.0,-1.0
258.800048828,-21.9540138245,0.0,-1.0
258.800048828,-21.9540138245,0.0,-1.0
258.800048828,-21.9540138245,0.0,-1.0
258.800048828,-21.9540138245,0.0,-1.0
258.800048828,-21.9540138245,0.0,-1.0
258.800048828,-21.9540138245,0.0,-1.0
265.969787598,-1.47890496254,0.0,-1.0
265.969787598,-1.47890496254,0.0,-1.0
265.969787598,-1.47890496254,0.0,-1.0
265.969787598,-1.47890496254,0.0,-1.0
265.969787598,-1.47890496254,0.0,-1.0
265.969787598,-1.47890496254,0.0,-1.0
265.969787598,-1.47890496254,0.0,-1.0
265.969787598,-1.47890496254,0.0,-1.0
271.561981201,1.4909106493,0.0,-1.0
271.561981201,1.4909106493,0.0,-1.0
271.561981201,1.4909106493,0.0,-1.0
271.561981201,1.4909106493,0.0,-1.0
271.561981201,1.4909106493,0.0,-1.0
271.561981201,1.4909106493,0.0,-1.0
271.561981201,1.4909106493,0.0,-1.0
273.090789795,-23.911447525,0.0,-1.0
273.090789795,-23.911447525,0.0,-1.0
273.090789795,-23.911447525,0.0,-1.0
273.090789795,-23.911447525,0.0,-1.0
273.090789795,-23.911447525,0.0,-1.0
273.090789795,-23.911447525,0.0,-1.0
273.090789795,-23.911447525,0.0,-1.0
273.090789795,-23.911447525,0.0,-1.0
273.090789795,-23.911447525,0.0,-1.0
273.090789795,-23.911447525,0.0,-1.0
273.090789795,-23.911447525,0.0,-1.0
274.854980469,-1.49592208862,0.0,-1.0
274.854980469,-1.49592208862,0.0,-1.0
274.854980469,-1.49592208862,0.0,-1.0
274.854980469,-1.49592208862,0.0,-1.0
298.410705566,-13.7969474792,0.0,-1.0
298.410705566,-13.7969474792,0.0,-1.0
298.410705566,-13.7969474792,0.0,-1.0
298.410705566,-13.7969474792,0.0,-1.0
298.410705566,-13.7969474792,0.0,-1.0
298.410705566,-13.7969474792,0.0,-1.0
298.410705566,-13.7969474792,0.0,-1.0
298.410705566,-13.7969474792,0.0,-1.0
298.410705566,-13.7969474792,0.0,-1.0
291.335968018,4.14359712601,0.0,-1.0
291.335968018,4.14359712601,0.0,-1.0
291.335968018,4.14359712601,0.0,-1.0
291.335968018,4.14359712601,0.0,-1.0
291.335968018,4.14359712601,0.0,-1.0
291.335968018,4.14359712601,0.0,-1.0
291.335968018,4.14359712601,0.0,-1.0
291.335968018,4.14359712601,0.0,-1.0
291.335968018,4.14359712601,0.0,-1.0
291.335968018,4.14359712601,0.0,-1.0
291.335968018,4.14359712601,0.0,-1.0
291.335968018,4.14359712601,0.0,-1.0
308.582061768,19.5540771484,0.0,-1.0
308.582061768,19.5540771484,0.0,-1.0
308.582061768,19.5540771484,0.0,-1.0
308.582061768,19.5540771484,0.0,-1.0
308.582061768,19.5540771484,0.0,-1.0
308.582061768,19.5540771484,0.0,-1.0
308.582061768,19.5540771484,0.0,-1.0
308.582061768,19.5540771484,0.0,-1.0
308.582061768,19.5540771484,0.0,-1.0
296.604797363,-13.6475152969,0.0,-1.0
296.604797363,-13.6475152969,0.0,-1.0
296.604797363,-13.6475152969,0.0,-1.0
296.604797363,-13.6475152969,0.0,-1.0
296.604797363,-13.6475152969,0.0,-1.0
296.604797363,-13.6475152969,0.0,-1.0
296.604797363,-13.6475152969,0.0,-1.0
296.604797363,-13.6475152969,0.0,-1.0
296.604797363,-13.6475152969,0.0,-1.0
277.963531494,11.7752895355,0.0,-1.0
277.963531494,11.7752895355,0.0,-1.0
277.963531494,11.7752895355,0.0,-1.0
277.963531494,11.7752895355,0.0,-1.0
277.963531494,11.7752895355,0.0,-1.0
277.963531494,11.7752895355,0.0,-1.0
321.282836914,-3.1401309967,0.0,-1.0
321.282836914,-3.1401309967,0.0,-1.0
321.282836914,-3.1401309967,0.0,-1.0
321.282836914,-3.1401309967,0.0,-1.0
321.282836914,-3.1401309967,0.0,-1.0
321.282836914,-3.1401309967,0.0,-1.0
321.282836914,-3.1401309967,0.0,-1.0
321.282836914,-3.1401309967,0.0,-1.0
321.282836914,-3.1401309967,0.0,-1.0
321.282836914,-3.1401309967,0.0,-1.0
294.631591797,25.3737316132,0.0,-1.0
294.631591797,25.3737316132,0.0,-1.0
280.053649902,8.14220428467,0.0,-1.0
280.053649902,8.14220428467,0.0,-1.0
280.053649902,8.14220428467,0.0,-1.0
280.053649902,8.14220428467,0.0,-1.0
280.053649902,8.14220428467,0.0,-1.0
280.053649902,8.14220428467,0.0,-1.0
280.053649902,8.14220428467,0.0,-1.0
280.053649902,8.14220428467,0.0,-1.0
312.382141113,1.55530810356,0.0,-1.0
312.382141113,1.55530810356,0.0,-1.0
312.382141113,1.55530810356,0.0,-1.0
312.382141113,1.55530810356,0.0,-1.0
312.382141113,1.55530810356,0.0,-1.0
284.258453369,18.8332557678,0.0,-1.0
284.258453369,18.8332557678,0.0,-1.0
284.258453369,18.8332557678,0.0,-1.0
284.258453369,18.8332557678,0.0,-1.0
284.258453369,18.8332557678,0.0,-1.0
284.258453369,18.8332557678,0.0,-1.0
284.258453369,18.8332557678,0.0,-1.0
284.258453369,18.8332557678,0.0,-1.0
284.258453369,18.8332557678,0.0,-1.0
284.258453369,18.8332557678,0.0,-1.0
284.258453369,18.8332557678,0.0,-1.0
284.258453369,18.8332557678,0.0,-1.0
284.258453369,18.8332557678,0.0,-1.0
300.151367188,9.21338558197,0.0,-1.0
300.151367188,9.21338558197,0.0,-1.0
300.151367188,9.21338558197,0.0,-1.0
300.151367188,9.21338558197,0.0,-1.0
300.151367188,9.21338558197,0.0,-1.0
300.151367188,9.21338558197,0.0,-1.0
293.158660889,28.2189846039,0.0,-1.0
293.158660889,28.2189846039,0.0,-1.0
293.158660889,28.2189846039,0.0,-1.0
293.158660889,28.2189846039,0.0,-1.0
-1,-1,0.0,-1.0
-1,-1,0.0,-1.0
-1,-1,0.0,-1.0
-1,-1,0.0,-1.0
-1,-1,0.0,-1.0
-1,-1,0.0,-1.0
-1,-1,0.0,-1.0
-1,-1,0.0,-1.0
269.816741943,11.5887260437,0.0,-1.0
269.816741943,11.5887260437,0.0,-1.0
269.816741943,11.5887260437,0.0,-1.0
269.816741943,11.5887260437,0.0,-1.0
314.133880615,10.9087991714,0.0,-1.0
314.133880615,10.9087991714,0.0,-1.0
314.133880615,10.9087991714,0.0,-1.0
314.133880615,10.9087991714,0.0,-1.0
314.133880615,10.9087991714,0.0,-1.0
314.133880615,10.9087991714,0.0,-1.0
314.133880615,10.9087991714,0.0,-1.0
314.133880615,10.9087991714,0.0,-1.0
272.612091064,20.53997612,0.0,-1.0
272.612091064,20.53997612,0.0,-1.0
288.013671875,33.4069213867,0.0,-1.0
288.013671875,33.4069213867,0.0,-1.0
288.013671875,33.4069213867,0.0,-1.0
288.013671875,33.4069213867,0.0,-1.0
288.013671875,33.4069213867,0.0,-1.0
288.013671875,33.4069213867,0.0,-1.0
288.013671875,33.4069213867,0.0,-1.0
288.013671875,33.4069213867,0.0,-1.0
284.527526855,66.5993804932,0.0,-1.0
284.527526855,66.5993804932,0.0,-1.0
284.527526855,66.5993804932,0.0,-1.0
284.527526855,66.5993804932,0.0,-1.0
284.527526855,66.5993804932,0.0,-1.0
284.527526855,66.5993804932,0.0,-1.0
284.527526855,66.5993804932,0.0,-1.0
284.527526855,66.5993804932,0.0,-1.0
284.527526855,66.5993804932,0.0,-1.0
284.527526855,66.5993804932,0.0,-1.0
284.527526855,66.5993804932,-0.0103149414062,-1.0
284.527526855,66.5993804932,-0.0309448242188,-1.0
284.527526855,66.5993804932,-0.0721740722656,-1.0
284.527526855,66.5993804932,-0.0824890136719,-1.0
284.527526855,66.5993804932,-0.123718261719,-1.0
280.61340332,68.1536178589,-0.134033203125,-1.0
280.61340332,68.1536178589,-0.154663085938,-1.0
280.61340332,68.1536178589,-0.185577392578,-1.0
280.61340332,68.1536178589,-0.195892333984,-1.0
280.61340332,68.1536178589,-0.216522216797,-1.0
280.61340332,68.1536178589,-0.26806640625,-1.0
280.61340332,68.1536178589,-0.340209960938,-1.0
280.61340332,68.1536178589,-0.371154785156,-1.0
280.61340332,68.1536178589,-0.422698974609,-1.0
280.61340332,68.1536178589,-0.433013916016,-1.0
280.61340332,68.1536178589,-0.45361328125,-1.0
280.61340332,68.1536178589,-0.484558105469,-1.0
280.61340332,68.1536178589,-0.494873046875,-1.0
280.61340332,68.1536178589,-0.556701660156,-1.0
280.61340332,68.1536178589,-0.567016601562,-1.0
280.61340332,68.1536178589,-0.587646484375,-1.0
280.61340332,68.1536178589,-0.577331542969,-1.0
280.61340332,68.1536178589,-0.587646484375,-1.0
241.639328003,61.2941322327,-0.597961425781,-1.0
241.639328003,61.2941322327,-0.587646484375,-1.0
241.639328003,61.2941322327,-0.597961425781,-1.0
241.639328003,61.2941322327,-0.618560791016,-1.0
241.639328003,61.2941322327,-0.639190673828,-1.0
241.639328003,61.2941322327,-0.649505615234,-1.0
241.639328003,61.2941322327,-0.659820556641,-1.0
241.639328003,61.2941322327,-0.670104980469,-1.0
241.639328003,61.2941322327,-0.659820556641,-1.0
241.639328003,61.2941322327,-0.670104980469,-1.0
241.639328003,61.2941322327,-0.680419921875,-1.0
241.639328003,61.2941322327,-0.670104980469,-1.0
241.639328003,61.2941322327,-0.659820556641,-1.0
241.639328003,61.2941322327,-0.670104980469,-1.0
241.639328003,61.2941322327,-0.680419921875,-1.0
241.639328003,61.2941322327,-0.670104980469,-1.0
-1,-1,-0.680419921875,-1.0
-1,-1,-0.670104980469,-1.0
-1,-1,-0.680419921875,-1.0
-1,-1,-0.670104980469,-1.0
-1,-1,-0.680419921875,-1.0
-1,-1,-0.670104980469,-1.0
-1,-1,-0.680419921875,-1.0
-1,-1,-0.670104980469,-1.0
-1,-1,-0.680419921875,-1.0
-1,-1,-0.670104980469,-1.0
-1,-1,-0.680419921875,-1.0
-1,-1,-0.690734863281,-1.0
-1,-1,-0.701049804688,-1.0
-1,-1,-0.711364746094,-1.0
-1,-1,-0.7216796875,-1.0
-1,-1,-0.731964111328,-1.0
-1,-1,-0.742279052734,-1.0
-1,-1,-0.752593994141,-1.0
-1,-1,-0.762908935547,-1.0
-1,-1,-0.783508300781,-1.0
-1,-1,-0.793823242188,-1.0
-1,-1,-0.804138183594,-1.0
-1,-1,-0.814453125,-1.0
-1,-1,-0.824768066406,-1.0
-1,-1,-0.835052490234,-1.0
-1,-1,-0.845367431641,-1.0
-1,-1,-0.835052490234,-1.0
-1,-1,-0.845367431641,-1.0
-1,-1,-0.855682373047,-1.0
-1,-1,-0.865997314453,-1.0
-1,-1,-0.896911621094,-1.0
-1,-1,-0.917541503906,-1.0
-1,-1,-0.927856445312,-1.0
-1,-1,-0.948455810547,-1.0
-1,-1,-0.958770751953,-1.0
-1,-1,-0.969085693359,-1.0
-1,-1,-0.979400634766,-1.0
-1,-1,-0.989715576172,-1.0
-1,-1,-1.0,-1.0
-1,-1,-1.0,-1.0
-1,-1,-1.0,-1.0
-1,-1,-1.0,-1.0
-1,-1,-1.0,-1.0
-1,-1,-1.0,-1.0
-1,-1,-1.0,-1.0
-1,-1,-1.0,-1.0
-1,-1,-1.0,-1.0
-1,-1,-1.0,-1.0
-1,-1,-1.0,-1.0
-1,-1,-0.969085693359,-1.0
-1,-1,-0.793823242188,-1.0
-1,-1,-0.793823242188,-1.0
-1,-1,-0.639190673828,-0.814453125
-1,-1,-0.639190673828,-0.814453125
-1,-1,-0.422698974609,-0.536102294922
-1,-1,-0.422698974609,-0.536102294922
-1,-1,-0.195892333984,-0.0928039550781
-1,-1,-0.195892333984,-0.0928039550781
