3.31125838191,2.44522118608,7.61214822378,3.7422930488,7.61036952677,1.14229365721,0.499998509884,-1.3859165847e-05,4.8,1.3,4.8,-1.3,-2.80958628654,-2.44749975204,0.00068411428947,0.0,-0.123718261719,0.0,0.0
3.31125838191,2.44522118608,7.61214822378,3.7422930488,7.61036952677,1.14229365721,0.499998509884,-1.3859165847e-05,4.8,1.3,4.8,-1.3,-2.80958628654,-2.44749975204,0.00068411428947,0.0,-0.123718261719,0.0,0.0
3.31128083185,2.44519979539,7.61217979925,3.7422413967,7.61038280978,1.1422420177,0.499998509884,-1.38569539558e-05,4.8,1.3,4.8,-1.3,-2.80959153175,-2.44750165939,0.000691149849445,0.0,-0.237121582031,0.0,0.0
3.31135465966,2.4451345967,7.61228140373,3.74208407886,7.61042873223,1.14208473894,0.499998509884,-1.38468894875e-05,4.8,1.3,4.8,-1.3,-2.80961298943,-2.44750738144,0.000712566019502,0.0,-0.298980712891,0.0,0.0
3.31159519992,2.44479740383,7.61265268152,3.74131325104,7.6105378762,1.14131411112,0.499998509884,-1.38411214721e-05,4.8,1.3,4.8,-1.3,-2.80960702896,-2.44750404358,0.00081338675227,0.0,-0.36083984375,0.0,0.0
3.31201113833,2.44423340518,7.61328310328,3.74003750329,7.61073806054,1.14003874891,0.499998509884,-1.38315372169e-05,4.8,1.3,4.8,-1.3,-2.80961847305,-2.44748806953,0.000978862750344,0.0,-0.402069091797,0.0,0.0
3.31206973577,2.44415554916,7.61336329782,3.73988794147,7.61077491982,1.13988922987,0.499998509884,-1.38169980346e-05,4.8,1.3,4.8,-1.3,-2.80963635445,-2.44746541977,0.000995530164801,0.0,-0.412384033203,0.0,0.0
3.31200736489,2.44423812983,7.61326647352,3.74008488368,7.6107472262,1.14008610418,0.499998509884,-1.38130444611e-05,4.8,1.3,4.8,-1.3,-2.80963897705,-2.44745993614,0.000968941429164,0.0,-0.422698974609,0.0,0.0
3.31158712775,2.44472933132,7.61263366821,3.74128139908,7.61054080354,1.1412822414,0.499998509884,-1.37663137139e-05,4.8,1.3,4.8,-1.3,-2.80961966515,-2.44740796089,0.000804948038422,0.0,-0.412384033203,0.0,0.0
3.31158712775,2.44472933132,7.61263366821,3.74128139908,7.61054080354,1.1412822414,0.499998509884,-1.37663137139e-05,4.8,1.3,4.8,-1.3,-2.80961966515,-2.44740796089,0.000804948038422,0.0,-0.422698974609,0.0,0.0
3.31062431568,2.44577535536,7.61124065087,3.74375358913,7.61001001031,1.14375388037,0.499998509884,-1.36702383315e-05,4.8,1.3,4.8,-1.3,-2.80946779251,-2.44735574722,0.000473323307233,0.0,-0.412384033203,0.0,0.0
3.31034156016,2.44609853022,7.61087562627,3.7443492513,7.60980976279,1.14434946977,0.499998509884,-1.36051503432e-05,4.8,1.3,4.8,-1.3,-2.80934000015,-2.44746899605,0.000409947504522,0.0,-0.402069091797,0.0,0.0
3.30300155302,2.45692629607,7.59967783597,3.76788808127,7.60630028445,1.16789651529,0.499998509884,-1.3487508113e-05,4.8,1.3,4.8,-1.3,-2.80925035477,-2.44851875305,-0.0025470983237,0.0,-0.412384033203,0.0,0.0
3.29074817126,2.4774697378,7.5807994519,3.80995141256,7.60045394335,1.2100257019,0.499998509884,-1.33034600367e-05,4.8,1.3,4.8,-1.3,-2.80938386917,-2.45253610611,-0.00755949178711,0.0,-0.402069091797,0.0,0.0
3.29074817126,2.4774697378,7.5807994519,3.80995141256,7.60045394335,1.2100257019,0.499998509884,-1.33034600367e-05,4.8,1.3,4.8,-1.3,-2.80938386917,-2.45253610611,-0.00755949178711,0.0,-0.412384033203,0.0,0.0
3.28760019735,2.48620123849,7.57584138773,3.82449662481,7.59902000476,1.22459994384,0.499998509884,-1.31664401124e-05,4.8,1.3,4.8,-1.3,-2.80963516235,-2.45680713654,-0.00891497079283,0.0,-0.402069091797,0.0,0.0
3.28684687258,2.4877269777,7.57466898678,3.82736443913,7.59866133112,1.22747514006,0.499998509884,-1.31522920128e-05,4.8,1.3,4.8,-1.3,-2.80966472626,-2.45730376244,-0.00922795571387,0.0,-0.412384033203,0.0,0.0
3.28887508653,2.49693640858,7.57750259337,3.83399301433,7.59993037294,1.23408974792,0.499998509884,-1.28631972984e-05,4.8,1.3,4.8,-1.3,-2.81029295921,-2.46848630905,-0.00862617604434,0.0,-0.422698974609,0.0,0.0
3.29250068681,2.49550110911,7.5829738404,3.8266232522,7.60180476378,1.22669144611,0.499998509884,-1.27793755382e-05,4.8,1.3,4.8,-1.3,-2.81048989296,-2.47160196304,-0.00724272616208,0.0,-0.433013916016,0.0,0.0
3.31447914146,2.48123724346,7.61558923294,3.77757702838,7.61336891543,1.17757797642,0.499998509884,-1.23237941807e-05,4.8,1.3,4.8,-1.3,-2.81236052513,-2.48407912254,0.000853968376759,0.0,-0.443328857422,0.0,0.0
3.31507383717,2.48090370975,7.61645551066,3.77634205624,7.61369030628,1.17634352669,0.499998509884,-1.23059317048e-05,4.8,1.3,4.8,-1.3,-2.81243491173,-2.48444032669,0.00106354034506,0.0,-0.433013916016,0.0,0.0
3.31783932998,2.47894810457,7.62048107929,3.7701950225,7.61518275414,1.17020042101,0.499998509884,-1.22349247249e-05,4.8,1.3,4.8,-1.3,-2.8127822876,-2.48571634293,0.00203781877644,0.0,-0.443328857422,0.0,0.0
3.32147448777,2.48071877356,7.62492653274,3.76926212986,7.61799492328,1.16927136973,0.499998509884,-1.17958934425e-05,4.8,1.3,4.8,-1.3,-2.81485056877,-2.48957681656,0.00266600679606,0.0,-0.45361328125,0.0,0.0
3.32395918548,2.47774909806,7.62858412442,3.76236868513,7.61928227288,1.1623853245,0.499998509884,-1.17435538414e-05,4.8,1.3,4.8,-1.3,-2.81507492065,-2.48963689804,0.00357764284126,0.0,-0.443328857422,0.0,0.0
3.32584819484,2.47541365961,7.63137694987,3.75700072192,7.62024367612,1.15702455853,0.499998509884,-1.17090803542e-05,4.8,1.3,4.8,-1.3,-2.81521940231,-2.4896440506,0.00428204145283,0.0,-0.45361328125,0.0,0.0
3.33552319936,2.46268702523,7.64571114245,3.72851589064,7.62506733292,1.1285978471,0.499998509884,-1.15408211059e-05,4.8,1.3,4.8,-1.3,-2.8158659935,-2.48910474777,0.00794001016766,0.0,-0.443328857422,0.0,0.0
3.34033804189,2.45590824123,7.65283706769,3.71384097392,7.62743165246,1.11396509903,0.499998509884,-1.14586246127e-05,4.8,1.3,4.8,-1.3,-2.81618261337,-2.48844194412,0.00977146904916,0.0,-0.45361328125,0.0,0.0
3.34815827498,2.44378759541,7.66436998923,3.68892157343,7.63125213655,1.08913250356,0.499998509884,-1.12962634375e-05,4.8,1.3,4.8,-1.3,-2.81676006317,-2.48624825478,0.0127379801124,0.0,-0.443328857422,0.0,0.0
3.3555228561,2.4325580896,7.6753805535,3.66498311746,7.63461114386,1.06530278033,0.499998509884,-1.12153775262e-05,4.8,1.3,4.8,-1.3,-2.81696796417,-2.48488664627,0.0156811848283,0.0,-0.45361328125,0.0,0.0
3.37976692041,2.39413114984,7.71161031917,3.5837420566,7.64511393853,0.98459253582,0.499998509884,-1.09714283099e-05,4.8,1.3,4.8,-1.3,-2.81743168831,-2.47979831696,0.0255783200264,0.0,-0.443328857422,0.0,0.0
3.38100757238,2.39032741537,7.71343468382,3.57781066106,7.64566182683,0.978694111181,0.499998509884,-1.08921576611e-05,4.8,1.3,4.8,-1.3,-2.81755280495,-2.4776570797,0.0260694362223,0.0,-0.45361328125,0.0,0.0
3.269087684,2.45957896946,7.54579391276,3.83428661084,7.59107951458,1.23468102263,0.499998509884,-9.40435620578e-06,4.8,1.3,4.8,-1.3,-2.81143307686,-2.4022758007,-0.0174184199423,0.0,-0.463928222656,0.0,0.0
3.26691919189,2.45932883988,7.54265179255,3.83706169523,7.58977651585,1.2374887956,0.499998509884,-9.33767478273e-06,4.8,1.3,4.8,-1.3,-2.81095910072,-2.39972162247,-0.0181258860976,0.0,-0.45361328125,0.0,0.0
3.26708936335,2.45618177382,7.5431832378,3.83279286751,7.58962601521,1.23320769513,0.499998509884,-9.27357632463e-06,4.8,1.3,4.8,-1.3,-2.81044340134,-2.3974404335,-0.0178635567427,0.0,-0.463928222656,0.0,0.0
3.26845959557,2.45164910772,7.54561403664,3.82496140028,7.59005163161,1.22534117799,0.499998509884,-9.21177161217e-06,4.8,1.3,4.8,-1.3,-2.80988574028,-2.39543771744,-0.0170922148973,0.0,-0.45361328125,0.0,0.0
3.26845959557,2.45164910772,7.54561403664,3.82496140028,7.59005163161,1.22534117799,0.499998509884,-9.21177161217e-06,4.8,1.3,4.8,-1.3,-2.80988574028,-2.39543771744,-0.0170922148973,0.0,-0.463928222656,0.0,0.0
3.31334414891,2.36654410752,7.63805744276,3.58182778626,7.58698076992,0.982329532077,0.49999538064,-7.60279863243e-06,4.8,1.3,4.8,-1.3,-2.76621890068,-2.43118524551,0.0196461379528,0.0,-0.463928222656,0.0,0.0
3.31334414891,2.36654410752,7.63805744276,3.58182778626,7.58698076992,0.982329532077,0.49999538064,-7.60279863243e-06,4.8,1.3,4.8,-1.3,-2.76621890068,-2.43118524551,0.0196461379528,0.0,-0.463928222656,0.0,0.0
3.31223766605,2.36813450856,7.63696738545,3.58335966203,7.58585557463,0.983862098503,0.49999538064,-7.53571566747e-06,4.8,1.3,4.8,-1.3,-2.76504850388,-2.43279767036,0.0196596551687,0.0,-0.463928222656,0.0,0.0
3.31223766605,2.36813450856,7.63696738545,3.58335966203,7.58585557463,0.983862098503,0.49999538064,-7.53571566747e-06,4.8,1.3,4.8,-1.3,-2.76504850388,-2.43279767036,0.0196596551687,0.0,-0.463928222656,-0.0309448242188,0.0
3.31166162222,2.36891175285,7.63663555826,3.58326738175,7.58500115289,0.983780146122,0.49999538064,-7.46702926335e-06,4.8,1.3,4.8,-1.3,-2.76396799088,-2.43421959877,0.0198606923223,0.0,-0.463928222656,-0.0721740722656,0.0
3.31166162222,2.36891175285,7.63663555826,3.58326738175,7.58500115289,0.983780146122,0.49999538064,-7.46702926335e-06,4.8,1.3,4.8,-1.3,-2.76396799088,-2.43421959877,0.0198606923223,0.0,-0.463928222656,-0.113403320312,0.0
3.31186744876,2.36848008992,7.63744758824,3.58067455213,7.58451437276,0.981213439766,0.49999538064,-7.39643564884e-06,4.8,1.3,4.8,-1.3,-2.76296591759,-2.43542265892,0.0203603357077,0.0,-0.463928222656,-0.123718261719,0.0
3.31217604498,2.36779874701,7.63839223177,3.57772117146,7.58409378475,0.978288218173,0.49999538064,-7.32362468625e-06,4.8,1.3,4.8,-1.3,-2.76200914383,-2.43646121025,0.0208855364472,0.0,-0.463928222656,-0.134033203125,0.0
3.31514865329,2.36329700872,7.64334178837,3.56612815128,7.58478359643,0.966787669897,0.49999538064,-7.24827714293e-06,4.8,1.3,4.8,-1.3,-2.76108527184,-2.43736982346,0.0225242860615,0.0,-0.474243164062,-0.123718261719,0.0
3.31514865329,2.36329700872,7.64334178837,3.56612815128,7.58478359643,0.966787669897,0.49999538064,-7.24827714293e-06,4.8,1.3,4.8,-1.3,-2.76108527184,-2.43736982346,0.0225242860615,0.0,-0.474243164062,-0.123718261719,0.0
3.32019061877,2.35580286356,7.65136693825,3.54784735397,7.58633318085,0.948660825381,0.49999538064,-7.17344437362e-06,4.8,1.3,4.8,-1.3,-2.76023077965,-2.43812084198,0.0250155925751,0.0,-0.463928222656,-0.134033203125,0.0
3.32019061877,2.35580286356,7.65136693825,3.54784735397,7.58633318085,0.948660825381,0.49999538064,-7.17344437362e-06,4.8,1.3,4.8,-1.3,-2.76023077965,-2.43812084198,0.0250155925751,0.0,-0.463928222656,-0.134033203125,0.0
3.32712026389,2.34555722141,7.66216588593,3.52345265456,7.58864532583,0.924492337966,0.49999538064,-7.10387121217e-06,4.8,1.3,4.8,-1.3,-2.75946879387,-2.43870782852,0.0282809082419,0.0,-0.474243164062,-0.144348144531,0.0
3.32712026389,2.34555722141,7.66216588593,3.52345265456,7.58864532583,0.924492337966,0.49999538064,-7.10387121217e-06,4.8,1.3,4.8,-1.3,-2.75946879387,-2.43870782852,0.0282809082419,0.0,-0.474243164062,-0.144348144531,0.0
3.33496528249,2.33387587699,7.67426784529,3.49599088725,7.59129175544,0.89731526907,0.49999538064,-7.03924251866e-06,4.8,1.3,4.8,-1.3,-2.75878810883,-2.43912577629,0.0319193005562,0.0,-0.463928222656,-0.144348144531,0.0
3.33496528249,2.33387587699,7.67426784529,3.49599088725,7.59129175544,0.89731526907,0.49999538064,-7.03924251866e-06,4.8,1.3,4.8,-1.3,-2.75878810883,-2.43912577629,0.0319193005562,0.0,-0.474243164062,-0.154663085938,0.0
3.33496528249,2.33387587699,7.67426784529,3.49599088725,7.59129175544,0.89731526907,0.49999538064,-7.03924251866e-06,4.8,1.3,4.8,-1.3,-2.75878810883,-2.43912577629,0.0319193005562,0.0,-0.474243164062,-0.154663085938,0.0
3.34247015703,2.32249461247,7.68579294718,3.46949287453,7.59376865711,0.871121936796,0.49999538064,-6.97926725479e-06,4.8,1.3,4.8,-1.3,-2.7581782341,-2.43934965134,0.0354013517499,0.0,-0.474243164062,-0.164978027344,0.0
3.33981369326,2.32486771602,7.68233824405,3.47488428984,7.59211989572,0.876450020976,0.49999538064,-6.87220745021e-06,4.8,1.3,4.8,-1.3,-2.75713562965,-2.43936395645,0.0347063317895,0.0,-0.484558105469,-0.195892333984,0.0
3.33981369326,2.32486771602,7.68233824405,3.47488428984,7.59211989572,0.876450020976,0.49999538064,-6.87220745021e-06,4.8,1.3,4.8,-1.3,-2.75713562965,-2.43936395645,0.0347063317895,0.0,-0.484558105469,-0.195892333984,0.0
3.33981369326,2.32486771602,7.68233824405,3.47488428984,7.59211989572,0.876450020976,0.49999538064,-6.87220745021e-06,4.8,1.3,4.8,-1.3,-2.75713562965,-2.43936395645,0.0347063317895,0.0,-0.484558105469,-0.216522216797,0.0
3.32995682635,2.33808194381,7.66781832736,3.50556430713,7.5880573057,0.906788022143,0.49999538064,-6.82463723933e-06,4.8,1.3,4.8,-1.3,-2.75666809082,-2.43914246559,0.0306821297854,0.0,-0.484558105469,-0.226806640625,0.0
3.32995682635,2.33808194381,7.66781832736,3.50556430713,7.5880573057,0.906788022143,0.49999538064,-6.82463723933e-06,4.8,1.3,4.8,-1.3,-2.75666809082,-2.43914246559,0.0306821297854,0.0,-0.484558105469,-0.237121582031,0.0
3.31786332845,2.35414758398,7.6498892464,3.54310040168,7.58300057653,0.943960946812,0.49999538064,-6.78074729876e-06,4.8,1.3,4.8,-1.3,-2.75620603561,-2.4387319088,0.0257292501628,0.0,-0.484558105469,-0.247436523438,0.0
3.31786332845,2.35414758398,7.6498892464,3.54310040168,7.58300057653,0.943960946812,0.49999538064,-6.78074729876e-06,4.8,1.3,4.8,-1.3,-2.75620603561,-2.4387319088,0.0257292501628,0.0,-0.484558105469,-0.257751464844,0.0
3.27985639735,2.4023696092,7.59310124096,3.65774843078,7.56615919324,1.05788802567,0.49999538064,-6.66924233883e-06,4.8,1.3,4.8,-1.3,-2.75479078293,-2.43623423576,0.0103625115007,0.0,-0.484558105469,-0.26806640625,0.0
3.27443929513,2.40865205765,7.58500396672,3.67320305675,7.5635923441,1.07329122316,0.49999538064,-6.65028983349e-06,4.8,1.3,4.8,-1.3,-2.75449705124,-2.43554282188,0.00823533255607,0.0,-0.484558105469,-0.340209960938,0.0
3.27218520132,2.41094676568,7.58167158012,3.67916762061,7.5624737181,1.0792384981,0.49999538064,-6.63823448122e-06,4.8,1.3,4.8,-1.3,-2.75429868698,-2.43504881859,0.00738386018202,0.0,-0.494873046875,-0.36083984375,0.0
3.27218520132,2.41094676568,7.58167158012,3.67916762061,7.5624737181,1.0792384981,0.49999538064,-6.63823448122e-06,4.8,1.3,4.8,-1.3,-2.75429868698,-2.43504881859,0.00738386018202,0.0,-0.494873046875,-0.36083984375,0.0
3.27218520132,2.41094676568,7.58167158012,3.67916762061,7.5624737181,1.0792384981,0.49999538064,-6.63823448122e-06,4.8,1.3,4.8,-1.3,-2.75429868698,-2.43504881859,0.00738386018202,0.0,-0.494873046875,-0.391754150391,0.0
3.27470611787,2.40063008465,7.58640863365,3.66129586207,7.56265401614,1.06140438007,0.49999538064,-6.56170323055e-06,4.8,1.3,4.8,-1.3,-2.7526409626,-2.43045544624,0.00913651846349,0.0,-0.494873046875,-0.402069091797,0.0
3.26599500517,2.40759657001,7.5737014301,3.68185009411,7.55814393794,1.08189663982,0.49999538064,-6.52329390505e-06,4.8,1.3,4.8,-1.3,-2.75153493881,-2.42710256577,0.00598368654028,0.0,-0.494873046875,-0.391754150391,0.0
3.26599500517,2.40759657001,7.5737014301,3.68185009411,7.55814393794,1.08189663982,0.49999538064,-6.52329390505e-06,4.8,1.3,4.8,-1.3,-2.75153493881,-2.42710256577,0.00598368654028,0.0,-0.494873046875,-0.402069091797,0.0
3.25875754773,2.41536948927,7.56287813252,3.70168307386,7.55460268119,1.10169624372,0.49999538064,-6.50759011478e-06,4.8,1.3,4.8,-1.3,-2.75105786324,-2.42573595047,0.0031828712672,0.0,-0.494873046875,-0.391754150391,0.0
3.24481389137,2.43231672875,7.54168579731,3.74264051655,7.54792641998,1.14264800606,0.49999538064,-6.49169078315e-06,4.8,1.3,4.8,-1.3,-2.75064730644,-2.42452788353,-0.0024002417922,0.0,-0.505157470703,-0.402069091797,0.0
3.24481389137,2.43231672875,7.54168579731,3.74264051655,7.54792641998,1.14264800606,0.49999538064,-6.49169078315e-06,4.8,1.3,4.8,-1.3,-2.75064730644,-2.42452788353,-0.0024002417922,0.0,-0.505157470703,-0.402069091797,0.0
3.18977679779,2.49975257403,7.45658610358,3.90488415107,7.52038678296,1.30566706254,0.49999538064,-6.41313909e-06,4.8,1.3,4.8,-1.3,-2.7501616478,-2.42073321342,-0.0245411861688,0.0,-0.515472412109,-0.402069091797,0.0
3.18914993675,2.50048401472,7.45556288005,3.90681859978,7.52009643639,1.30761960392,0.49999538064,-6.40050620859e-06,4.8,1.3,4.8,-1.3,-2.75023555756,-2.4205634594,-0.0248231478035,0.0,-0.505157470703,-0.391754150391,0.0
3.18914993675,2.50048401472,7.45556288005,3.90681859978,7.52009643639,1.30761960392,0.49999538064,-6.40050620859e-06,4.8,1.3,4.8,-1.3,-2.75023555756,-2.4205634594,-0.0248231478035,0.0,-0.505157470703,-0.391754150391,0.0
3.18926123075,2.50032276301,7.45572623908,3.90649938391,7.52016356316,1.30729800055,0.49999538064,-6.39611698716e-06,4.8,1.3,4.8,-1.3,-2.75025320053,-2.4205198288,-0.0247861240059,0.0,-0.515472412109,-0.402069091797,0.0
3.18928186321,2.50030565412,7.45574087886,3.90650045307,7.52018928004,1.30729934434,0.49999538064,-6.39163636151e-06,4.8,1.3,4.8,-1.3,-2.75028371811,-2.42048835754,-0.024790385738,0.0,-0.515472412109,-0.402069091797,0.0
3.20213757483,2.484574876,7.475509295,3.86962011431,7.52708277445,1.27013166921,0.49999538064,-6.32474348095e-06,4.8,1.3,4.8,-1.3,-2.75079607964,-2.42057490349,-0.0198372546583,0.0,-0.515472412109,-0.391754150391,0.0
3.20713559632,2.47866576074,7.48317278645,3.85545987783,7.52972860759,1.25587672749,0.49999538064,-6.29448186373e-06,4.8,1.3,4.8,-1.3,-2.75100922585,-2.42084741592,-0.0179070420563,0.0,-0.515472412109,-0.402069091797,0.0
3.21042746683,2.47504372685,7.48818896955,3.84647091494,7.53148265086,1.24683139048,0.49999538064,-6.26150858807e-06,4.8,1.3,4.8,-1.3,-2.75119996071,-2.42124867439,-0.0166521854699,0.0,-0.515472412109,-0.391754150391,0.0
3.21211257825,2.47361196749,7.49071824883,3.84240319665,7.53241020261,1.24273749103,0.49999538064,-6.22567904429e-06,4.8,1.3,4.8,-1.3,-2.75136947632,-2.42179274559,-0.0160360541195,0.0,-0.515472412109,-0.402069091797,0.0
3.20762075458,2.48094156766,7.48367129017,3.8576940945,7.53020191786,1.2581104931,0.49999538064,-6.14481996308e-06,4.8,1.3,4.8,-1.3,-2.75151157379,-2.42314553261,-0.0178973507136,0.0,-0.515472412109,-0.391754150391,0.0
3.20762075458,2.48094156766,7.48367129017,3.8576940945,7.53020191786,1.2581104931,0.49999538064,-6.14481996308e-06,4.8,1.3,4.8,-1.3,-2.75151157379,-2.42314553261,-0.0178973507136,0.0,-0.525787353516,-0.402069091797,0.0
3.20762075458,2.48094156766,7.48367129017,3.8576940945,7.53020191786,1.2581104931,0.49999538064,-6.14481996308e-06,4.8,1.3,4.8,-1.3,-2.75151157379,-2.42314553261,-0.0178973507136,0.0,-0.525787353516,-0.402069091797,0.0
3.20121783334,2.48997190908,7.4737345372,3.87765220377,7.5269112067,1.2781960603,0.49999538064,-6.09943890595e-06,4.8,1.3,4.8,-1.3,-2.75147914886,-2.42398405075,-0.0204539913684,0.0,-0.525787353516,-0.391754150391,0.0
3.19326520347,2.50105482702,7.46138108133,3.90221231674,7.52276142569,1.30293694593,0.49999538064,-6.0504976318e-06,4.8,1.3,4.8,-1.3,-2.75142431259,-2.42497777939,-0.0236100181937,0.0,-0.536102294922,-0.402069091797,0.0
3.19326520347,2.50105482702,7.46138108133,3.90221231674,7.52276142569,1.30293694593,0.49999538064,-6.0504976318e-06,4.8,1.3,4.8,-1.3,-2.75142431259,-2.42497777939,-0.0236100181937,0.0,-0.536102294922,-0.402069091797,0.0
3.19326520347,2.50105482702,7.46138108133,3.90221231674,7.52276142569,1.30293694593,0.49999538064,-6.0504976318e-06,4.8,1.3,4.8,-1.3,-2.75142431259,-2.42497777939,-0.0236100181937,0.0,-0.556701660156,-0.402069091797,0.0
3.19139058797,2.50363717658,7.45846639675,3.90795888949,7.52177397161,1.30872974397,0.49999538064,-6.04026354267e-06,4.8,1.3,4.8,-1.3,-2.7514102459,-2.4251935482,-0.0243514738977,0.0,-0.577331542969,-0.402069091797,0.0
3.18379881258,2.51406989087,7.44666445105,3.93112030251,7.51772908712,1.33209167291,0.49999538064,-5.99778377364e-06,4.8,1.3,4.8,-1.3,-2.75132989883,-2.42611527443,-0.0273359566927,0.0,-0.587646484375,-0.402069091797,0.0
3.17704446031,2.52322798772,7.43614467209,3.95155589813,7.51408788944,1.35272445788,0.49999538064,-5.96425070398e-06,4.8,1.3,4.8,-1.3,-2.75126290321,-2.4268579483,-0.0299826525152,0.0,-0.597961425781,-0.402069091797,0.0
3.17273589641,2.52907723217,7.42943807852,3.9645359415,7.51173351668,1.36583867924,0.49999538064,-5.94106950302e-06,4.8,1.3,4.8,-1.3,-2.75120139122,-2.42739224434,-0.0316573791206,0.0,-0.608276367188,-0.402069091797,0.0
3.16457636663,2.54042037281,7.41675507636,3.98922375331,7.50720131875,1.390797407,0.49999538064,-5.88010607316e-06,4.8,1.3,4.8,-1.3,-2.75103926659,-2.42880249023,-0.034794036299,0.0,-0.618560791016,-0.391754150391,0.0
3.16457636663,2.54042037281,7.41675507636,3.98922375331,7.50720131875,1.390797407,0.49999538064,-5.88010607316e-06,4.8,1.3,4.8,-1.3,-2.75103926659,-2.42880249023,-0.034794036299,0.0,-0.618560791016,-0.391754150391,0.0
3.16457636663,2.54042037281,7.41675507636,3.98922375331,7.50720131875,1.390797407,0.49999538064,-5.88010607316e-06,4.8,1.3,4.8,-1.3,-2.75103926659,-2.42880249023,-0.034794036299,0.0,-0.618560791016,-0.402069091797,0.0
3.16790510462,2.53818319863,7.42223648766,3.98065303187,7.50881336522,1.38209488469,0.49999538064,-5.77305809202e-06,4.8,1.3,4.8,-1.3,-2.75067138672,-2.43129396439,-0.0333049558103,0.0,-0.618560791016,-0.391754150391,0.0
3.17046949433,2.5354857684,7.42634250704,3.97340077341,7.51013775479,1.3747514403,0.49999538064,-5.74435262024e-06,4.8,1.3,4.8,-1.3,-2.75054311752,-2.4319934845,-0.0322345234454,0.0,-0.618560791016,-0.402069091797,0.0
3.18427637311,2.52212161304,7.44885323194,3.93401336133,7.5167735479,1.33490066068,0.49999538064,-5.52585788682e-06,4.8,1.3,4.8,-1.3,-2.74908018112,-2.43808293343,-0.0261261705309,0.0,-0.618560791016,-0.391754150391,0.0
3.19107763591,2.51490018727,7.45990475326,3.9138887328,7.51996467929,1.31458251666,0.49999538064,-5.45454804524e-06,4.8,1.3,4.8,-1.3,-2.74832487106,-2.4405207634,-0.0231020264328,0.0,-0.618560791016,-0.402069091797,0.0
3.27151167941,2.4179278332,7.58823949222,3.66127556195,7.55404964222,1.06150036895,0.49999538064,-4.94534288009e-06,4.8,1.3,4.8,-1.3,-2.73943781853,-2.46074390411,0.0131503213197,0.0,-0.618560791016,-0.391754150391,0.0
3.29196692944,2.38996651194,7.62000223722,3.59336283921,7.56178491722,0.994014700996,0.49999538064,-4.85356849822e-06,4.8,1.3,4.8,-1.3,-2.73763179779,-2.46308350563,0.0223931483924,0.0,-0.618560791016,-0.402069091797,0.0
3.39865098242,2.23426492534,7.77984304186,3.22684123226,7.59592546989,0.633354327202,0.49999538064,-4.56161842521e-06,4.8,1.3,4.8,-1.3,-2.73209547997,-2.46908473969,0.0707966536283,0.0,-0.618560791016,-0.391754150391,0.0
3.39865098242,2.23426492534,7.77984304186,3.22684123226,7.59592546989,0.633354327202,0.49999538064,-4.56161842521e-06,4.8,1.3,4.8,-1.3,-2.73209547997,-2.46908473969,0.0707966536283,0.0,-0.618560791016,-0.402069091797,0.0
3.42264398097,2.19655454646,7.81492213234,3.13886236392,7.60129836366,0.54765320882,0.49999538064,-4.48281889476e-06,4.8,1.3,4.8,-1.3,-2.73060083389,-2.47034692764,0.0822557136416,0.0,-0.618560791016,-0.391754150391,0.0
3.43731700642,2.17242300803,7.83635843469,3.08263489846,7.60382034673,0.493054616316,0.49999538064,-4.40253052147e-06,4.8,1.3,4.8,-1.3,-2.72924971581,-2.47114706039,0.0895573943853,0.0,-0.618560791016,-0.402069091797,0.0
3.44323742275,2.16135444255,7.84535545837,3.05656822521,7.60399296643,0.467795514544,0.49999538064,-4.3037193791e-06,4.8,1.3,4.8,-1.3,-2.72773122787,-2.47166728973,0.092965580523,0.0,-0.618560791016,-0.391754150391,0.0
3.44495200589,2.1573908462,7.84816950965,3.04718090846,7.60361808907,0.458707496832,0.49999538064,-4.23606161348e-06,4.8,1.3,4.8,-1.3,-2.72676372528,-2.4718568325,0.0941974818707,0.0,-0.618560791016,-0.402069091797,0.0
3.44756823814,2.15160324611,7.85233936947,3.0336700224,7.60324897215,0.445629455875,0.49999538064,-4.15023851019e-06,4.8,1.3,4.8,-1.3,-2.72558259964,-2.47200131416,0.0959511622787,0.0,-0.618560791016,-0.391754150391,0.0
3.44756823814,2.15160324611,7.85233936947,3.0336700224,7.60324897215,0.445629455875,0.49999538064,-4.15023851019e-06,4.8,1.3,4.8,-1.3,-2.72558259964,-2.47200131416,0.0959511622787,0.0,-0.618560791016,-0.402069091797,0.0
3.45414013391,2.13759225691,7.86251184494,3.00148401488,7.60274926219,0.414492828075,0.49999538064,-3.99446571464e-06,4.8,1.3,4.8,-1.3,-2.72329831123,-2.47199964523,0.100075647235,0.0,-0.618560791016,-0.391754150391,0.0
3.46012033201,2.1260283181,7.87134827699,2.97521495763,7.60296050495,0.389104363739,0.49999538064,-3.92490437662e-06,4.8,1.3,4.8,-1.3,-2.72217917442,-2.47184944153,0.10341027379,0.0,-0.618560791016,-0.402069091797,0.0
3.46457877864,2.11676490435,7.87802713663,2.95433481497,7.60283167609,0.368939785478,0.49999538064,-3.86046394851e-06,4.8,1.3,4.8,-1.3,-2.72107410431,-2.47158455849,0.106043040752,0.0,-0.618560791016,-0.391754150391,0.0
3.47260014423,2.10147392109,7.88966781868,2.91974207279,7.60317275358,0.335574783762,0.49999538064,-3.80085293727e-06,4.8,1.3,4.8,-1.3,-2.71989607811,-2.4713280201,0.110414624214,0.0,-0.618560791016,-0.402069091797,0.0
3.48706495295,2.0747202441,7.91024169429,2.85929462123,7.6040566474,0.277386273309,0.49999538064,-3.73531543119e-06,4.8,1.3,4.8,-1.3,-2.71847915649,-2.47093629837,0.118037387729,0.0,-0.618560791016,-0.391754150391,0.0
3.49633432888,2.0571860199,7.92334439699,2.81983350761,7.60436953313,0.239474029512,0.49999538064,-3.69505869457e-06,4.8,1.3,4.8,-1.3,-2.71754646301,-2.47058916092,0.122992493212,0.0,-0.618560791016,-0.402069091797,0.0
3.50881280588,2.03341376459,7.94082024002,2.76646172762,7.60460985389,0.188291334438,0.49999538064,-3.64839502254e-06,4.8,1.3,4.8,-1.3,-2.71641325951,-2.47007536888,0.129674807191,0.0,-0.618560791016,-0.391754150391,0.0
3.5113612875,2.02850713047,7.94437090415,2.7554699411,7.60462141025,0.177763541726,0.49999538064,-3.63953290616e-06,4.8,1.3,4.8,-1.3,-2.71618700027,-2.46995711327,0.131047651172,0.0,-0.618560791016,-0.402069091797,0.0
3.53015158352,1.99078570643,7.9704994112,2.6714913466,7.60389378008,0.09746719923,0.49999538064,-3.56647501576e-06,4.8,1.3,4.8,-1.3,-2.71418237686,-2.4686589241,0.14147362113,0.0,-0.618560791016,-0.391754150391,0.0
3.53015158352,1.99078570643,7.9704994112,2.6714913466,7.60389378008,0.09746719923,0.49999538064,-3.56647501576e-06,4.8,1.3,4.8,-1.3,-2.71418237686,-2.4686589241,0.14147362113,0.0,-0.618560791016,-0.402069091797,0.0
3.53224574027,1.98421800125,7.97372030826,2.65753261462,7.60283124928,0.084122172051,0.49999538064,-3.53084533344e-06,4.8,1.3,4.8,-1.3,-2.71307897568,-2.4678030014,0.143137916923,0.0,-0.618560791016,-0.391754150391,0.0
3.52965500793,1.98265677473,7.97111204775,2.65608688283,7.60028994242,0.0826667915499,0.49999538064,-3.46943488694e-06,4.8,1.3,4.8,-1.3,-2.71080160141,-2.46580457687,0.143111899495,0.0,-0.618560791016,-0.402069091797,0.0
3.5242442943,1.98879502312,7.96432130329,2.67126468073,7.59873838573,0.0970950805657,0.49999538064,-3.44337377101e-06,4.8,1.3,4.8,-1.3,-2.70959424973,-2.46458005905,0.141076311469,0.0,-0.618560791016,-0.391754150391,0.0
3.52339927343,1.98954563954,7.96328679382,2.6732469435,7.598417965,0.0989760296776,0.49999538064,-3.4385170693e-06,4.8,1.3,4.8,-1.3,-2.70933580399,-2.46431422234,0.140798911452,0.0,-0.618560791016,-0.402069091797,0.0
3.51909265433,1.99260031613,7.95809569836,2.68202077526,7.59654351449,0.107281949992,0.49999538064,-3.4106910789e-06,4.8,1.3,4.8,-1.3,-2.70781826973,-2.46260380745,0.139510646462,0.0,-0.618560791016,-0.391754150391,0.0
3.51628781715,1.99513602702,7.95463167858,2.68878747127,7.59553393152,0.113705179754,0.49999538064,-3.39686221196e-06,4.8,1.3,4.8,-1.3,-2.70703601837,-2.4616689682,0.138557434082,0.0,-0.618560791016,-0.402069091797,0.0
3.52288825931,1.96473341376,7.9658115078,2.62842108378,7.58934647172,0.0558204391807,0.49999538064,-3.30336615662e-06,4.8,1.3,4.8,-1.3,-2.70128583908,-2.4541258812,0.145305022597,0.0,-0.618560791016,-0.391754150391,0.0
3.52288825931,1.96473341376,7.9658115078,2.62842108378,7.58934647172,0.0558204391807,0.49999538064,-3.30336615662e-06,4.8,1.3,4.8,-1.3,-2.70128583908,-2.4541258812,0.145305022597,0.0,-0.618560791016,-0.402069091797,0.0
3.5305298347,1.94179603157,7.97701671046,2.58117281989,7.58648626562,0.010669761797,0.49999538064,-3.26432700604e-06,4.8,1.3,4.8,-1.3,-2.69881510735,-2.45006942749,0.150774627924,0.0,-0.618560791016,-0.391754150391,0.0
3.52611584846,1.93817810237,7.97234042498,2.57937628538,7.58286301385,0.00871346302916,0.49999538064,-3.21853030982e-06,4.8,1.3,4.8,-1.3,-2.69599628448,-2.44452047348,0.150364980102,0.0,-0.618560791016,-0.402069091797,0.0
3.52152264723,1.9427496068,7.96661231624,2.59176878065,7.58165793375,0.020424750112,0.49999538064,-3.20271169585e-06,4.8,1.3,4.8,-1.3,-2.69507241249,-2.44273519516,0.14860573411,0.0,-0.618560791016,-0.391754150391,0.0
3.51857864618,1.94345273019,7.96316548893,2.5959064135,7.58019809796,0.0242656964774,0.49999538064,-3.18657521348e-06,4.8,1.3,4.8,-1.3,-2.69394350052,-2.44052743912,0.147833034396,0.0,-0.618560791016,-0.402069091797,0.0
3.52677778368,1.91251338956,7.97570978405,2.53464827129,7.57521764808,-0.0343215706952,0.49999538064,-3.08785320158e-06,4.8,1.3,4.8,-1.3,-2.69009661674,-2.43294000626,0.154651165009,0.0,-0.618560791016,-0.391754150391,0.0
3.53115940348,1.90015004825,7.98192420291,2.5090345794,7.57378423472,-0.0587313301748,0.49999538064,-3.05599178319e-06,4.8,1.3,4.8,-1.3,-2.68910598755,-2.43090605736,0.15762886405,0.0,-0.628875732422,-0.402069091797,0.0
3.53115940348,1.90015004825,7.98192420291,2.5090345794,7.57378423472,-0.0587313301748,0.49999538064,-3.05599178319e-06,4.8,1.3,4.8,-1.3,-2.68910598755,-2.43090605736,0.15762886405,0.0,-0.628875732422,-0.402069091797,0.0
3.55314027829,1.84794307066,8.01168852192,2.39693756742,7.56906507191,-0.165109364533,0.49999538064,-2.95064091915e-06,4.8,1.3,4.8,-1.3,-2.6866850853,-2.42585682869,0.171073004603,0.0,-0.639190673828,-0.402069091797,0.0
3.56046326928,1.83139294539,8.02137013452,2.36088067653,7.56754464389,-0.199205732964,0.49999538064,-2.91970013677e-06,4.8,1.3,4.8,-1.3,-2.68614339828,-2.42475414276,0.175446972251,0.0,-0.639190673828,-0.391754150391,0.0
3.56237643409,1.82709814816,8.02388377987,2.35150209611,7.56714123449,-0.208065493779,0.49999538064,-2.91175570055e-06,4.8,1.3,4.8,-1.3,-2.68601608276,-2.42449140549,0.176586523652,0.0,-0.639190673828,-0.402069091797,0.0
3.5941348319,1.74525408701,8.06573874596,2.17513042212,7.55493541385,-0.374198892797,0.49999666214,-2.50849097938e-06,4.8,1.3,4.8,-1.3,-2.68121552467,-2.41735768318,0.197749122977,0.0,-0.639190673828,-0.391754150391,0.0
3.59456201823,1.74347136302,8.06636351526,2.17128585603,7.55438477582,-0.37780766331,0.499996811152,-2.47887464866e-06,4.8,1.3,4.8,-1.3,-2.68087029457,-2.41716051102,0.198210209608,0.0,-0.639190673828,-0.402069091797,0.0
3.59456201823,1.74347136302,8.06636351526,2.17128585603,7.55438477582,-0.37780766331,0.499996811152,-2.47887464866e-06,4.8,1.3,4.8,-1.3,-2.68087029457,-2.41716051102,0.198210209608,0.0,-0.639190673828,-0.391754150391,0.0
3.59550714392,1.74010740988,8.06769198556,2.1638932398,7.55341706606,-0.384738021715,0.49999704957,-2.42835130848e-06,4.8,1.3,4.8,-1.3,-2.68028306961,-2.41691446304,0.199111074209,0.0,-0.649505615234,-0.402069091797,0.0
3.59550714392,1.74010740988,8.06769198556,2.1638932398,7.55341706606,-0.384738021715,0.49999704957,-2.42835130848e-06,4.8,1.3,4.8,-1.3,-2.68028306961,-2.41691446304,0.199111074209,0.0,-0.649505615234,-0.402069091797,0.0
3.59550714392,1.74010740988,8.06769198556,2.1638932398,7.55341706606,-0.384738021715,0.49999704957,-2.42835130848e-06,4.8,1.3,4.8,-1.3,-2.68028306961,-2.41691446304,0.199111074209,0.0,-0.639190673828,-0.402069091797,0.0
3.59792891166,1.73382023823,8.07084996878,2.14976100105,7.55210542754,-0.397964278669,0.499997287989,-2.3761808734e-06,4.8,1.3,4.8,-1.3,-2.67966604233,-2.41681146622,0.200865119696,0.0,-0.649505615234,-0.391754150391,0.0
3.59792891166,1.73382023823,8.07084996878,2.14976100105,7.55210542754,-0.397964278669,0.499997287989,-2.3761808734e-06,4.8,1.3,4.8,-1.3,-2.67966604233,-2.41681146622,0.200865119696,0.0,-0.649505615234,-0.391754150391,0.0
3.60649529006,1.71474364745,8.08156375851,2.10690370825,7.54928467506,-0.438028309965,0.499997526407,-2.3222105483e-06,4.8,1.3,4.8,-1.3,-2.67906522751,-2.41675925255,0.206180423498,0.0,-0.649505615234,-0.402069091797,0.0
3.61827847013,1.68850013956,8.09609473209,2.04792556905,7.54521994883,-0.493046090213,0.499997764826,-2.26643146561e-06,4.8,1.3,4.8,-1.3,-2.67838335037,-2.41679048538,0.213493034244,0.0,-0.649505615234,-0.391754150391,0.0
3.63029833644,1.66111846144,8.11072770635,1.98635003401,7.54047135047,-0.550342239121,0.499998003244,-2.2086107947e-06,4.8,1.3,4.8,-1.3,-2.67757368088,-2.4169049263,0.221127048135,0.0,-0.649505615234,-0.402069091797,0.0
3.65895877843,1.59081958412,8.14494919259,1.82726294671,7.52457140053,-0.697639307856,0.499998807907,-2.00291651709e-06,4.8,1.3,4.8,-1.3,-2.67369508743,-2.41792535782,0.240931004286,0.0,-0.649505615234,-0.391754150391,0.0
3.66395097429,1.5764654834,8.15089345707,1.79408993954,7.51993023035,-0.728187881505,0.499999046326,-1.94080189431e-06,4.8,1.3,4.8,-1.3,-2.67185115814,-2.41850280762,0.245125591755,0.0,-0.649505615234,-0.402069091797,0.0
3.66729122388,1.56722405935,8.15480524188,1.77272228505,7.51702816116,-0.747841222441,0.49999922514,-1.89179775134e-06,4.8,1.3,4.8,-1.3,-2.67080879211,-2.41892576218,0.247827976942,0.0,-0.649505615234,-0.391754150391,0.0
3.67039818669,1.55807491914,8.15847068301,1.75098664554,7.51362692943,-0.767778236988,0.499999433756,-1.84490795618e-06,4.8,1.3,4.8,-1.3,-2.66929101944,-2.41971635818,0.250632584095,0.0,-0.649505615234,-0.402069091797,0.0
3.68782816679,1.50224780896,8.1787942493,1.60816475121,7.48526918727,-0.897633123386,0.500001072884,-1.53065627728e-06,4.8,1.3,4.8,-1.3,-2.65350103378,-2.43151330948,0.270009309053,0.0,-0.649505615234,-0.391754150391,0.0
3.68878722038,1.49956326491,8.17984082725,1.60170155646,7.48420768482,-0.903511913717,0.500001072884,-1.52198276737e-06,4.8,1.3,4.8,-1.3,-2.65309643745,-2.4318356514,0.270850688219,0.0,-0.649505615234,-0.402069091797,0.0
3.70210913052,1.46130674802,8.19404056651,1.5117076512,7.46959699368,-0.985326891969,0.500001788139,-1.40562019624e-06,4.8,1.3,4.8,-1.3,-2.64832901955,-2.43496394157,0.282369554043,0.0,-0.649505615234,-0.391754150391,0.0
3.70210913052,1.46130674802,8.19404056651,1.5117076512,7.46959699368,-0.985326891969,0.500001788139,-1.40562019624e-06,4.8,1.3,4.8,-1.3,-2.64832901955,-2.43496394157,0.282369554043,0.0,-0.649505615234,-0.402069091797,0.0
3.70210913052,1.46130674802,8.19404056651,1.5117076512,7.46959699368,-0.985326891969,0.500001788139,-1.40562019624e-06,4.8,1.3,4.8,-1.3,-2.64832901955,-2.43496394157,0.282369554043,0.0,-0.649505615234,-0.391754150391,0.0
3.70406487034,1.45453970892,8.19609293301,1.49540565124,7.4663506149,-1.00008551267,0.500002026558,-1.37285792334e-06,4.8,1.3,4.8,-1.3,-2.64692950249,-2.43569517136,0.284492224455,0.0,-0.649505615234,-0.402069091797,0.0
3.70519644179,1.4498219863,8.19728179359,1.48378074819,7.46370314564,-1.01058537716,0.500002264977,-1.3400745047e-06,4.8,1.3,4.8,-1.3,-2.64559698105,-2.43632435799,0.286029875278,0.0,-0.649505615234,-0.391754150391,0.0
3.70501780617,1.44842992062,8.19712239925,1.4797059994,7.46205422496,-1.01422158157,0.500002503395,-1.30671810439e-06,4.8,1.3,4.8,-1.3,-2.64436340332,-2.43681669235,0.286627084017,0.0,-0.649505615234,-0.402069091797,0.0
3.70331548566,1.45080983323,8.19540461496,1.48423189431,7.46152795158,-1.01004656708,0.500002503395,-1.2726411569e-06,4.8,1.3,4.8,-1.3,-2.643222332,-2.43711686134,0.286149352789,0.0,-0.659820556641,-0.391754150391,0.0
3.70331548566,1.45080983323,8.19540461496,1.48423189431,7.46152795158,-1.01004656708,0.500002503395,-1.2726411569e-06,4.8,1.3,4.8,-1.3,-2.643222332,-2.43711686134,0.286149352789,0.0,-0.659820556641,-0.391754150391,0.0
3.70331548566,1.45080983323,8.19540461496,1.48423189431,7.46152795158,-1.01004656708,0.500002503395,-1.2726411569e-06,4.8,1.3,4.8,-1.3,-2.643222332,-2.43711686134,0.286149352789,0.0,-0.649505615234,-0.402069091797,0.0
3.70331548566,1.45080983323,8.19540461496,1.48423189431,7.46152795158,-1.01004656708,0.500002503395,-1.2726411569e-06,4.8,1.3,4.8,-1.3,-2.643222332,-2.43711686134,0.286149352789,0.0,-0.649505615234,-0.402069091797,0.0
3.70275192901,1.45022536253,8.19485012194,1.48240476397,7.46028350649,-1.01167059325,0.500002503395,-1.23769359561e-06,4.8,1.3,4.8,-1.3,-2.642172575,-2.43726634979,0.286425977945,0.0,-0.659820556641,-0.402069091797,0.0
3.70373071304,1.44599049017,8.19586443016,1.47275393057,7.45829135999,-1.02043398176,0.500002503395,-1.20900529055e-06,4.8,1.3,4.8,-1.3,-2.64137172699,-2.43726968765,0.287631630898,0.0,-0.649505615234,-0.391754150391,0.0
3.70373071304,1.44599049017,8.19586443016,1.47275393057,7.45829135999,-1.02043398176,0.500002503395,-1.20900529055e-06,4.8,1.3,4.8,-1.3,-2.64137172699,-2.43726968765,0.287631630898,0.0,-0.649505615234,-0.391754150391,0.0
3.70392087387,1.445056317,8.196061458,1.47064083731,7.45783410288,-1.02235342104,0.500002503395,-1.20172137485e-06,4.8,1.3,4.8,-1.3,-2.64117956161,-2.4372522831,0.287894070148,0.0,-0.659820556641,-0.402069091797,0.0
3.70392087387,1.445056317,8.196061458,1.47064083731,7.45783410288,-1.02235342104,0.500002503395,-1.20172137485e-06,4.8,1.3,4.8,-1.3,-2.64117956161,-2.4372522831,0.287894070148,0.0,-0.659820556641,-0.402069091797,0.0
3.70392087387,1.445056317,8.196061458,1.47064083731,7.45783410288,-1.02235342104,0.500002503395,-1.20172137485e-06,4.8,1.3,4.8,-1.3,-2.64117956161,-2.4372522831,0.287894070148,0.0,-0.659820556641,-0.391754150391,0.0
3.7069167866,1.43498329617,8.19911094871,1.44814037078,7.45398965797,-1.04280207378,0.500002503395,-1.16456612886e-06,4.8,1.3,4.8,-1.3,-2.64018201828,-2.43714094162,0.290660530329,0.0,-0.659820556641,-0.402069091797,0.0
3.75455321986,1.28819285177,8.24385254606,1.12641334384,7.40229887449,-1.33362474893,0.500002503395,-9.91770548353e-07,4.8,1.3,4.8,-1.3,-2.63548231125,-2.43410158157,0.329610466957,0.0,-0.670104980469,-0.391754150391,0.0
3.75455321986,1.28819285177,8.24385254606,1.12641334384,7.40229887449,-1.33362474893,0.500002503395,-9.91770548353e-07,4.8,1.3,4.8,-1.3,-2.63548231125,-2.43410158157,0.329610466957,0.0,-0.670104980469,-0.391754150391,0.0
3.7565016923,1.28105995002,8.24550047421,1.11114537519,7.3994902042,-1.34736364921,0.500002503395,-9.83047470982e-07,4.8,1.3,4.8,-1.3,-2.63522958755,-2.43366885185,0.331422626972,0.0,-0.659820556641,-0.402069091797,0.0
3.7565016923,1.28105995002,8.24550047421,1.11114537519,7.3994902042,-1.34736364921,0.500002503395,-9.83047470982e-07,4.8,1.3,4.8,-1.3,-2.63522958755,-2.43366885185,0.331422626972,0.0,-0.659820556641,-0.402069091797,0.0
3.75820920317,1.26850760041,8.24671305168,1.08598600616,7.39380123064,-1.37013724513,0.500002503395,-9.46037289395e-07,4.8,1.3,4.8,-1.3,-2.63411283493,-2.4311671257,0.334231197834,0.0,-0.659820556641,-0.391754150391,0.0
3.75624274164,1.27027147476,8.24488880605,1.09128152764,7.39390975389,-1.36551204383,0.500002503395,-9.31518741254e-07,4.8,1.3,4.8,-1.3,-2.63358926773,-2.42972350121,0.333444386721,0.0,-0.659820556641,-0.402069091797,0.0
3.75445669595,1.27118079183,8.24321006927,1.09490255968,7.39371537751,-1.36240465935,0.500002503395,-9.19563717616e-07,4.8,1.3,4.8,-1.3,-2.63307142258,-2.42810583115,0.332840263844,0.0,-0.670104980469,-0.391754150391,0.0
3.75445669595,1.27118079183,8.24321006927,1.09490255968,7.39371537751,-1.36240465935,0.500002503395,-9.19563717616e-07,4.8,1.3,4.8,-1.3,-2.63307142258,-2.42810583115,0.332840263844,0.0,-0.670104980469,-0.391754150391,0.0
3.75263287764,1.27178264885,8.24148712051,1.09809205206,7.39340912467,-1.35970446372,0.500002503395,-9.10116170871e-07,4.8,1.3,4.8,-1.3,-2.63255023956,-2.42627334595,0.332263797522,0.0,-0.670104980469,-0.402069091797,0.0
3.75094073594,1.27146120443,8.23986428436,1.09957113685,7.39277220214,-1.35856535331,0.500002503395,-9.03131308405e-07,4.8,1.3,4.8,-1.3,-2.63202810287,-2.42416143417,0.331862688065,0.0,-0.670104980469,-0.391754150391,0.0
3.75094073594,1.27146120443,8.23986428436,1.09957113685,7.39277220214,-1.35856535331,0.500002503395,-9.03131308405e-07,4.8,1.3,4.8,-1.3,-2.63202810287,-2.42416143417,0.331862688065,0.0,-0.670104980469,-0.402069091797,0.0
3.74875037086,1.27211594017,8.23779637341,1.103454166,7.39247230314,-1.35529088305,0.500002503395,-8.98574853636e-07,4.8,1.3,4.8,-1.3,-2.63148641586,-2.42181539536,0.331143528223,0.0,-0.670104980469,-0.391754150391,0.0
3.74526478436,1.27611155107,8.23458362176,1.11487514777,7.39332761463,-1.34526475282,0.500002503395,-8.96423898666e-07,4.8,1.3,4.8,-1.3,-2.63089704514,-2.41928529739,0.329489469528,0.0,-0.670104980469,-0.402069091797,0.0
3.74139691039,1.28080527826,8.23100793079,1.12792072155,7.39433002558,-1.33377992697,0.500002503395,-8.96665937944e-07,4.8,1.3,4.8,-1.3,-2.63021969795,-2.4166560173,0.32762914896,0.0,-0.680419921875,-0.402069091797,0.0
3.73926675783,1.27234536774,8.2287085044,1.11456821613,7.38934838068,-1.34621917467,0.500002503395,-9.05628326109e-07,4.8,1.3,4.8,-1.3,-2.6282992363,-2.41137123108,0.328718930483,0.0,-0.690734863281,-0.391754150391,0.0
3.73825677174,1.27410680341,8.22778428882,1.11878937849,7.3897725217,-1.34245751652,0.500002503395,-9.07021444618e-07,4.8,1.3,4.8,-1.3,-2.62809610367,-2.41099882126,0.328171044588,0.0,-0.690734863281,-0.391754150391,0.0
3.73479801412,1.280837173,8.22462637329,1.1344741085,7.39152505678,-1.32843924694,0.500002503395,-9.11784638902e-07,4.8,1.3,4.8,-1.3,-2.62746548653,-2.41002249718,0.326176613569,0.0,-0.701049804688,-0.402069091797,0.0
3.73479801412,1.280837173,8.22462637329,1.1344741085,7.39152505678,-1.32843924694,0.500002503395,-9.11784638902e-07,4.8,1.3,4.8,-1.3,-2.62746548653,-2.41002249718,0.326176613569,0.0,-0.701049804688,-0.402069091797,0.0
3.73203601188,1.28353723098,8.22200740798,1.14162976308,7.39135059238,-1.32210911405,0.500002503395,-9.2168647825e-07,4.8,1.3,4.8,-1.3,-2.6263756752,-2.40859389305,0.325184255838,0.0,-0.731964111328,-0.402069091797,0.0
3.73203601188,1.28353723098,8.22200740798,1.14162976308,7.39135059238,-1.32210911405,0.500002503395,-9.2168647825e-07,4.8,1.3,4.8,-1.3,-2.6263756752,-2.40859389305,0.325184255838,0.0,-0.773223876953,-0.402069091797,0.0
3.72859718984,1.28901755816,8.2187931451,1.15440261537,7.39213887317,-1.31068211233,0.500002503395,-9.34078798309e-07,4.8,1.3,4.8,-1.3,-2.62528061867,-2.40761566162,0.323560118675,0.0,-0.804138183594,-0.402069091797,0.0
3.72859718984,1.28901755816,8.2187931451,1.15440261537,7.39213887317,-1.31068211233,0.500002503395,-9.34078798309e-07,4.8,1.3,4.8,-1.3,-2.62528061867,-2.40761566162,0.323560118675,0.0,-0.814453125,-0.402069091797,0.0
3.72807774938,1.28971962326,8.21830110898,1.15602187631,7.39215038512,-1.30923165659,0.500002503395,-9.36860487855e-07,4.8,1.3,4.8,-1.3,-2.62505674362,-2.40747785568,0.323355853558,0.0,-0.814453125,-0.391754150391,0.0
3.72135851129,1.30234631756,8.2120240113,1.18442960599,7.39454213377,-1.28371207955,0.500002503395,-9.66553898252e-07,4.8,1.3,4.8,-1.3,-2.62314963341,-2.40635418892,0.319841504097,0.0,-0.814453125,-0.402069091797,0.0
3.72135851129,1.30234631756,8.2120240113,1.18442960599,7.39454213377,-1.28371207955,0.500002503395,-9.66553898252e-07,4.8,1.3,4.8,-1.3,-2.62314963341,-2.40635418892,0.319841504097,0.0,-0.824768066406,-0.329925537109,0.0
3.72135851129,1.30234631756,8.2120240113,1.18442960599,7.39454213377,-1.28371207955,0.500002503395,-9.66553898252e-07,4.8,1.3,4.8,-1.3,-2.62314963341,-2.40635418892,0.319841504097,0.0,-0.824768066406,-0.329925537109,0.0
3.71646888747,1.31279324574,8.20745320133,1.20771742037,7.39703194686,-1.26275164244,0.500002503395,-9.86774466583e-07,4.8,1.3,4.8,-1.3,-2.62211513519,-2.40581655502,0.316982150078,0.0,-0.824768066406,-0.257751464844,0.0
3.71646888747,1.31279324574,8.20745320133,1.20771742037,7.39703194686,-1.26275164244,0.500002503395,-9.86774466583e-07,4.8,1.3,4.8,-1.3,-2.62211513519,-2.40581655502,0.316982150078,0.0,-0.824768066406,-0.154663085938,0.0
3.71388251827,1.31702567761,8.20498516946,1.21713537438,7.39741693567,-1.25426777925,0.500002503395,-1.0097617178e-06,4.8,1.3,4.8,-1.3,-2.62111783028,-2.40542984009,0.315827518702,0.0,-0.824768066406,-0.123718261719,0.0
3.71388251827,1.31702567761,8.20498516946,1.21713537438,7.39741693567,-1.25426777925,0.500002503395,-1.0097617178e-06,4.8,1.3,4.8,-1.3,-2.62111783028,-2.40542984009,0.315827518702,0.0,-0.824768066406,-0.0103149414062,0.0
3.7124723337,1.31850501132,8.20361159473,1.22027415334,7.39695657279,-1.25142721932,0.500002503395,-1.03561433207e-06,4.8,1.3,4.8,-1.3,-2.62020683289,-2.40524530411,0.315458029509,0.0,-0.824768066406,0.0,0.0
3.7124723337,1.31850501132,8.20361159473,1.22027415334,7.39695657279,-1.25142721932,0.500002503395,-1.03561433207e-06,4.8,1.3,4.8,-1.3,-2.62020683289,-2.40524530411,0.315458029509,0.0,-0.824768066406,0.0,0.0
3.73579875054,1.24498491548,8.22402211256,1.05569000626,7.36740465488,-1.39914329383,0.500002503395,-1.16890907975e-06,4.8,1.3,4.8,-1.3,-2.61703109741,-2.40630149841,0.335740327835,0.0,-0.835052490234,0.0,0.0
3.74683245328,1.21027780138,8.2330036957,0.977363056554,7.35256391819,-1.4690273044,0.500002503395,-1.23995141621e-06,4.8,1.3,4.8,-1.3,-2.61562752724,-2.40756750107,0.345461219549,0.0,-0.824768066406,0.0,0.0
3.7527395897,1.19152136249,8.23762041026,0.934955955848,7.34429395453,-1.50675816409,0.500002503395,-1.27374562453e-06,4.8,1.3,4.8,-1.3,-2.61488199234,-2.40837669373,0.350733876228,0.0,-0.835052490234,0.0,0.0
3.75713631332,1.17686366751,8.24085401024,0.900716033371,7.33687351912,-1.5370738,0.500002503395,-1.31949786919e-06,4.8,1.3,4.8,-1.3,-2.61355400085,-2.40974140167,0.355100721121,0.0,-0.845367431641,0.0,0.0
3.7608712144,1.16409668332,8.24334426693,0.868432241197,7.32875961884,-1.5653990844,0.500002503395,-1.4070171801e-06,4.8,1.3,4.8,-1.3,-2.61102104187,-2.41263604164,0.359454154968,0.0,-0.855682373047,0.0,0.0
3.76185358435,1.16078154271,8.24395980253,0.859607105931,7.32638397098,-1.57309809474,0.500002503395,-1.43138231579e-06,4.8,1.3,4.8,-1.3,-2.61014199257,-2.41370344162,0.360683441162,0.0,-0.865997314453,0.0,0.0
3.76185358435,1.16078154271,8.24395980253,0.859607105931,7.32638397098,-1.57309809474,0.500002503395,-1.43138231579e-06,4.8,1.3,4.8,-1.3,-2.61014199257,-2.41370344162,0.360683441162,0.0,-0.876312255859,0.0,0.0
3.76202081002,1.1600732805,8.24392942586,0.855972260538,7.32476530923,-1.57613327309,0.500002503395,-1.4616266526e-06,4.8,1.3,4.8,-1.3,-2.6089720726,-2.41513037682,0.361336410046,0.0,-0.896911621094,0.0,0.0
3.76202081002,1.1600732805,8.24392942586,0.855972260538,7.32476530923,-1.57613327309,0.500002503395,-1.4616266526e-06,4.8,1.3,4.8,-1.3,-2.6089720726,-2.41513037682,0.361336410046,0.0,-0.9072265625,0.0,0.0
3.76202681367,1.15967986115,8.24357841678,0.850361810367,7.32158376128,-1.58067209627,0.500002503395,-1.52191876168e-06,4.8,1.3,4.8,-1.3,-2.60630369186,-2.41838216782,0.362500488758,0.0,-0.917541503906,0.0,0.0
3.7808292648,1.0946121429,8.25565424949,0.699739982166,7.28738803567,-1.71323754346,0.500002503395,-1.61387617936e-06,4.8,1.3,4.8,-1.3,-2.60122060776,-2.42389535904,0.381604552269,0.0,-0.927856445312,0.0,0.0
3.79191442313,1.05276018981,8.26158877362,0.60332276395,7.26395530944,-1.79766192387,0.500002503395,-1.66476309005e-06,4.8,1.3,4.8,-1.3,-2.5977127552,-2.42715620995,0.393805265427,0.0,-0.938171386719,0.0,0.0
3.80031670689,1.01580525388,8.26451568152,0.514895576408,7.23928292226,-1.87443441113,0.500002503395,-1.73815283233e-06,4.8,1.3,4.8,-1.3,-2.59183359146,-2.43204140663,0.405328094959,0.0,-0.948455810547,0.0,0.0
3.82844633989,0.873274263881,8.26762160261,0.185010862113,7.14278346076,-2.15907513346,0.500002503395,-1.9432757199e-06,4.8,1.3,4.8,-1.3,-2.57381105423,-2.44362211227,0.447407931089,0.0,-0.958770751953,0.0,0.0
3.8551079535,0.715917735407,8.2606972699,-0.162015445427,7.03640476495,-2.45572594641,0.500002503395,-2.086122322e-06,4.8,1.3,4.8,-1.3,-2.56384706497,-2.44688200951,0.490289986134,0.0,-0.969085693359,0.0,0.0
3.87073764583,0.567026842679,8.23765652481,-0.486540401525,6.92253723568,-2.72940938017,0.500002503395,-2.29342208513e-06,4.8,1.3,4.8,-1.3,-2.55224728584,-2.44702100754,0.530326604843,0.0,-0.979400634766,0.0,0.0
3.86738880683,0.559267699852,8.23254452919,-0.501581122598,6.9136864194,-2.74225363018,0.500002503395,-2.39759788201e-06,4.8,1.3,4.8,-1.3,-2.54921174049,-2.44372272491,0.531994402409,0.0,-0.989715576172,0.0,0.0
3.86664199461,0.542475394949,8.22769073346,-0.535132506979,6.90023572216,-2.77072262884,0.500002503395,-2.47005164056e-06,4.8,1.3,4.8,-1.3,-2.54773402214,-2.44059705734,0.535835504532,0.0,-1.0,0.0,0.0
3.86592231658,0.536269664248,8.22560054964,-0.546869613461,6.89531061436,-2.78077397312,0.500002503395,-2.50765447163e-06,4.8,1.3,4.8,-1.3,-2.54719233513,-2.43876123428,0.537104070187,0.0,-1.0,0.0,0.0
3.86444568097,0.524040868604,8.22152857411,-0.569491873414,6.8859151851,-2.8002175121,0.500002503395,-2.58644081441e-06,4.8,1.3,4.8,-1.3,-2.54638290405,-2.43477058411,0.539488792419,0.0,-1.0,0.0,0.0
3.86382657977,0.516755199124,8.21931371726,-0.583116201883,6.88045588448,-2.81189607069,0.500002503395,-2.62797107098e-06,4.8,1.3,4.8,-1.3,-2.54605793953,-2.4326364994,0.540943861008,0.0,-1.0,0.0,0.0
3.86300588023,0.5106274058,8.21725506014,-0.59413478361,6.87589499483,-2.82140961514,0.500002503395,-2.67116752184e-06,4.8,1.3,4.8,-1.3,-2.54578232765,-2.43038320541,0.542066931725,0.0,-1.0,0.0,0.0
3.86300588023,0.5106274058,8.21725506014,-0.59413478361,6.87589499483,-2.82140961514,0.500002503395,-2.67116752184e-06,4.8,1.3,4.8,-1.3,-2.54578232765,-2.43038320541,0.542066931725,0.0,-1.0,0.0,0.0
3.86150968265,0.509098566234,8.21587738814,-0.595196419163,6.87475629121,-2.8226151502,0.500002503395,-2.71482304015e-06,4.8,1.3,4.8,-1.3,-2.54554986954,-2.42797493935,0.541959643364,0.0,-1.0,0.0,0.0
3.86150968265,0.509098566234,8.21587738814,-0.595196419163,6.87475629121,-2.8226151502,0.500002503395,-2.71482304015e-06,4.8,1.3,4.8,-1.3,-2.54554986954,-2.42797493935,0.541959643364,0.0,-1.0,0.0,0.0
3.85970091865,0.509558593104,8.21480126194,-0.591843532353,6.87516012119,-2.82015267024,0.500002503395,-2.75820025308e-06,4.8,1.3,4.8,-1.3,-2.5453748703,-2.42541360855,0.541295349598,0.0,-1.0,0.0,0.0
3.85374140027,0.526517995608,8.21491773315,-0.55057385796,6.88772710221,-2.7863209432,0.500002503395,-2.84488987745e-06,4.8,1.3,4.8,-1.3,-2.54507493973,-2.41992998123,0.535717248917,0.0,-1.0,0.0,0.0
3.84422721617,0.571046020321,8.21863345779,-0.450989244832,6.91972899879,-2.70328745031,0.500002503395,-2.91502897198e-06,4.8,1.3,4.8,-1.3,-2.54484820366,-2.41517591476,0.523112297058,0.0,-1.0,0.0,0.0
3.83183730601,0.615867793621,8.21960149878,-0.347206305494,6.95112493977,-2.61678054293,0.500002503395,-3.02341754832e-06,4.8,1.3,4.8,-1.3,-2.5443918705,-2.40706205368,0.509654402733,0.0,-1.0,0.0,0.0
3.82350092791,0.617835068699,8.21421480463,-0.331702956513,6.95274350716,-2.60517830621,0.500002026558,-3.16806904266e-06,4.8,1.3,4.8,-1.3,-2.54355716705,-2.39533758163,0.506570458412,0.0,-1.0,0.0,0.0
3.81571657929,0.631228454597,8.211368255,-0.295184799811,6.96188151023,-2.575268762,0.500001549721,-3.26912095261e-06,4.8,1.3,4.8,-1.3,-2.5428609848,-2.38728833199,0.501306653023,0.0,-1.0,0.0,0.0
3.80845386909,0.649197938938,8.20965871509,-0.250466114918,6.97406143868,-2.53810668339,0.500001072884,-3.35885533786e-06,4.8,1.3,4.8,-1.3,-2.54239368439,-2.38109827042,0.495225101709,0.0,-1.0,0.0,0.0
3.76966210163,0.74517451962,8.19806877135,-0.00930091864672,7.03835236853,-2.33632860757,0.499999046326,-4.08375399275e-06,4.8,1.3,4.8,-1.3,-2.54150748253,-2.3483812809,0.462341248989,0.0,-1.0,0.0,0.0
3.76776826059,0.74999715089,8.1973233049,0.00229244679307,7.04116567599,-2.32650542703,0.499998897314,-4.12768440583e-06,4.8,1.3,4.8,-1.3,-2.54125332832,-2.34720635414,0.46081250906,0.0,-1.0,0.0,0.0
3.76646173416,0.753489848687,8.19681982141,0.0105576311201,7.04317173315,-2.31948444757,0.499998807907,-4.15735394199e-06,4.8,1.3,4.8,-1.3,-2.54105973244,-2.34647893906,0.459735184908,0.0,-1.0,0.0,0.0
3.75651360289,0.78056597106,8.19266504121,0.0730433881646,7.05766420794,-2.26613875704,0.499998092651,-4.37915241491e-06,4.8,1.3,4.8,-1.3,-2.53893518448,-2.34213209152,0.451747924089,0.0,-1.0,0.0,0.0
3.75651360289,0.78056597106,8.19266504121,0.0730433881646,7.05766420794,-2.26613875704,0.499998092651,-4.37915241491e-06,4.8,1.3,4.8,-1.3,-2.53893518448,-2.34213209152,0.451747924089,0.0,-1.0,0.0,0.0
2.10805618357,2.62822657873,5.63880421825,5.40561201475,6.58613579082,2.98433902485,0.499996244907,-7.40413952371e-06,4.8,1.3,4.8,-1.3,-2.42076587677,-1.67947888374,-0.372943639755,0.0,-1.0,0.0,0.0
2.00293347304,2.71553552797,5.41227906459,5.64067006055,6.46179965821,3.26190850807,0.499996483326,-7.36648735256e-06,4.8,1.3,4.8,-1.3,-2.42866182327,-1.67596566677,-0.41551566124,0.0,-1.0,0.0,0.0
2.00293347304,2.71553552797,5.41227906459,5.64067006055,6.46179965821,3.26190850807,0.499996483326,-7.36648735256e-06,4.8,1.3,4.8,-1.3,-2.42866182327,-1.67596566677,-0.41551566124,0.0,-1.0,0.0,0.0
1.88959747374,2.80162119976,5.16658648922,5.87430573174,6.32002055648,3.54415769943,0.499996721745,-7.32599664843e-06,4.8,1.3,4.8,-1.3,-2.43635988235,-1.67257118225,-0.45964333415,0.0,-1.0,0.0,0.0
1.88959747374,2.80162119976,5.16658648922,5.87430573174,6.32002055648,3.54415769943,0.499996721745,-7.32599664843e-06,4.8,1.3,4.8,-1.3,-2.43635988235,-1.67257118225,-0.45964333415,0.0,-0.958770751953,0.0,0.0
1.76836593272,2.8854169318,4.90223384825,6.10394407628,6.16043846866,3.82865922967,0.499996960163,-7.28812437956e-06,4.8,1.3,4.8,-1.3,-2.4438419342,-1.66930699348,-0.505134165287,0.0,-0.9072265625,0.0,0.0
1.76836593272,2.8854169318,4.90223384825,6.10394407628,6.16043846866,3.82865922967,0.499996960163,-7.28812437956e-06,4.8,1.3,4.8,-1.3,-2.4438419342,-1.66930699348,-0.505134165287,0.0,-0.845367431641,0.0,0.0
1.66548386198,2.95039976065,4.67675544473,6.28390946296,6.01919598535,4.05728569705,0.499997138977,-7.25982454242e-06,4.8,1.3,4.8,-1.3,-2.44967293739,-1.66678309441,-0.542552113533,0.0,-0.762908935547,0.0,0.0
1.63613982393,2.96784666185,4.61245108822,6.33260730833,5.97806068596,4.12011766393,0.499997198582,-7.25301561033e-06,4.8,1.3,4.8,-1.3,-2.45110368729,-1.66616177559,-0.552990615368,0.0,-0.731964111328,0.0,0.0
1.63613982393,2.96784666185,4.61245108822,6.33260730833,5.97806068596,4.12011766393,0.499997198582,-7.25301561033e-06,4.8,1.3,4.8,-1.3,-2.45110368729,-1.66616177559,-0.552990615368,0.0,-0.618560791016,0.0,0.0
1.49314642159,3.04744973307,4.29746260484,6.55684448943,5.77200944566,4.41541701827,0.499997437,-7.21912238077e-06,4.8,1.3,4.8,-1.3,-2.45810723305,-1.6631526947,-0.603021204472,0.0,-0.556701660156,0.0,0.0
1.49314642159,3.04744973307,4.29746260484,6.55684448943,5.77200944566,4.41541701827,0.499997437,-7.21912238077e-06,4.8,1.3,4.8,-1.3,-2.45810723305,-1.6631526947,-0.603021204472,0.0,-0.45361328125,0.0,0.0
1.4903353211,3.05297201195,4.28328824735,6.57141664337,5.76475216638,4.43476864789,0.499997675419,-7.18504952602e-06,4.8,1.3,4.8,-1.3,-2.4643061161,-1.65971815586,-0.606254935265,0.0,-0.350524902344,0.0,0.0
1.4903353211,3.05297201195,4.28328824735,6.57141664337,5.76475216638,4.43476864789,0.499997675419,-7.18504952602e-06,4.8,1.3,4.8,-1.3,-2.4643061161,-1.65971815586,-0.606254935265,0.0,-0.257751464844,0.0,0.0
1.61925795192,2.9873265157,4.55757946453,6.38531188306,5.94795914755,4.18830384096,0.499997764826,-7.1714216574e-06,4.8,1.3,4.8,-1.3,-2.46578717232,-1.65839064121,-0.564225375652,0.0,-0.144348144531,0.0,0.0
1.75319090379,2.91052846046,4.8402873766,6.17394260842,6.13119407823,3.91705096554,0.499997913837,-7.15095075066e-06,4.8,1.3,4.8,-1.3,-2.46691846848,-1.65598464012,-0.519564986229,0.0,-0.0309448242188,0.0,0.0
fallerror
