524.219482422,-21.5731906891,0.0,-0.0206298828125
524.219482422,-21.5731906891,0.0,-0.0206298828125
524.219482422,-21.5731906891,0.0,-0.0721740722656
524.219482422,-21.5731906891,0.0,-0.0928039550781
524.219482422,-21.5731906891,0.0,-0.103118896484
524.219482422,-21.5731906891,0.0,-0.123718261719
524.219482422,-21.5731906891,0.0,-0.134033203125
515.93737793,-15.5465917587,0.0,-0.123718261719
515.93737793,-15.5465917587,0.0,-0.134033203125
515.93737793,-15.5465917587,0.0,-0.123718261719
515.93737793,-15.5465917587,0.0,-0.134033203125
515.93737793,-15.5465917587,0.0,-0.123718261719
515.93737793,-15.5465917587,0.0,-0.134033203125
529.783996582,7.88960695267,0.0,-0.123718261719
529.783996582,7.88960695267,0.0,-0.134033203125
529.783996582,7.88960695267,0.0,-0.123718261719
529.783996582,7.88960695267,0.0,-0.134033203125
529.783996582,7.88960695267,0.0,-0.123718261719
529.783996582,7.88960695267,0.0,-0.134033203125
529.783996582,7.88960695267,0.0,-0.123718261719
529.783996582,7.88960695267,0.0,-0.134033203125
529.783996582,7.88960695267,0.0,-0.123718261719
529.783996582,7.88960695267,0.0,-0.134033203125
529.783996582,7.88960695267,0.0,-0.123718261719
529.783996582,7.88960695267,0.0,-0.134033203125
518.664855957,9.74423503876,0.0,-0.123718261719
518.664855957,9.74423503876,0.0,-0.134033203125
518.664855957,9.74423503876,0.0,-0.123718261719
518.664855957,9.74423503876,0.0,-0.134033203125
518.664855957,9.74423503876,0.0,-0.123718261719
518.664855957,9.74423503876,0.0,-0.134033203125
518.664855957,9.74423503876,0.0,-0.123718261719
518.664855957,9.74423503876,0.0,-0.134033203125
513.220336914,-17.439332962,0.0,-0.144348144531
513.220336914,-17.439332962,0.0,-0.134033203125
513.220336914,-17.439332962,0.0,-0.144348144531
513.220336914,-17.439332962,0.0,-0.134033203125
513.220336914,-17.439332962,0.0,-0.144348144531
513.220336914,-17.439332962,0.0,-0.154663085938
513.220336914,-17.439332962,0.0,-0.144348144531
513.220336914,-17.439332962,0.0,-0.154663085938
513.220336914,-17.439332962,0.0,-0.164978027344
513.220336914,-17.439332962,0.0,-0.175262451172
513.220336914,-17.439332962,0.0,-0.185577392578
513.20892334,11.6244745255,0.0,-0.195892333984
513.20892334,11.6244745255,0.0,-0.206207275391
513.20892334,11.6244745255,0.0,-0.216522216797
513.20892334,11.6244745255,0.0,-0.226806640625
513.20892334,11.6244745255,0.0,-0.237121582031
513.20892334,11.6244745255,0.0,-0.247436523438
489.520507812,43.4908447266,0.0,-0.257751464844
489.520507812,43.4908447266,0.0,-0.247436523438
505.139221191,-7.68137741089,0.0,-0.257751464844
505.139221191,-7.68137741089,0.0,-0.247436523438
505.139221191,-7.68137741089,0.0,-0.257751464844
505.139221191,-7.68137741089,0.0,-0.247436523438
505.139221191,-7.68137741089,0.0,-0.257751464844
505.139221191,-7.68137741089,0.0,-0.26806640625
505.139221191,-7.68137741089,0.0,-0.257751464844
505.139221191,-7.68137741089,0.0,-0.26806640625
505.139221191,-7.68140506744,0.0,-0.278350830078
505.139221191,-7.68140506744,0.0,-0.288665771484
505.139221191,-7.68140506744,0.0,-0.298980712891
505.139221191,-7.68140506744,0.0,-0.309295654297
505.139221191,-7.68140506744,0.0,-0.319610595703
505.139221191,-7.68140506744,0.0,-0.329925537109
510.504333496,-11.5903244019,0.0,-0.350524902344
510.504333496,-11.5903244019,0.0,-0.36083984375
510.504333496,-11.5903244019,0.0,-0.371154785156
510.504333496,-11.5903244019,0.0,-0.381469726562
510.504333496,-11.5903244019,0.0,-0.391754150391
510.504333496,-11.5903244019,0.0,-0.381469726562
510.504333496,-11.5903244019,0.0,-0.391754150391
510.504333496,-11.5903244019,0.0,-0.381469726562
510.504333496,-11.5903244019,0.0,-0.391754150391
510.504272461,-11.5903015137,0.0,-0.381469726562
510.504272461,-11.5903015137,0.0,-0.391754150391
510.504272461,-11.5903015137,0.0,-0.381469726562
510.504272461,-11.5903015137,0.0,-0.391754150391
510.504272461,-11.5903015137,0.0,-0.381469726562
510.504272461,-11.5903015137,0.0,-0.391754150391
476.755554199,7.44667482376,0.0,-0.381469726562
476.755554199,7.44667482376,0.0,-0.391754150391
476.755554199,7.44667482376,0.0,-0.381469726562
476.755554199,7.44667482376,0.0,-0.391754150391
476.755554199,7.44667482376,0.0,-0.402069091797
476.755554199,7.44667482376,0.0,-0.391754150391
476.755554199,7.44667482376,0.0,-0.402069091797
484.317749023,3.75419592857,0.0,-0.412384033203
484.317749023,3.75419592857,0.0,-0.422698974609
484.317749023,3.75419592857,0.0,-0.412384033203
489.480072021,-32.119934082,0.0,-0.422698974609
489.480072021,-32.119934082,0.0,-0.412384033203
489.480072021,-32.119934082,0.0,-0.422698974609
455.125366211,2.37372970581,0.0,-0.433013916016
455.125366211,2.37372970581,0.0,-0.443328857422
484.317749023,3.7542154789,0.0,-0.433013916016
484.317749023,3.7542154789,0.0,-0.443328857422
484.317749023,3.7542154789,0.0,-0.433013916016
484.317749023,3.7542154789,0.0,-0.443328857422
452.439544678,-32.6569290161,0.0,-0.45361328125
452.439544678,-32.6569290161,0.0,-0.443328857422
452.439544678,-32.6569290161,0.0,-0.45361328125
452.439544678,-32.6569290161,0.0,-0.443328857422
440.7371521,3.57849240303,0.0,-0.45361328125
440.7371521,3.57849240303,0.0,-0.443328857422
440.7371521,3.57849240303,0.0,-0.45361328125
418.197753906,-38.4532165527,0.0,-0.463928222656
418.197753906,-38.4532165527,0.0,-0.45361328125
418.197753906,-38.4532165527,0.0,-0.463928222656
418.197753906,-38.4532165527,0.0,-0.45361328125
418.197753906,-38.4532165527,0.0,-0.463928222656
427.091430664,-24.6895313263,0.0,-0.45361328125
427.091430664,-24.6895313263,0.0,-0.463928222656
427.091430664,-24.6895313263,0.0,-0.45361328125
427.091430664,-24.6895313263,0.0,-0.463928222656
427.091430664,-24.6895313263,0.0,-0.45361328125
427.091430664,-24.6895313263,0.0,-0.45361328125
427.091430664,-24.6895313263,0.0,-0.463928222656
427.091430664,-24.6895313263,0.0,-0.463928222656
427.091430664,-24.6895313263,0.0,-0.463928222656
427.091430664,-24.6895313263,0.0,-0.45361328125
420.428619385,5.24881601334,0.0,-0.45361328125
420.428619385,5.24881601334,0.0,-0.45361328125
420.428619385,5.24881601334,0.0,-0.45361328125
420.428619385,5.24881601334,0.0,-0.45361328125
420.428619385,5.24881601334,0.0102844238281,-0.45361328125
420.428619385,5.24881601334,0.0,-0.45361328125
420.428619385,5.24881601334,0.0102844238281,-0.45361328125
420.428619385,5.24881601334,0.0,-0.45361328125
420.428619385,5.24881601334,0.0,-0.463928222656
420.428619385,5.24881601334,0.0102844238281,-0.45361328125
420.428619385,5.24881601334,0.0102844238281,-0.45361328125
420.428619385,5.24881601334,0.0102844238281,-0.463928222656
420.428619385,5.24881601334,0.0,-0.45361328125
420.428619385,5.24881601334,0.0,-0.45361328125
420.428619385,5.24881601334,0.0,-0.463928222656
420.428619385,5.24881601334,0.0,-0.45361328125
420.428619385,5.24881601334,0.0102844238281,-0.463928222656
420.428619385,5.24881601334,0.0102844238281,-0.463928222656
420.428619385,5.24881601334,0.0,-0.45361328125
420.428619385,5.24881601334,0.0,-0.45361328125
394.669921875,15.3086843491,0.0,-0.463928222656
394.669921875,15.3086843491,0.0102844238281,-0.463928222656
394.669921875,15.3086843491,0.0,-0.463928222656
394.669921875,15.3086843491,0.0102844238281,-0.463928222656
394.669921875,15.3086843491,0.0,-0.463928222656
394.669921875,15.3086843491,0.0102844238281,-0.463928222656
394.669921875,15.3086843491,0.0,-0.463928222656
394.669921875,15.3086843491,0.0102844238281,-0.463928222656
394.669921875,15.3086843491,0.0,-0.463928222656
394.669921875,15.3086843491,0.0102844238281,-0.463928222656
394.669921875,15.3086843491,0.0,-0.463928222656
394.669921875,15.3086843491,0.0102844238281,-0.463928222656
394.669921875,15.3086843491,0.0,-0.463928222656
-1,-1,0.0102844238281,-0.463928222656
-1,-1,0.0,-0.463928222656
-1,-1,0.0102844238281,-0.463928222656
-1,-1,0.0,-0.463928222656
-1,-1,0.0,-0.474243164062
-1,-1,0.0,-0.484558105469
-1,-1,0.0,-0.484558105469
-1,-1,0.0,-0.484558105469
-1,-1,0.0,-0.484558105469
-1,-1,0.0,-0.494873046875
-1,-1,0.0,-0.484558105469
-1,-1,0.0,-0.494873046875
-1,-1,0.0,-0.484558105469
-1,-1,0.0,-0.494873046875
-1,-1,0.0,-0.494873046875
-1,-1,0.0,-0.494873046875
306.902191162,-37.1789093018,0.0,-0.494873046875
306.902191162,-37.1789093018,0.0,-0.494873046875
306.902191162,-37.1789093018,0.0,-0.484558105469
306.902191162,-37.1789093018,0.0,-0.484558105469
306.902191162,-37.1789093018,0.0,-0.494873046875
306.902191162,-37.1789093018,0.0,-0.484558105469
306.902191162,-37.1789093018,0.0,-0.484558105469
306.902191162,-37.1789093018,0.0,-0.494873046875
306.902191162,-37.1789093018,0.0,-0.494873046875
306.902191162,-37.1789093018,0.0,-0.484558105469
306.902191162,-37.1789093018,0.0,-0.484558105469
306.902191162,-37.1789093018,0.0,-0.494873046875
306.902191162,-37.1789093018,0.0,-0.494873046875
306.902191162,-37.1789093018,0.0,-0.484558105469
306.902191162,-37.1789093018,0.0,-0.484558105469
306.902191162,-37.1789093018,0.0,-0.494873046875
306.902191162,-37.1789093018,0.0,-0.494873046875
306.902191162,-37.1789093018,0.0,-0.484558105469
306.902191162,-37.1789093018,0.0,-0.484558105469
-1,-1,0.0,-0.484558105469
-1,-1,0.0,-0.494873046875
-1,-1,0.0,-0.494873046875
-1,-1,0.0,-0.484558105469
-1,-1,0.0,-0.494873046875
-1,-1,0.0,-0.494873046875
-1,-1,0.0,-0.484558105469
-1,-1,0.0,-0.484558105469
-1,-1,0.0,-0.494873046875
-1,-1,0.0,-0.484558105469
-1,-1,0.0,-0.484558105469
-1,-1,0.0,-0.484558105469
-1,-1,0.0,-0.494873046875
-1,-1,0.0,-0.484558105469
-1,-1,0.0,-0.484558105469
-1,-1,0.0,-0.484558105469
-1,-1,0.0,-0.484558105469
-1,-1,0.0,-0.484558105469
-1,-1,0.0,-0.494873046875
-1,-1,0.0,-0.484558105469
-1,-1,0.0,-0.484558105469
-1,-1,0.0,-0.494873046875
-1,-1,0.0,-0.494873046875
291.534362793,-19.7925128937,0.0,-0.494873046875
291.534362793,-19.7925128937,0.0,-0.494873046875
291.534362793,-19.7925128937,0.0,-0.484558105469
291.534362793,-19.7925128937,0.0,-0.494873046875
291.534362793,-19.7925128937,0.0,-0.494873046875
291.534362793,-19.7925128937,0.0,-0.484558105469
291.534362793,-19.7925128937,0.0,-0.494873046875
291.534362793,-19.7925128937,0.0,-0.484558105469
291.534362793,-19.7925128937,0.0,-0.484558105469
291.534362793,-19.7925128937,0.0,-0.494873046875
291.534362793,-19.7925128937,0.0,-0.494873046875
291.534362793,-19.7925128937,0.0,-0.494873046875
291.534362793,-19.7925128937,0.0,-0.494873046875
291.534362793,-19.7925128937,0.0,-0.494873046875
291.534362793,-19.7925128937,0.0,-0.494873046875
291.534362793,-19.7925128937,0.0,-0.484558105469
291.534362793,-19.7925128937,0.0,-0.484558105469
291.534362793,-19.7925128937,0.0,-0.494873046875
291.534362793,-19.7925128937,0.0,-0.494873046875
291.534362793,-19.7925128937,0.0,-0.494873046875
-1,-1,0.0,-0.494873046875
-1,-1,0.0,-0.494873046875
-1,-1,0.0,-0.494873046875
-1,-1,0.0,-0.484558105469
-1,-1,0.0,-0.494873046875
-1,-1,0.0,-0.494873046875
-1,-1,0.0,-0.484558105469
-1,-1,0.0,-0.494873046875
-1,-1,0.0,-0.494873046875
-1,-1,0.0,-0.484558105469
-1,-1,0.0,-0.484558105469
-1,-1,0.0,-0.494873046875
-1,-1,0.0,-0.494873046875
-1,-1,0.0,-0.484558105469
-1,-1,0.0,-0.484558105469
-1,-1,0.0,-0.494873046875
-1,-1,0.0,-0.484558105469
-1,-1,0.0,-0.494873046875
-1,-1,0.0,-0.494873046875
-1,-1,0.0,-0.494873046875
-1,-1,0.0,-0.484558105469
-1,-1,0.0,-0.494873046875
-1,-1,0.0,-0.494873046875
-1,-1,0.0,-0.484558105469
-1,-1,0.0,-0.484558105469
-1,-1,0.0,-0.494873046875
-1,-1,0.0,-0.494873046875
-1,-1,0.0,-0.484558105469
-1,-1,0.0,-0.484558105469
-1,-1,0.0,-0.494873046875
-1,-1,0.0,-0.494873046875
-1,-1,0.0,-0.494873046875
-1,-1,0.0,-0.494873046875
-1,-1,0.0,-0.494873046875
-1,-1,0.0,-0.494873046875
-1,-1,0.0,-0.494873046875
-1,-1,0.0,-0.494873046875
-1,-1,0.0,-0.494873046875
-1,-1,0.0,-0.494873046875
-1,-1,0.0,-0.494873046875
-1,-1,0.0,-0.484558105469
-1,-1,0.0,-0.494873046875
-1,-1,0.0,-0.494873046875
-1,-1,0.0,-0.484558105469
-1,-1,0.0,-0.484558105469
-1,-1,0.0,-0.494873046875
-1,-1,0.0,-0.494873046875
-1,-1,0.0,-0.494873046875
-1,-1,0.0,-0.494873046875
-1,-1,0.0,-0.484558105469
-1,-1,0.0,-0.484558105469
-1,-1,0.0,-0.494873046875
-1,-1,0.0,-0.494873046875
245.719558716,-20.3611507416,0.0,-0.494873046875
245.719558716,-20.3611507416,0.0,-0.494873046875
245.719558716,-20.3611507416,0.0,-0.494873046875
245.719558716,-20.3611507416,0.0,-0.494873046875
245.719558716,-20.3611507416,0.0,-0.494873046875
245.719558716,-20.3611507416,0.0,-0.494873046875
245.719558716,-20.3611507416,0.0,-0.494873046875
245.719558716,-20.3611507416,0.0,-0.494873046875
245.719558716,-20.3611507416,0.0,-0.484558105469
245.719558716,-20.3611507416,0.0,-0.494873046875
245.719558716,-20.3611507416,0.0,-0.494873046875
245.719558716,-20.3611507416,0.0,-0.494873046875
-1,-1,0.0,-0.484558105469
-1,-1,0.0,-0.484558105469
-1,-1,0.0,-0.494873046875
-1,-1,0.0,-0.494873046875
-1,-1,0.0,-0.494873046875
-1,-1,0.0,-0.494873046875
-1,-1,0.0,-0.484558105469
-1,-1,0.0,-0.494873046875
-1,-1,0.0,-0.494873046875
-1,-1,0.0,-0.494873046875
-1,-1,0.0,-0.494873046875
-1,-1,0.0,-0.494873046875
-1,-1,0.0,-0.494873046875
-1,-1,0.0,-0.494873046875
-1,-1,0.0,-0.494873046875
-1,-1,0.0,-0.494873046875
-1,-1,0.0,-0.494873046875
-1,-1,0.0,-0.494873046875
-1,-1,0.0,-0.494873046875
-1,-1,0.0,-0.494873046875
-1,-1,0.0,-0.494873046875
-1,-1,0.0,-0.494873046875
-1,-1,0.0,-0.494873046875
-1,-1,0.0,-0.494873046875
-1,-1,0.0,-0.494873046875
-1,-1,0.0,-0.494873046875
-1,-1,0.0,-0.494873046875
-1,-1,0.0,-0.494873046875
-1,-1,0.0,-0.494873046875
310.568939209,-18.6359710693,0.0,-0.494873046875
310.568939209,-18.6359710693,0.0,-0.494873046875
310.568939209,-18.6359710693,0.0,-0.494873046875
310.568939209,-18.6359710693,0.0,-0.505157470703
310.568939209,-18.6359710693,0.0,-0.505157470703
310.568939209,-18.6359710693,0.0,-0.515472412109
310.568939209,-18.6359710693,0.0,-0.515472412109
310.568939209,-18.6359710693,0.0,-0.515472412109
310.568939209,-18.6359710693,0.0,-0.505157470703
310.568939209,-18.6359710693,0.0,-0.505157470703
310.568939209,-18.6359710693,0.0,-0.515472412109
310.568939209,-18.6359710693,0.0,-0.515472412109
310.568939209,-18.6359710693,0.0,-0.505157470703
310.568939209,-18.6359710693,0.0,-0.505157470703
310.568939209,-18.6359710693,0.0,-0.515472412109
310.568939209,-18.6359710693,0.0,-0.515472412109
305.117248535,-40.2144241333,0.0,-0.515472412109
305.117248535,-40.2144241333,0.0,-0.505157470703
305.117248535,-40.2144241333,0.0,-0.515472412109
305.117248535,-40.2144241333,0.0,-0.515472412109
305.117248535,-40.2144241333,0.0,-0.515472412109
305.117248535,-40.2144241333,0.0,-0.515472412109
305.117248535,-40.2144241333,0.0,-0.515472412109
305.117248535,-40.2144241333,0.0,-0.515472412109
305.117248535,-40.2144241333,0.0,-0.515472412109
305.117248535,-40.2144241333,0.0,-0.515472412109
335.657104492,-41.5430412292,0.0,-0.515472412109
335.657104492,-41.5430412292,0.0,-0.515472412109
335.657104492,-41.5430412292,0.0,-0.505157470703
335.657104492,-41.5430412292,0.0,-0.515472412109
335.657104492,-41.5430412292,0.0,-0.515472412109
335.657104492,-41.5430412292,0.0,-0.515472412109
335.657104492,-41.5430412292,0.0,-0.515472412109
335.657104492,-41.5430412292,0.0,-0.505157470703
335.657104492,-41.5430412292,0.0,-0.515472412109
335.657104492,-41.5430412292,0.0,-0.505157470703
335.657104492,-41.5430412292,0.0,-0.505157470703
-1,-1,0.0,-0.515472412109
-1,-1,0.0,-0.515472412109
-1,-1,0.0,-0.505157470703
-1,-1,0.0,-0.515472412109
-1,-1,0.0,-0.505157470703
-1,-1,0.0,-0.515472412109
-1,-1,0.0,-0.515472412109
-1,-1,0.0,-0.505157470703
-1,-1,0.0,-0.515472412109
-1,-1,0.0,-0.515472412109
-1,-1,0.0,-0.505157470703
-1,-1,0.0,-0.505157470703
-1,-1,0.0,-0.505157470703
-1,-1,0.0,-0.515472412109
-1,-1,0.0,-0.515472412109
-1,-1,0.0,-0.515472412109
-1,-1,0.0,-0.515472412109
-1,-1,0.0,-0.505157470703
-1,-1,0.0,-0.515472412109
-1,-1,0.0,-0.515472412109
-1,-1,0.0,-0.515472412109
328.516876221,-1.7162077711e-05,0.0,-0.505157470703
328.516876221,-1.7162077711e-05,0.0,-0.505157470703
328.516876221,-1.7162077711e-05,0.0,-0.515472412109
328.516876221,-1.7162077711e-05,0.0,-0.505157470703
328.516876221,-1.7162077711e-05,0.0,-0.505157470703
328.516876221,-1.7162077711e-05,0.0,-0.515472412109
328.516876221,-1.7162077711e-05,0.0,-0.515472412109
328.516876221,-1.7162077711e-05,0.0,-0.515472412109
328.516876221,-1.7162077711e-05,0.0,-0.515472412109
328.516876221,-1.7162077711e-05,0.0,-0.515472412109
328.516876221,-1.7162077711e-05,0.0,-0.515472412109
328.516876221,-1.7162077711e-05,0.0,-0.505157470703
328.516876221,-1.7162077711e-05,0.0,-0.505157470703
328.516876221,-1.7162077711e-05,0.0,-0.515472412109
328.516876221,-1.7162077711e-05,0.0,-0.515472412109
328.516876221,-1.7162077711e-05,0.0,-0.515472412109
328.516876221,-1.7162077711e-05,0.0,-0.515472412109
328.516876221,-1.7162077711e-05,0.0,-0.515472412109
328.516876221,-1.7162077711e-05,0.0,-0.515472412109
328.516876221,-1.7162077711e-05,0.0,-0.515472412109
-1,-1,0.0,-0.515472412109
-1,-1,0.0,-0.515472412109
-1,-1,0.0,-0.505157470703
-1,-1,0.0,-0.505157470703
-1,-1,0.0,-0.515472412109
-1,-1,0.0,-0.505157470703
-1,-1,0.0,-0.515472412109
-1,-1,0.0,-0.515472412109
-1,-1,0.0,-0.505157470703
-1,-1,0.0,-0.515472412109
-1,-1,0.0,-0.515472412109
-1,-1,0.0,-0.515472412109
-1,-1,0.0,-0.505157470703
-1,-1,0.0,-0.505157470703
-1,-1,0.0,-0.515472412109
-1,-1,0.0,-0.515472412109
-1,-1,0.0,-0.515472412109
-1,-1,0.0,-0.515472412109
-1,-1,0.0,-0.515472412109
-1,-1,0.0,-0.515472412109
304.963317871,-51.1003036499,0.0,-0.515472412109
304.963317871,-51.1003036499,0.0,-0.515472412109
304.963317871,-51.1003036499,0.0,-0.515472412109
304.963317871,-51.1003036499,0.0,-0.515472412109
304.963317871,-51.1003036499,0.0,-0.515472412109
304.963317871,-51.1003036499,0.0,-0.515472412109
304.963317871,-51.1003036499,0.0,-0.515472412109
304.963317871,-51.1003036499,0.0,-0.515472412109
-1,-1,0.0,-0.515472412109
-1,-1,0.0,-0.515472412109
-1,-1,0.0,-0.515472412109
-1,-1,0.0,-0.515472412109
-1,-1,0.0,-0.515472412109
-1,-1,0.0,-0.515472412109
-1,-1,0.0,-0.515472412109
-1,-1,0.0,-0.515472412109
-1,-1,0.0,-0.515472412109
-1,-1,0.0,-0.515472412109
-1,-1,0.0,-0.515472412109
-1,-1,0.0,-0.515472412109
-1,-1,0.0,-0.515472412109
-1,-1,0.0,-0.515472412109
-1,-1,0.0,-0.515472412109
-1,-1,0.0,-0.515472412109
-1,-1,0.0,-0.515472412109
-1,-1,0.0,-0.515472412109
-1,-1,0.0,-0.515472412109
-1,-1,0.0,-0.515472412109
-1,-1,0.0,-0.515472412109
-1,-1,0.0,-0.515472412109
-1,-1,0.0,-0.515472412109
-1,-1,0.0,-0.515472412109
-1,-1,0.0,-0.515472412109
-1,-1,0.0,-0.515472412109
-1,-1,0.0,-0.515472412109
-1,-1,0.0,-0.515472412109
-1,-1,0.0,-0.515472412109
-1,-1,0.0,-0.515472412109
-1,-1,0.0,-0.515472412109
-1,-1,0.0,-0.515472412109
-1,-1,0.0,-0.515472412109
-1,-1,0.0,-0.515472412109
-1,-1,0.0,-0.515472412109
-1,-1,0.0,-0.515472412109
-1,-1,0.0,-0.515472412109
-1,-1,0.0,-0.515472412109
-1,-1,0.0,-0.515472412109
-1,-1,0.0,-0.515472412109
-1,-1,0.0,-0.515472412109
-1,-1,0.0,-0.515472412109
-1,-1,0.0,-0.515472412109
-1,-1,0.0,-0.515472412109
-1,-1,0.0,-0.515472412109
-1,-1,0.0,-0.515472412109
-1,-1,0.0,-0.525787353516
-1,-1,0.0,-0.525787353516
-1,-1,0.0,-0.515472412109
-1,-1,0.0,-0.515472412109
-1,-1,0.0,-0.525787353516
-1,-1,0.0,-0.525787353516
-1,-1,0.0102844238281,-0.556701660156
-1,-1,0.0102844238281,-0.556701660156
-1,-1,0.0,-0.577331542969
-1,-1,0.0,-0.577331542969
-1,-1,0.0,-0.587646484375
-1,-1,0.0,-0.597961425781
-1,-1,0.0102844238281,-0.608276367188
-1,-1,0.0102844238281,-0.608276367188
-1,-1,0.0102844238281,-0.597961425781
-1,-1,0.0102844238281,-0.608276367188
-1,-1,0.0,-0.608276367188
-1,-1,0.0102844238281,-0.618560791016
-1,-1,0.0102844238281,-0.618560791016
-1,-1,0.0205993652344,-0.618560791016
-1,-1,0.0515441894531,-0.618560791016
-1,-1,0.0618286132812,-0.618560791016
420.394744873,-43.8221740723,0.0721435546875,-0.618560791016
420.394744873,-43.8221740723,0.0618286132812,-0.639190673828
420.394744873,-43.8221740723,0.0618286132812,-0.639190673828
420.394744873,-43.8221740723,0.0721435546875,-0.659820556641
420.394744873,-43.8221740723,0.0721435546875,-0.659820556641
420.394744873,-43.8221740723,0.0721435546875,-0.670104980469
420.394744873,-43.8221740723,0.0618286132812,-0.701049804688
420.394744873,-43.8221740723,0.0618286132812,-0.701049804688
420.394744873,-43.8221740723,0.0721435546875,-0.731964111328
420.394744873,-43.8221740723,0.0721435546875,-0.731964111328
420.394744873,-43.8221740723,0.0721435546875,-0.752593994141
420.394744873,-43.8221740723,0.0618286132812,-0.793823242188
420.394744873,-43.8221740723,0.0618286132812,-0.793823242188
420.394744873,-43.8221740723,0.0721435546875,-0.814453125
420.394744873,-43.8221740723,0.0721435546875,-0.814453125
420.394744873,-43.8221740723,0.0721435546875,-0.824768066406
420.394744873,-43.8221740723,0.0824584960938,-0.824768066406
420.394744873,-43.8221740723,0.103088378906,-0.824768066406
420.394744873,-43.8221740723,0.113372802734,-0.824768066406
420.394744873,-43.8221740723,0.123687744141,-0.835052490234
420.394744873,-43.8221740723,0.123687744141,-0.835052490234
420.394744873,-43.8221740723,0.123687744141,-0.824768066406
420.394744873,-43.8221740723,0.134002685547,-0.824768066406
420.394744873,-43.8221740723,0.154632568359,-0.824768066406
420.394744873,-43.8221740723,0.185546875,-0.824768066406
420.394744873,-43.8221740723,0.206176757812,-0.824768066406
418.160339355,-57.7865524292,0.226776123047,-0.824768066406
418.160339355,-57.7865524292,0.237091064453,-0.824768066406
418.160339355,-57.7865524292,0.247406005859,-0.824768066406
418.160339355,-57.7865524292,0.237091064453,-0.824768066406
418.160339355,-57.7865524292,0.247406005859,-0.824768066406
418.160339355,-57.7865524292,0.237091064453,-0.824768066406
418.160339355,-57.7865524292,0.247406005859,-0.824768066406
418.160339355,-57.7865524292,0.247406005859,-0.835052490234
418.160339355,-57.7865524292,0.247406005859,-0.824768066406
418.160339355,-57.7865524292,0.247406005859,-0.835052490234
418.160339355,-57.7865524292,0.247406005859,-0.824768066406
418.160339355,-57.7865524292,0.247406005859,-0.835052490234
427.068908691,-51.2442131042,0.237091064453,-0.835052490234
427.068908691,-51.2442131042,0.247406005859,-0.824768066406
427.068908691,-51.2442131042,0.247406005859,-0.824768066406
427.068908691,-51.2442131042,0.247406005859,-0.835052490234
427.068908691,-51.2442131042,0.237091064453,-0.824768066406
427.068908691,-51.2442131042,0.237091064453,-0.824768066406
427.068908691,-51.2442131042,0.247406005859,-0.824768066406
427.068908691,-51.2442131042,0.257720947266,-0.824768066406
427.068908691,-51.2442131042,0.288635253906,-0.835052490234
427.068908691,-51.2442131042,0.288635253906,-0.835052490234
427.068908691,-51.2442131042,0.309265136719,-0.835052490234
427.068908691,-51.2442131042,0.309265136719,-0.824768066406
427.068908691,-51.2442131042,0.319580078125,-0.824768066406
427.068908691,-51.2442131042,0.329895019531,-0.824768066406
427.068908691,-51.2442131042,0.319580078125,-0.824768066406
427.068908691,-51.2442131042,0.319580078125,-0.835052490234
427.068908691,-51.2442131042,0.319580078125,-0.845367431641
427.068908691,-51.2442131042,0.319580078125,-0.835052490234
427.068908691,-51.2442131042,0.329895019531,-0.835052490234
433.854522705,-51.6295013428,0.350494384766,-0.835052490234
433.854522705,-51.6295013428,0.371124267578,-0.845367431641
433.854522705,-51.6295013428,0.371124267578,-0.845367431641
433.854522705,-51.6295013428,0.381439208984,-0.845367431641
433.854522705,-51.6295013428,0.381439208984,-0.855682373047
433.854522705,-51.6295013428,0.391723632812,-0.865997314453
433.854522705,-51.6295013428,0.391723632812,-0.865997314453
433.854522705,-51.6295013428,0.381439208984,-0.886627197266
433.854522705,-51.6295013428,0.381439208984,-0.886627197266
433.854522705,-51.6295013428,0.391723632812,-0.896911621094
433.854522705,-51.6295013428,0.391723632812,-0.896911621094
433.854522705,-51.6295013428,0.381439208984,-0.9072265625
433.854522705,-51.6295013428,0.381439208984,-0.9072265625
433.854522705,-51.6295013428,0.381439208984,-0.917541503906
433.854522705,-51.6295013428,0.371124267578,-0.927856445312
433.854522705,-51.6295013428,0.371124267578,-0.927856445312
433.854522705,-51.6295013428,0.381439208984,-0.927856445312
433.854522705,-51.6295013428,0.381439208984,-0.938171386719
433.854522705,-51.6295013428,0.391723632812,-0.938171386719
433.854522705,-51.6295013428,0.381439208984,-0.948455810547
433.854522705,-51.6295013428,0.381439208984,-0.948455810547
433.854522705,-51.6295013428,0.381439208984,-0.958770751953
401.203704834,-100.953269958,0.371124267578,-0.969085693359
401.203704834,-100.953269958,0.371124267578,-0.969085693359
401.203704834,-100.953269958,0.391723632812,-0.969085693359
401.203704834,-100.953269958,0.381439208984,-0.979400634766
401.203704834,-100.953269958,0.381439208984,-0.979400634766
401.203704834,-100.953269958,0.381439208984,-0.989715576172
401.203704834,-100.953269958,0.391723632812,-1.0
401.203704834,-100.953269958,0.391723632812,-1.0
401.203704834,-100.953269958,0.381439208984,-1.0
401.203704834,-100.953269958,0.381439208984,-1.0
401.203704834,-100.953269958,0.381439208984,-1.0
401.203704834,-100.953269958,0.381439208984,-1.0
401.203704834,-100.953269958,0.381439208984,-1.0
401.203704834,-100.953269958,0.391723632812,-1.0
401.203704834,-100.953269958,0.371124267578,-1.0
401.203704834,-100.953269958,0.381439208984,-1.0
396.121002197,-63.2871284485,0.381439208984,-1.0
396.121002197,-63.2871284485,0.391723632812,-1.0
396.121002197,-63.2871284485,0.381439208984,-1.0
396.121002197,-63.2871284485,0.391723632812,-1.0
396.121002197,-63.2871284485,0.402038574219,-1.0
396.121002197,-63.2871284485,0.422668457031,-1.0
396.121002197,-63.2871284485,0.432983398438,-1.0
445.112426758,-93.2479019165,0.453582763672,-1.0
445.112426758,-93.2479019165,0.463897705078,-1.0
445.112426758,-93.2479019165,0.474212646484,-1.0
445.112426758,-93.2479019165,0.484527587891,-1.0
445.112426758,-93.2479019165,0.505126953125,-1.0
445.112426758,-93.2479019165,0.515441894531,-1.0
445.112426758,-93.2479019165,0.536071777344,-1.0
445.112426758,-93.2479019165,0.54638671875,-1.0
445.112426758,-93.2479019165,0.566986083984,-1.0
445.112426758,-93.2479019165,0.566986083984,-1.0
445.112426758,-93.2479019165,0.566986083984,-1.0
445.112426758,-93.2479019165,0.566986083984,-1.0
445.112426758,-93.2479019165,0.566986083984,-1.0
445.112426758,-93.2479019165,0.566986083984,-1.0
401.42868042,-106.98589325,0.566986083984,-1.0
411.141174316,-106.4088974,0.577301025391,-1.0
411.141174316,-106.4088974,0.587615966797,-1.0
398.704437256,-143.927764893,0.608245849609,-1.0
398.704437256,-143.927764893,0.597930908203,-1.0
398.704437256,-143.927764893,0.608245849609,-1.0
398.704437256,-143.927764893,0.608245849609,-1.0
398.704437256,-143.927764893,0.608245849609,-1.0
398.704437256,-143.927764893,0.618530273438,-1.0
398.704437256,-143.927764893,0.618530273438,-1.0
398.704437256,-143.927764893,0.628845214844,-1.0
398.704437256,-143.927764893,0.628845214844,-1.0
398.704437256,-143.927764893,0.63916015625,-1.0
398.704437256,-143.927764893,0.63916015625,-1.0
398.704437256,-143.927764893,0.649475097656,-1.0
398.704437256,-143.927764893,0.649475097656,-1.0
398.704437256,-143.927764893,0.659790039062,-1.0
398.704437256,-143.927764893,0.659790039062,-1.0
398.704437256,-143.927764893,0.670074462891,-1.0
398.704437256,-143.927764893,0.670074462891,-1.0
398.704437256,-143.927764893,0.670074462891,-1.0
398.704437256,-143.927764893,0.659790039062,-1.0
398.704437256,-143.927764893,0.659790039062,-1.0
398.704437256,-143.927764893,0.659790039062,-1.0
398.704437256,-143.927764893,0.659790039062,-1.0
398.704437256,-143.927764893,0.670074462891,-1.0
398.704437256,-143.927764893,0.659790039062,-1.0
398.704437256,-143.927764893,0.670074462891,-1.0
382.433074951,-108.540870667,0.670074462891,-1.0
382.433074951,-108.540870667,0.670074462891,-1.0
382.433074951,-108.540870667,0.670074462891,-1.0
382.433074951,-108.540870667,0.670074462891,-1.0
382.433074951,-108.540870667,0.680389404297,-1.0
382.433074951,-108.540870667,0.670074462891,-1.0
382.433074951,-108.540870667,0.670074462891,-1.0
382.433074951,-108.540870667,0.670074462891,-1.0
382.433074951,-108.540870667,0.670074462891,-1.0
382.433074951,-108.540870667,0.670074462891,-1.0
382.433074951,-108.540870667,0.670074462891,-1.0
382.433074951,-108.540870667,0.670074462891,-1.0
382.433074951,-108.540870667,0.670074462891,-1.0
382.433074951,-108.540870667,0.670074462891,-1.0
382.433074951,-108.540870667,0.659790039062,-1.0
420.290039062,-88.1532745361,0.670074462891,-1.0
420.290039062,-88.1532745361,0.680389404297,-1.0
420.290039062,-88.1532745361,0.680389404297,-1.0
420.290039062,-88.1532745361,0.670074462891,-1.0
420.290039062,-88.1532745361,0.680389404297,-1.0
420.290039062,-88.1532745361,0.680389404297,-1.0
420.290039062,-88.1532745361,0.670074462891,-1.0
420.290039062,-88.1532745361,0.670074462891,-1.0
420.290039062,-88.1532745361,0.670074462891,-1.0
420.290039062,-88.1532745361,0.680389404297,-1.0
420.290039062,-88.1532745361,0.670074462891,-1.0
420.290039062,-88.1532745361,0.670074462891,-1.0
420.290039062,-88.1532745361,0.680389404297,-1.0
418.001525879,-105.889099121,0.670074462891,-1.0
418.001525879,-105.889099121,0.670074462891,-1.0
418.001525879,-105.889099121,0.680389404297,-1.0
418.001525879,-105.889099121,0.680389404297,-1.0
418.001525879,-105.889099121,0.680389404297,-1.0
418.001525879,-105.889099121,0.680389404297,-1.0
418.001525879,-105.889099121,0.680389404297,-1.0
418.001525879,-105.889099121,0.690704345703,-1.0
418.001525879,-105.889099121,0.690704345703,-1.0
418.001525879,-105.889099121,0.701019287109,-1.0
418.001525879,-105.889099121,0.701019287109,-1.0
418.001525879,-105.889099121,0.711334228516,-1.0
418.001525879,-105.889099121,0.690704345703,-1.0
418.001525879,-105.889099121,0.701019287109,-1.0
418.001525879,-105.889099121,0.711334228516,-1.0
418.001525879,-105.889099121,0.701019287109,-1.0
418.001525879,-105.889099121,0.701019287109,-1.0
418.001525879,-105.889099121,0.711334228516,-1.0
418.001525879,-105.889099121,0.711334228516,-1.0
404.7449646,-109.208236694,0.721649169922,-1.0
404.7449646,-109.208236694,0.711334228516,-1.0
404.7449646,-109.208236694,0.711334228516,-1.0
404.7449646,-109.208236694,0.721649169922,-1.0
404.7449646,-109.208236694,0.721649169922,-1.0
404.7449646,-109.208236694,0.711334228516,-1.0
404.7449646,-109.208236694,0.721649169922,-1.0
404.7449646,-109.208236694,0.711334228516,-1.0
404.7449646,-109.208236694,0.711334228516,-1.0
404.7449646,-109.208236694,0.711334228516,-1.0
404.7449646,-109.208236694,0.711334228516,-1.0
409.370269775,-72.9913787842,0.721649169922,-1.0
409.370269775,-72.9913787842,0.721649169922,-1.0
409.370269775,-72.9913787842,0.711334228516,-1.0
409.370269775,-72.9913787842,0.711334228516,-1.0
409.370269775,-72.9913787842,0.711334228516,-1.0
409.370269775,-72.9913787842,0.721649169922,-1.0
409.370269775,-72.9913787842,0.721649169922,-1.0
409.370269775,-72.9913787842,0.711334228516,-1.0
409.370269775,-72.9913787842,0.711334228516,-1.0
409.370269775,-72.9913787842,0.721649169922,-1.0
409.370269775,-72.9913787842,0.711334228516,-1.0
409.370269775,-72.9913787842,0.711334228516,-1.0
409.370269775,-72.9913787842,0.711334228516,-1.0
409.370269775,-72.9913787842,0.711334228516,-1.0
409.370269775,-72.9913787842,0.711334228516,-1.0
409.370269775,-72.9913787842,0.721649169922,-1.0
409.370269775,-72.9913787842,0.721649169922,-1.0
358.979858398,-84.0117645264,0.711334228516,-1.0
358.979858398,-84.0117645264,0.711334228516,-1.0
358.979858398,-84.0117645264,0.711334228516,-1.0
358.979858398,-84.0117645264,0.721649169922,-1.0
358.979858398,-84.0117645264,0.711334228516,-1.0
358.979858398,-84.0117645264,0.721649169922,-1.0
358.979858398,-84.0117645264,0.711334228516,-1.0
358.979858398,-84.0117645264,0.721649169922,-1.0
358.979858398,-84.0117645264,0.711334228516,-1.0
393.822967529,-116.873382568,0.721649169922,-1.0
393.822967529,-116.873382568,0.711334228516,-1.0
393.822967529,-116.873382568,0.721649169922,-1.0
393.822967529,-116.873382568,0.711334228516,-1.0
393.822967529,-116.873382568,0.721649169922,-1.0
393.822967529,-116.873382568,0.711334228516,-1.0
393.822967529,-116.873382568,0.721649169922,-1.0
393.822967529,-116.873382568,0.711334228516,-1.0
417.969573975,-113.125312805,0.721649169922,-1.0
417.969573975,-113.125312805,0.711334228516,-1.0
441.387695312,-71.9754638672,0.721649169922,-1.0
441.387695312,-71.9754638672,0.711334228516,-1.0
441.387695312,-71.9754638672,0.721649169922,-1.0
441.387695312,-71.9754638672,0.711334228516,-1.0
441.387695312,-71.9754638672,0.721649169922,-1.0
441.387695312,-71.9754638672,0.711334228516,-1.0
441.387695312,-71.9754638672,0.721649169922,-1.0
441.387695312,-71.9754638672,0.711334228516,-1.0
441.387695312,-71.9754638672,0.721649169922,-1.0
380.756103516,-90.3853302002,0.711334228516,-1.0
380.756103516,-90.3853302002,0.721649169922,-1.0
380.756103516,-90.3853302002,0.711334228516,-1.0
380.756103516,-90.3853302002,0.721649169922,-1.0
380.756103516,-90.3853302002,0.711334228516,-1.0
380.756103516,-90.3853302002,0.721649169922,-1.0
380.756103516,-90.3853302002,0.711334228516,-1.0
380.756103516,-90.3853302002,0.721649169922,-1.0
380.756103516,-90.3853302002,0.711334228516,-1.0
386.21685791,-59.1937065125,0.721649169922,-1.0
386.21685791,-59.1937065125,0.711334228516,-1.0
386.21685791,-59.1937065125,0.721649169922,-1.0
386.21685791,-59.1937065125,0.711334228516,-1.0
386.689056396,-85.6220321655,0.721649169922,-1.0
386.689056396,-85.6220321655,0.711334228516,-1.0
386.689056396,-85.6220321655,0.721649169922,-1.0
386.689056396,-85.6220321655,0.701019287109,-1.0
386.689056396,-85.6220321655,0.701019287109,-1.0
386.689056396,-85.6220321655,0.711334228516,-1.0
386.689056396,-85.6220321655,0.711334228516,-1.0
386.689056396,-85.6220321655,0.721649169922,-1.0
407.148071289,-85.1197280884,0.711334228516,-1.0
407.148071289,-85.1197280884,0.721649169922,-1.0
407.148071289,-85.1197280884,0.711334228516,-1.0
407.148071289,-85.1197280884,0.701019287109,-1.0
407.148071289,-85.1197280884,0.711334228516,-1.0
407.148071289,-85.1197280884,0.721649169922,-1.0
407.148071289,-85.1197280884,0.711334228516,-1.0
380.121002197,-63.8724975586,0.701019287109,-1.0
380.121002197,-63.8724975586,0.711334228516,-1.0
380.121002197,-63.8724975586,0.701019287109,-1.0
380.121002197,-63.8724975586,0.711334228516,-1.0
394.605499268,-40.8832092285,0.711334228516,-1.0
394.605499268,-40.8832092285,0.721649169922,-1.0
394.605499268,-40.8832092285,0.711334228516,-1.0
336.189666748,-80.5494918823,0.711334228516,-1.0
336.189666748,-80.5494918823,0.701019287109,-1.0
336.189666748,-80.5494918823,0.701019287109,-1.0
336.189666748,-80.5494918823,0.690704345703,-1.0
336.189666748,-80.5494918823,0.690704345703,-1.0
336.189666748,-80.5494918823,0.680389404297,-1.0
336.189666748,-80.5494918823,0.690704345703,-1.0
336.189666748,-80.5494918823,0.680389404297,-1.0
336.189666748,-80.5494918823,0.690704345703,-1.0
336.189666748,-80.5494918823,0.680389404297,-1.0
336.189666748,-80.5494918823,0.690704345703,-1.0
336.189666748,-80.5494918823,0.680389404297,-1.0
336.189666748,-80.5494918823,0.690704345703,-1.0
336.189666748,-80.5494918823,0.701019287109,-1.0
336.189666748,-80.5494918823,0.690704345703,-1.0
374.918884277,-100.156997681,0.680389404297,-1.0
374.918884277,-100.156997681,0.690704345703,-1.0
374.918884277,-100.156997681,0.680389404297,-1.0
374.918884277,-100.156997681,0.690704345703,-1.0
374.918884277,-100.156997681,0.680389404297,-1.0
374.918884277,-100.156997681,0.690704345703,-1.0
374.918884277,-100.156997681,0.680389404297,-1.0
374.918884277,-100.156997681,0.690704345703,-1.0
369.976226807,-64.8544616699,0.680389404297,-1.0
369.976226807,-64.8544616699,0.690704345703,-1.0
369.976226807,-64.8544616699,0.680389404297,-1.0
369.976226807,-64.8544616699,0.690704345703,-1.0
369.976226807,-64.8544616699,0.680389404297,-1.0
369.976226807,-64.8544616699,0.690704345703,-1.0
369.976226807,-64.8544616699,0.680389404297,-1.0
369.976226807,-64.8544616699,0.690704345703,-1.0
369.976226807,-64.8544616699,0.680389404297,-1.0
389.762390137,-82.231300354,0.690704345703,-1.0
389.762390137,-82.231300354,0.680389404297,-1.0
389.762390137,-82.231300354,0.690704345703,-1.0
389.762390137,-82.231300354,0.680389404297,-1.0
389.762390137,-82.231300354,0.690704345703,-1.0
389.762390137,-82.231300354,0.680389404297,-1.0
389.762390137,-82.231300354,0.690704345703,-1.0
375.041473389,-73.0830078125,0.680389404297,-1.0
375.041473389,-73.0830078125,0.701019287109,-1.0
375.041473389,-73.0830078125,0.690704345703,-1.0
375.041473389,-73.0830078125,0.680389404297,-1.0
375.041473389,-73.0830078125,0.690704345703,-1.0
375.041473389,-73.0830078125,0.680389404297,-1.0
375.041473389,-73.0830078125,0.690704345703,-1.0
375.041473389,-73.0830078125,0.680389404297,-1.0
375.041473389,-73.0830078125,0.690704345703,-1.0
367.90411377,-73.0994720459,0.680389404297,-1.0
367.90411377,-73.0994720459,0.690704345703,-1.0
367.90411377,-73.0994720459,0.680389404297,-1.0
367.90411377,-73.0994720459,0.690704345703,-1.0
367.90411377,-73.0994720459,0.680389404297,-1.0
367.90411377,-73.0994720459,0.690704345703,-1.0
367.90411377,-73.0994720459,0.680389404297,-1.0
367.90411377,-73.0994720459,0.690704345703,-1.0
367.90411377,-73.0994720459,0.680389404297,-1.0
357.097229004,-74.1053161621,0.690704345703,-1.0
357.097229004,-74.1053161621,0.680389404297,-1.0
357.097229004,-74.1053161621,0.690704345703,-1.0
357.097229004,-74.1053161621,0.680389404297,-1.0
357.097229004,-74.1053161621,0.690704345703,-1.0
357.097229004,-74.1053161621,0.680389404297,-1.0
357.097229004,-74.1053161621,0.690704345703,-1.0
357.097229004,-74.1053161621,0.680389404297,-1.0
357.097229004,-74.1053161621,0.690704345703,-1.0
357.097229004,-74.1053161621,0.680389404297,-1.0
357.097229004,-74.1053161621,0.690704345703,-1.0
357.097229004,-74.1053161621,0.680389404297,-1.0
357.097229004,-74.1053161621,0.690704345703,-1.0
357.097229004,-74.1053161621,0.680389404297,-1.0
364.822570801,-70.4331741333,0.690704345703,-1.0
364.822570801,-70.4331741333,0.680389404297,-1.0
364.822570801,-70.4331741333,0.690704345703,-1.0
364.822570801,-70.4331741333,0.680389404297,-1.0
364.822570801,-70.4331741333,0.690704345703,-1.0
364.822570801,-70.4331741333,0.680389404297,-1.0
364.822570801,-70.4331741333,0.690704345703,-1.0
364.822570801,-70.4331741333,0.680389404297,-1.0
364.822570801,-70.4331741333,0.690704345703,-1.0
364.822570801,-70.4331741333,0.680389404297,-1.0
371.939331055,-68.3615722656,0.690704345703,-1.0
371.939331055,-68.3615722656,0.680389404297,-1.0
371.939331055,-68.3615722656,0.690704345703,-1.0
371.939331055,-68.3615722656,0.680389404297,-1.0
371.939331055,-68.3615722656,0.690704345703,-1.0
371.939331055,-68.3615722656,0.680389404297,-1.0
334.034301758,-14.7556247711,0.690704345703,-1.0
334.034301758,-14.7556247711,0.680389404297,-1.0
334.034301758,-14.7556247711,0.690704345703,-1.0
334.034301758,-14.7556247711,0.680389404297,-1.0
334.034301758,-14.7556247711,0.690704345703,-1.0
334.034301758,-14.7556247711,0.680389404297,-1.0
334.034301758,-14.7556247711,0.690704345703,-1.0
334.034301758,-14.7556247711,0.680389404297,-1.0
340.982910156,-64.468711853,0.690704345703,-1.0
340.982910156,-64.468711853,0.680389404297,-1.0
340.982910156,-64.468711853,0.690704345703,-1.0
340.982910156,-64.468711853,0.680389404297,-1.0
340.982910156,-64.468711853,0.690704345703,-1.0
340.982910156,-64.468711853,0.680389404297,-1.0
340.982910156,-64.468711853,0.690704345703,-1.0
340.982910156,-64.468711853,0.680389404297,-1.0
340.982910156,-64.468711853,0.690704345703,-1.0
324.795837402,-26.8154067993,0.680389404297,-1.0
324.795837402,-26.8154067993,0.690704345703,-1.0
324.795837402,-26.8154067993,0.680389404297,-1.0
324.795837402,-26.8154067993,0.690704345703,-1.0
324.795837402,-26.8154067993,0.680389404297,-1.0
295.514343262,-60.9468650818,0.690704345703,-1.0
295.514343262,-60.9468650818,0.680389404297,-1.0
295.514343262,-60.9468650818,0.690704345703,-1.0
295.514343262,-60.9468650818,0.690704345703,-1.0
295.514343262,-60.9468650818,0.680389404297,-1.0
295.514343262,-60.9468650818,0.649475097656,-1.0
295.514343262,-60.9468650818,0.618530273438,-1.0
295.514343262,-60.9468650818,0.608245849609,-1.0
295.514343262,-60.9468650818,0.577301025391,-1.0
295.514343262,-60.9468650818,0.494842529297,-1.0
295.514343262,-60.9468650818,0.412353515625,-1.0
295.514343262,-60.9468650818,0.402038574219,-1.0
295.514343262,-60.9468650818,0.391723632812,-1.0
295.514343262,-60.9468650818,0.402038574219,-1.0
339.413726807,-36.8817024231,0.391723632812,-1.0
339.413726807,-36.8817024231,0.381439208984,-1.0
339.413726807,-36.8817024231,0.371124267578,-1.0
339.413726807,-36.8817024231,0.350494384766,-1.0
339.413726807,-36.8817024231,0.288635253906,-1.0
339.413726807,-36.8817024231,0.247406005859,-1.0
339.413726807,-36.8817024231,0.237091064453,-1.0
339.413726807,-36.8817024231,0.226776123047,-1.0
339.413726807,-36.8817024231,0.185546875,-1.0
339.413726807,-36.8817024231,0.164947509766,-1.0
339.413726807,-36.8817024231,0.154632568359,-1.0
335.693878174,-40.9012832642,0.144317626953,-1.0
335.693878174,-40.9012832642,0.113372802734,-1.0
335.693878174,-40.9012832642,0.123687744141,-1.0
335.693878174,-40.9012832642,0.113372802734,-1.0
335.693878174,-40.9012832642,0.123687744141,-1.0
335.693878174,-40.9012832642,0.113372802734,-1.0
335.693878174,-40.9012832642,0.123687744141,-1.0
335.693878174,-40.9012832642,0.113372802734,-1.0
335.693878174,-40.9012832642,0.123687744141,-1.0
335.693878174,-40.9012832642,0.113372802734,-1.0
295.974365234,-52.0863342285,0.123687744141,-1.0
295.974365234,-52.0863342285,0.113372802734,-1.0
295.974365234,-52.0863342285,0.123687744141,-1.0
295.974365234,-52.0863342285,0.113372802734,-1.0
295.974365234,-52.0863342285,0.123687744141,-1.0
295.974365234,-52.0863342285,0.113372802734,-1.0
295.974365234,-52.0863342285,0.123687744141,-1.0
295.974365234,-52.0863342285,0.113372802734,-1.0
295.974365234,-52.0863342285,0.123687744141,-1.0
328.3671875,-34.8565444946,0.113372802734,-1.0
328.3671875,-34.8565444946,0.123687744141,-1.0
281.09564209,-34.69896698,0.113372802734,-1.0
281.09564209,-34.69896698,0.123687744141,-1.0
281.09564209,-34.69896698,0.113372802734,-1.0
281.09564209,-34.69896698,0.123687744141,-1.0
281.09564209,-34.69896698,0.113372802734,-1.0
281.09564209,-34.69896698,0.123687744141,-1.0
281.761108398,-38.516960144,0.113372802734,-1.0
281.761108398,-38.516960144,0.123687744141,-1.0
287.975402832,-36.4531860352,0.113372802734,-1.0
287.975402832,-36.4531860352,0.103088378906,-1.0
287.975402832,-36.4531860352,0.0927734375,-1.0
287.975402832,-36.4531860352,0.0824584960938,-1.0
287.975402832,-36.4531860352,0.0927734375,-1.0
287.975402832,-36.4531860352,0.0824584960938,-1.0
287.975402832,-36.4531860352,0.0927734375,-1.0
287.975402832,-36.4531860352,0.0721435546875,-1.0
287.975402832,-36.4531860352,0.0927734375,-1.0
287.975402832,-36.4531860352,0.0824584960938,-1.0
287.975402832,-36.4531860352,0.0927734375,-1.0
287.975402832,-36.4531860352,0.0824584960938,-1.0
246.214569092,-26.8879795074,0.0927734375,-1.0
246.214569092,-26.8879795074,0.0824584960938,-1.0
246.214569092,-26.8879795074,0.0927734375,-1.0
246.214569092,-26.8879795074,0.0824584960938,-1.0
246.214569092,-26.8879795074,0.0927734375,-1.0
246.214569092,-26.8879795074,0.0824584960938,-1.0
246.214569092,-26.8879795074,0.0927734375,-1.0
246.214569092,-26.8879795074,0.0824584960938,-1.0
246.214569092,-26.8879795074,0.0927734375,-1.0
246.214569092,-26.8879795074,0.0824584960938,-1.0
246.214569092,-26.8879795074,0.0927734375,-1.0
246.214569092,-26.8879795074,0.0824584960938,-1.0
274.819122314,13.4661817551,0.0927734375,-1.0
274.819122314,13.4661817551,0.0824584960938,-1.0
284.843780518,-3.02248764038,0.0721435546875,-1.0
284.843780518,-3.02248764038,0.0618286132812,-1.0
284.843780518,-3.02248764038,0.0515441894531,-1.0
284.843780518,-3.02248764038,0.0618286132812,-1.0
284.843780518,-3.02248764038,0.0515441894531,-1.0
284.843780518,-3.02248764038,0.0618286132812,-1.0
284.843780518,-3.02248764038,0.0515441894531,-1.0
284.843780518,-3.02248764038,0.0309143066406,-1.0
284.843780518,-3.02248764038,0.0,-1.0
284.843780518,-3.02248764038,0.0,-1.0
284.843780518,-3.02248764038,0.0,-1.0
284.843780518,-3.02248764038,0.0,-1.0
284.843780518,-3.02248764038,0.0,-1.0
284.843780518,-3.02248764038,0.0,-1.0
228.547851562,-14.0141201019,0.0,-1.0
228.547851562,-14.0141201019,0.0,-1.0
228.547851562,-14.0141201019,0.0,-1.0
228.547851562,-14.0141201019,0.0,-1.0
228.547851562,-14.0141201019,0.0,-1.0
228.547851562,-14.0141201019,0.0,-1.0
240.401351929,-52.2793960571,0.0,-1.0
240.401351929,-52.2793960571,0.0,-1.0
240.401351929,-52.2793960571,0.0,-1.0
240.401351929,-52.2793960571,0.0,-1.0
240.401351929,-52.2793960571,0.0,-1.0
240.401351929,-52.2793960571,0.0,-1.0
240.401351929,-52.2793960571,0.0,-1.0
239.461868286,-17.3455066681,0.0,-1.0
239.461868286,-17.3455066681,0.0,-1.0
239.461868286,-17.3455066681,0.0,-1.0
239.461868286,-17.3455066681,0.0,-1.0
239.461868286,-17.3455066681,0.0,-1.0
239.461868286,-17.3455066681,0.0,-1.0
239.461868286,-17.3455066681,0.0,-1.0
246.521957397,14.6331205368,0.0,-1.0
246.521957397,14.6331205368,0.0,-1.0
224.325958252,-7.36341190338,0.0,-1.0
224.325958252,-7.36341190338,0.0,-1.0
225.929244995,-5.58249521255,0.0,-1.0
225.929244995,-5.58249521255,0.0,-1.0
225.929244995,-5.58249521255,0.0,-1.0
225.929244995,-5.58249521255,0.0,-1.0
225.929244995,-5.58249521255,0.0,-1.0
225.929244995,-5.58249521255,0.0,-1.0
225.929244995,-5.58249521255,0.0,-1.0
225.929244995,-5.58249521255,0.0,-1.0
225.929244995,-5.58249521255,0.0,-1.0
225.929244995,-5.58249521255,0.0,-1.0
225.929244995,-5.58249521255,0.0,-1.0
225.929244995,-5.58249521255,0.0,-1.0
242.554000854,-21.7515068054,0.0,-1.0
242.554000854,-21.7515068054,0.0,-1.0
242.554000854,-21.7515068054,0.0,-1.0
242.554000854,-21.7515068054,0.0,-1.0
256.671508789,-35.3217124939,0.0,-1.0
256.671508789,-35.3217124939,0.0,-1.0
256.671508789,-35.3217124939,0.0,-1.0
256.671508789,-35.3217124939,0.0,-1.0
256.671508789,-35.3217124939,0.0,-1.0
256.671508789,-35.3217124939,0.0,-1.0
238.066604614,-26.4883747101,0.0,-1.0
238.066604614,-26.4883747101,0.0,-1.0
238.066604614,-26.4883747101,0.0,-1.0
238.066604614,-26.4883747101,0.0,-1.0
238.066604614,-26.4883747101,0.0,-1.0
238.066604614,-26.4883747101,0.0,-1.0
264.936462402,-20.7480640411,0.0,-1.0
264.936462402,-20.7480640411,0.0,-1.0
264.936462402,-20.7480640411,0.0,-1.0
264.936462402,-20.7480640411,0.0,-1.0
264.936462402,-20.7480640411,0.0,-1.0
264.936462402,-20.7480640411,0.0,-1.0
264.936462402,-20.7480640411,0.0,-1.0
264.936462402,-20.7480640411,0.0,-1.0
264.936462402,-20.7480640411,0.0,-1.0
264.936462402,-20.7480640411,0.0,-1.0
248.846069336,-34.797580719,0.0,-1.0
248.846069336,-34.797580719,0.0,-1.0
241.462783813,-32.6247024536,0.0,-1.0
241.462783813,-32.6247024536,0.0,-1.0
241.462783813,-32.6247024536,0.0,-1.0
241.462783813,-32.6247024536,0.0,-1.0
241.462783813,-32.6247024536,0.0,-1.0
241.462783813,-32.6247024536,0.0,-1.0
269.353668213,-52.2728118896,0.0,-1.0
269.353668213,-52.2728118896,0.0,-1.0
269.353668213,-52.2728118896,0.0,-1.0
269.353668213,-52.2728118896,0.0,-1.0
269.353668213,-52.2728118896,0.0,-1.0
269.353668213,-52.2728118896,0.0,-1.0
266.735412598,-54.1929473877,0.0,-1.0
266.735412598,-54.1929473877,0.0,-1.0
266.735412598,-54.1929473877,0.0,-1.0
266.735412598,-54.1929473877,0.0,-1.0
266.735412598,-54.1929473877,0.0,-1.0
266.735412598,-54.1929473877,0.0,-1.0
266.872558594,-36.3512687683,0.0,-1.0
266.872558594,-36.3512687683,0.0,-1.0
266.872558594,-36.3512687683,0.0,-1.0
266.872558594,-36.3512687683,0.0,-1.0
249.980361938,-51.1321716309,0.0,-1.0
249.980361938,-51.1321716309,0.0,-1.0
249.980361938,-51.1321716309,0.0,-1.0
249.980361938,-51.1321716309,0.0,-1.0
249.980361938,-51.1321716309,0.0,-1.0
249.980361938,-51.1321716309,0.0,-1.0
249.980361938,-51.1321716309,0.0,-1.0
249.980361938,-51.1321716309,0.0,-1.0
249.980361938,-51.1321716309,0.0205993652344,-1.0
249.980361938,-51.1321716309,0.0412292480469,-1.0
249.980361938,-51.1321716309,0.0618286132812,-1.0
249.980361938,-51.1321716309,0.0721435546875,-1.0
267.230834961,-113.419509888,0.113372802734,-1.0
267.230834961,-113.419509888,0.164947509766,-1.0
267.230834961,-113.419509888,0.216491699219,-1.0
267.230834961,-113.419509888,0.226776123047,-1.0
267.230834961,-113.419509888,0.247406005859,-1.0
267.230834961,-113.419509888,0.309265136719,-1.0
267.230834961,-113.419509888,0.360809326172,-1.0
267.230834961,-113.419509888,0.381439208984,-1.0
267.230834961,-113.419509888,0.391723632812,-1.0
267.230834961,-113.419509888,0.402038574219,-1.0
267.230834961,-113.419509888,0.391723632812,-1.0
267.230834961,-113.419509888,0.402038574219,-1.0
267.230834961,-113.419509888,0.391723632812,-1.0
275.239868164,-80.0384902954,0.402038574219,-1.0
275.239868164,-80.0384902954,0.422668457031,-1.0
275.239868164,-80.0384902954,0.463897705078,-1.0
275.239868164,-80.0384902954,0.494842529297,-1.0
275.239868164,-80.0384902954,0.515441894531,-1.0
275.239868164,-80.0384902954,0.525756835938,-1.0
275.239868164,-80.0384902954,0.536071777344,-1.0
275.239868164,-80.0384902954,0.54638671875,-1.0
275.239868164,-80.0384902954,0.566986083984,-1.0
275.239868164,-80.0384902954,0.587615966797,-1.0
275.239868164,-80.0384902954,0.608245849609,-1.0
275.239868164,-80.0384902954,0.63916015625,-1.0
275.239868164,-80.0384902954,0.649475097656,-1.0
275.239868164,-80.0384902954,0.659790039062,-1.0
271.586303711,-83.5716705322,0.670074462891,-1.0
271.586303711,-83.5716705322,0.659790039062,-1.0
271.586303711,-83.5716705322,0.670074462891,-1.0
271.586303711,-83.5716705322,0.680389404297,-1.0
271.586303711,-83.5716705322,0.670074462891,-1.0
271.586303711,-83.5716705322,0.680389404297,-1.0
271.586303711,-83.5716705322,0.711334228516,-1.0
271.586303711,-83.5716705322,0.721649169922,-1.0
271.586303711,-83.5716705322,0.73193359375,-1.0
230.650466919,-122.51574707,0.721649169922,-1.0
230.650466919,-122.51574707,0.73193359375,-1.0
230.650466919,-122.51574707,0.721649169922,-1.0
230.650466919,-122.51574707,0.73193359375,-1.0
230.650466919,-122.51574707,0.721649169922,-1.0
230.650466919,-122.51574707,0.73193359375,-1.0
230.650466919,-122.51574707,0.721649169922,-1.0
230.650466919,-122.51574707,0.73193359375,-1.0
-1,-1,0.752563476562,-1.0
-1,-1,0.783477783203,-1.0
-1,-1,0.793792724609,-1.0
-1,-1,0.804107666016,-1.0
-1,-1,0.814422607422,-1.0
-1,-1,0.845336914062,-1.0
-1,-1,0.855651855469,-1.0
-1,-1,0.865966796875,-1.0
-1,-1,0.876281738281,-1.0
-1,-1,0.865966796875,-1.0
-1,-1,0.876281738281,-1.0
-1,-1,0.865966796875,-1.0
-1,-1,0.876281738281,-1.0
-1,-1,0.865966796875,-1.0
-1,-1,0.876281738281,-1.0
-1,-1,0.865966796875,-1.0
-1,-1,0.876281738281,-1.0
-1,-1,0.865966796875,-1.0
-1,-1,0.876281738281,-1.0
-1,-1,0.865966796875,-1.0
-1,-1,0.876281738281,-1.0
-1,-1,0.865966796875,-1.0
-1,-1,0.876281738281,-1.0
-1,-1,0.865966796875,-1.0
-1,-1,0.876281738281,-1.0
-1,-1,0.865966796875,-1.0
-1,-1,0.876281738281,-1.0
-1,-1,0.865966796875,-1.0
-1,-1,0.865966796875,-1.0
-1,-1,0.876281738281,-1.0
-1,-1,0.876281738281,-1.0
-1,-1,0.865966796875,-0.886627197266
-1,-1,0.865966796875,-0.886627197266
-1,-1,0.865966796875,-0.835052490234
-1,-1,0.804107666016,-0.752593994141
-1,-1,0.804107666016,-0.752593994141
-1,-1,0.73193359375,-0.690734863281
-1,-1,0.73193359375,-0.690734863281
-1,-1,0.659790039062,-0.556701660156
-1,-1,0.659790039062,-0.556701660156
-1,-1,0.515441894531,-0.412384033203
-1,-1,0.515441894531,-0.412384033203
-1,-1,0.340179443359,-0.247436523438
-1,-1,0.340179443359,-0.247436523438
-1,-1,0.175231933594,-0.0721740722656
-1,-1,0.175231933594,-0.0721740722656
-1,-1,0.0721435546875,0.0
-1,-1,0.0721435546875,0.0
