1.48135195106,-1.09788509776,4.79359625761,1.2851898053,4.78028694212,-1.3147761295,1.49999797344,-1.09999895096,4.8,1.3,4.8,-1.3,0.0130453929305,-0.00971123017371,0.00511898985133,0.0,-0.0103149414062,0.0,0.0
1.48138153317,-1.09784831996,4.79356490137,1.28531127925,4.78032206925,-1.31465499503,1.49999797344,-1.09999895096,4.8,1.3,4.8,-1.3,0.0130438786,-0.00971013586968,0.00509341899306,0.0,-0.0103149414062,0.0,0.0
1.48143002367,-1.09776620993,4.79351801549,1.2855259405,4.78037923368,-1.31444086167,1.49999797344,-1.09999895096,4.8,1.3,4.8,-1.3,0.013039438054,-0.00973298307508,0.0050533991307,0.0,-0.0206298828125,0.0,0.0
1.48143002367,-1.09776620993,4.79351801549,1.2855259405,4.78037923368,-1.31444086167,1.49999797344,-1.09999895096,4.8,1.3,4.8,-1.3,0.013039438054,-0.00973298307508,0.0050533991307,0.0,-0.0103149414062,0.0,0.0
1.48151838659,-1.09762645345,4.79341683401,1.28592908688,4.78048481746,-1.31403875195,1.49999797344,-1.09999895096,4.8,1.3,4.8,-1.3,0.0130384806544,-0.00975492876023,0.00497387303039,0.0,-0.0515747070312,0.0,0.0
1.48151838659,-1.09762645345,4.79341683401,1.28592908688,4.78048481746,-1.31403875195,1.49999797344,-1.09999895096,4.8,1.3,4.8,-1.3,0.0130384806544,-0.00975492876023,0.00497387303039,0.0,-0.0824890136719,0.0,0.0
1.48157928736,-1.09751176427,4.79334384542,1.2862298014,4.78055786889,-1.31373875972,1.49999797344,-1.09999895096,4.8,1.3,4.8,-1.3,0.0130393858999,-0.00978639535606,0.00491770310327,0.0,-0.206207275391,0.0,0.0
1.48157928736,-1.09751176427,4.79334384542,1.2862298014,4.78055786889,-1.31373875972,1.49999797344,-1.09999895096,4.8,1.3,4.8,-1.3,0.0130393858999,-0.00978639535606,0.00491770310327,0.0,-0.247436523438,0.0,0.0
1.48157453332,-1.09750052962,4.79335055781,1.28622510551,4.7805520747,-1.31374339408,1.49999797344,-1.09999895096,4.8,1.3,4.8,-1.3,0.0130389509723,-0.00980475917459,0.00492251338437,0.0,-0.288665771484,0.0,0.0
1.48157453332,-1.09750052962,4.79335055781,1.28622510551,4.7805520747,-1.31374339408,1.49999797344,-1.09999895096,4.8,1.3,4.8,-1.3,0.0130389509723,-0.00980475917459,0.00492251338437,0.0,-0.298980712891,0.0,0.0
1.48150032314,-1.09758201007,4.79343196379,1.28592740831,4.78046373991,-1.31404025017,1.49999797344,-1.09999895096,4.8,1.3,4.8,-1.3,0.0130415828899,-0.00981998909265,0.00498779909685,0.0,-0.309295654297,0.0,0.0
1.48150032314,-1.09758201007,4.79343196379,1.28592740831,4.78046373991,-1.31404025017,1.49999797344,-1.09999895096,4.8,1.3,4.8,-1.3,0.0130415828899,-0.00981998909265,0.00498779909685,0.0,-0.329925537109,0.0,0.0
1.48142360125,-1.09766698081,4.79351269733,1.28562363502,4.78037271086,-1.31434316107,1.49999797344,-1.09999895096,4.8,1.3,4.8,-1.3,0.0130458567291,-0.00983286742121,0.00505386246368,0.0,-0.340209960938,0.0,0.0
1.48142360125,-1.09766698081,4.79351269733,1.28562363502,4.78037271086,-1.31434316107,1.49999797344,-1.09999895096,4.8,1.3,4.8,-1.3,0.0130458567291,-0.00983286742121,0.00505386246368,0.0,-0.329925537109,0.0,0.0
1.48142271831,-1.09765177918,4.79350277943,1.28565139259,4.7803726493,-1.31431545329,1.49999797344,-1.09999895096,4.8,1.3,4.8,-1.3,0.013050949201,-0.00984242744744,0.00505007151514,0.0,-0.340209960938,0.0,0.0
1.48145235154,-1.09759696958,4.79345493494,1.28581386941,4.78040932406,-1.31415340193,1.49999797344,-1.09999895096,4.8,1.3,4.8,-1.3,0.0130570307374,-0.00984904821962,0.00501756370068,0.0,-0.329925537109,0.0,0.0
1.48141179255,-1.09764583106,4.79347201123,1.28568491555,4.78036352728,-1.31428203956,1.49999797344,-1.09999895096,4.8,1.3,4.8,-1.3,0.0130709810182,-0.00983594078571,0.00504174595699,0.0,-0.340209960938,0.0,0.0
1.48158528584,-1.09748273202,4.79324706664,1.286401617,4.78057318685,-1.31356749297,1.49999797344,-1.09999895096,4.8,1.3,4.8,-1.3,0.0130805345252,-0.00975134782493,0.004874588456,0.0,-0.329925537109,0.0,0.0
1.48158528584,-1.09748273202,4.79324706664,1.286401617,4.78057318685,-1.31356749297,1.49999797344,-1.09999895096,4.8,1.3,4.8,-1.3,0.0130805345252,-0.00975134782493,0.004874588456,0.0,-0.340209960938,0.0,0.0
1.48270176597,-1.09616840898,4.79192850471,1.29109503093,4.78190851389,-1.30888566127,1.49999797344,-1.09999895096,4.8,1.3,4.8,-1.3,0.0130827575922,-0.00955278147012,0.00385385216214,0.0,-0.329925537109,0.0,0.0
1.4805108192,-1.12450759905,4.80074520213,1.24742241305,4.77869827672,-1.35248411086,1.49999797344,-1.09999895096,4.8,1.3,4.8,-1.3,0.0100050223991,0.0119140995666,0.00847968831658,0.0,-0.319610595703,0.0,0.0
1.48010063942,-1.12517782543,4.80127986878,1.24542903071,4.77819699649,-1.35446850208,1.49999797344,-1.09999895096,4.8,1.3,4.8,-1.3,0.00996630545706,0.0119941560552,0.00887814443558,0.0,-0.329925537109,0.0,0.0
1.47532523249,-1.12036686697,4.80529599764,1.23787464806,4.77254623222,-1.36191908469,1.49999797344,-1.09999895096,4.8,1.3,4.8,-1.3,0.0106775714085,0.00169574283063,0.0125963967294,0.0,-0.329925537109,0.0,0.0
1.47532523249,-1.12036686697,4.80529599764,1.23787464806,4.77254623222,-1.36191908469,1.49999797344,-1.09999895096,4.8,1.3,4.8,-1.3,0.0106775714085,0.00169574283063,0.0125963967294,0.0,-0.329925537109,0.0,0.0
1.47575731057,-1.11759911169,4.80406704477,1.24298612362,4.77314754636,-1.35683002077,1.49999797344,-1.09999895096,4.8,1.3,4.8,-1.3,0.0110544022173,-2.8744154406e-05,0.011892395094,0.0,-0.329925537109,0.0,0.0
1.47605762247,-1.11663263283,4.80352940171,1.24513363381,4.77353255099,-1.35469331985,1.49999797344,-1.09999895096,4.8,1.3,4.8,-1.3,0.0111557217315,-0.000470283266623,0.0115375062451,0.0,-0.329925537109,0.0,0.0
1.4756429632,-1.11490390084,4.80317173883,1.24678206203,4.77311214555,-1.35304416695,1.49999797344,-1.09999895096,4.8,1.3,4.8,-1.3,0.0115638049319,-0.00223003677092,0.011561639607,0.0,-0.329925537109,0.0,0.0
1.47560990718,-1.11435778486,4.8029906725,1.24753670526,4.77309400699,-1.3522914024,1.49999797344,-1.09999895096,4.8,1.3,4.8,-1.3,0.0116719370708,-0.00268246047199,0.0114989709109,0.0,-0.329925537109,0.0102844238281,0.0
1.47399815282,-1.11410460216,4.80390748238,1.24422366098,4.77122544409,-1.35557092405,1.49999797344,-1.09999895096,4.8,1.3,4.8,-1.3,0.0121119637042,-0.00451054796576,0.0125703457743,0.0,-0.329925537109,0.0205993652344,0.0
1.46798900276,-1.11120362287,4.80650704774,1.23492203516,4.76431049307,-1.36473552898,1.49999797344,-1.09999895096,4.8,1.3,4.8,-1.3,0.0141680967063,-0.0127663258463,0.0162301566452,0.0,-0.329925537109,0.0102844238281,0.0
1.46704521301,-1.11011088654,4.80661080715,1.23452340954,4.76325313611,-1.36511504847,1.49999797344,-1.09999895096,4.8,1.3,4.8,-1.3,0.0146445203573,-0.0145069165155,0.0166768003255,0.0,-0.329925537109,0.0205993652344,0.0
1.45555057066,-1.10504882684,4.81137681862,1.21625221641,4.74990108652,-1.38302090013,1.49999797344,-1.09999895096,4.8,1.3,4.8,-1.3,0.0187259912491,-0.029674846679,0.0236467160285,0.0,-0.329925537109,0.0309143066406,0.0
1.45555057066,-1.10504882684,4.81137681862,1.21625221641,4.74990108652,-1.38302090013,1.49999797344,-1.09999895096,4.8,1.3,4.8,-1.3,0.0187259912491,-0.029674846679,0.0236467160285,0.0,-0.329925537109,0.0205993652344,0.0
1.45125746912,-1.10539523812,4.8139961924,1.20588073391,4.74476376803,-1.39319734715,1.49999797344,-1.09999895096,4.8,1.3,4.8,-1.3,0.0198207926005,-0.0336395427585,0.0266310032457,0.0,-0.329925537109,0.0309143066406,0.0
1.42720291909,-1.11890828317,4.8319972494,1.12995452015,4.71484099381,-1.46740460246,1.49999797344,-1.09999895096,4.8,1.3,4.8,-1.3,0.023826578632,-0.0465370714664,0.0450753606856,0.0,-0.329925537109,0.0412292480469,0.0
1.42261800167,-1.12239653091,4.83551583864,1.11414917493,4.70897540632,-1.48276967613,1.49999797344,-1.09999895096,4.8,1.3,4.8,-1.3,0.0244394931942,-0.0481704846025,0.0486886315048,0.0,-0.340209960938,0.0412292480469,0.0
1.41845933643,-1.12492148711,4.83832691837,1.10095228781,4.70367499383,-1.49555861323,1.49999797344,-1.09999895096,4.8,1.3,4.8,-1.3,0.0251833684742,-0.0500479415059,0.0518123805523,0.0,-0.329925537109,0.0515441894531,0.0
1.41845933643,-1.12492148711,4.83832691837,1.10095228781,4.70367499383,-1.49555861323,1.49999797344,-1.09999895096,4.8,1.3,4.8,-1.3,0.0251833684742,-0.0500479415059,0.0518123805523,0.0,-0.329925537109,0.0515441894531,0.0
1.41450396014,-1.12721095703,4.84092155483,1.08856674091,4.69861218936,-1.50753573097,1.49999797344,-1.09999895096,4.8,1.3,4.8,-1.3,0.0259172413498,-0.0518997237086,0.0547617375851,0.0,-0.329925537109,0.0618286132812,0.0
1.40985756755,-1.12881315577,4.84334308971,1.07599647524,4.69273283229,-1.51963765736,1.49999797344,-1.09999895096,4.8,1.3,4.8,-1.3,0.027119025588,-0.0547501258552,0.0579594671726,0.0,-0.329925537109,0.0721435546875,0.0
1.40699530945,-1.12962969886,4.84460988072,1.06873660347,4.68913181498,-1.52661049684,1.49999797344,-1.09999895096,4.8,1.3,4.8,-1.3,0.0279695745558,-0.0565280839801,0.0598349533975,0.0,-0.329925537109,0.0618286132812,0.0
1.40678913622,-1.12948382832,4.84457062524,1.06862144069,4.68889548851,-1.52671384628,1.49999797344,-1.09999895096,4.8,1.3,4.8,-1.3,0.0281048826873,-0.0567731261253,0.0599108859897,0.0,-0.329925537109,0.0721435546875,0.0
1.4056152866,-1.12915525244,4.84451203498,1.06720480317,4.68751959227,-1.52805113275,1.49999797344,-1.09999895096,4.8,1.3,4.8,-1.3,0.0287671051919,-0.0577774532139,0.0604184605181,0.0,-0.329925537109,0.0824584960938,0.0
1.40473814241,-1.128783164,4.84415134667,1.06676805386,4.68654854298,-1.52845088802,1.49999797344,-1.09999895096,4.8,1.3,4.8,-1.3,0.0294201169163,-0.0584417283535,0.0606536455452,0.0,-0.329925537109,0.0927734375,0.0
1.40371147712,-1.12883344295,4.84387715777,1.06553854683,4.68538467082,-1.52962621318,1.49999797344,-1.09999895096,4.8,1.3,4.8,-1.3,0.0300848279148,-0.0588331632316,0.060996465385,0.0,-0.329925537109,0.0824584960938,0.0
1.40371147712,-1.12883344295,4.84387715777,1.06553854683,4.68538467082,-1.52962621318,1.49999797344,-1.09999895096,4.8,1.3,4.8,-1.3,0.0300848279148,-0.0588331632316,0.060996465385,0.0,-0.340209960938,0.0927734375,0.0
1.40371147712,-1.12883344295,4.84387715777,1.06553854683,4.68538467082,-1.52962621318,1.49999797344,-1.09999895096,4.8,1.3,4.8,-1.3,0.0300848279148,-0.0588331632316,0.060996465385,0.0,-0.340209960938,0.0927734375,0.0
1.40237266758,-1.12946179599,4.84389533937,1.06278135646,4.68379726424,-1.53228484816,1.49999797344,-1.09999895096,4.8,1.3,4.8,-1.3,0.0307385213673,-0.0590331926942,0.0616151615977,0.0,-0.329925537109,0.0927734375,0.0
1.40237266758,-1.12946179599,4.84389533937,1.06278135646,4.68379726424,-1.53228484816,1.49999797344,-1.09999895096,4.8,1.3,4.8,-1.3,0.0307385213673,-0.0590331926942,0.0616151615977,0.0,-0.340209960938,0.0927734375,0.0
1.40121370586,-1.13007389924,4.84373557196,1.060599865,4.68245429449,-1.53439307324,1.49999797344,-1.09999895096,4.8,1.3,4.8,-1.3,0.0313828065991,-0.0590203925967,0.0620711110532,0.0,-0.329925537109,0.0927734375,0.0
1.40121370586,-1.13007389924,4.84373557196,1.060599865,4.68245429449,-1.53439307324,1.49999797344,-1.09999895096,4.8,1.3,4.8,-1.3,0.0313828065991,-0.0590203925967,0.0620711110532,0.0,-0.329925537109,0.103088378906,0.0
1.4002482535,-1.13066992299,4.84336935141,1.05906189736,4.68137809901,-1.53588681777,1.49999797344,-1.09999895096,4.8,1.3,4.8,-1.3,0.0320244953036,-0.058767221868,0.0623447075486,0.0,-0.340209960938,0.103088378906,0.0
1.4002482535,-1.13066992299,4.84336935141,1.05906189736,4.68137809901,-1.53588681777,1.49999797344,-1.09999895096,4.8,1.3,4.8,-1.3,0.0320244953036,-0.058767221868,0.0623447075486,0.0,-0.329925537109,0.113372802734,0.0
1.4002482535,-1.13066992299,4.84336935141,1.05906189736,4.68137809901,-1.53588681777,1.49999797344,-1.09999895096,4.8,1.3,4.8,-1.3,0.0320244953036,-0.058767221868,0.0623447075486,0.0,-0.329925537109,0.113372802734,0.0
1.39787773167,-1.13307010089,4.84419060651,1.05163489261,4.6784127566,-1.54307466811,1.49999797344,-1.09999895096,4.8,1.3,4.8,-1.3,0.0327192656696,-0.0583640821278,0.0638039931655,0.0,-0.340209960938,0.113372802734,0.0
1.39787773167,-1.13307010089,4.84419060651,1.05163489261,4.6784127566,-1.54307466811,1.49999797344,-1.09999895096,4.8,1.3,4.8,-1.3,0.0327192656696,-0.0583640821278,0.0638039931655,0.0,-0.340209960938,0.123687744141,0.0
1.39427106842,-1.13710938796,4.84606908566,1.03891882602,4.67376426679,-1.55536547787,1.49999797344,-1.09999895096,4.8,1.3,4.8,-1.3,0.0334345214069,-0.0577891767025,0.0663196891546,0.0,-0.340209960938,0.134002685547,0.0
1.39028268928,-1.14181211657,4.84825543996,1.02439027367,4.66857309089,-1.56939349786,1.49999797344,-1.09999895096,4.8,1.3,4.8,-1.3,0.0341302193701,-0.0569972284138,0.0691637247801,0.0,-0.329925537109,0.144317626953,0.0
1.39028268928,-1.14181211657,4.84825543996,1.02439027367,4.66857309089,-1.56939349786,1.49999797344,-1.09999895096,4.8,1.3,4.8,-1.3,0.0341302193701,-0.0569972284138,0.0691637247801,0.0,-0.329925537109,0.144317626953,0.0
1.38801745423,-1.14457251164,4.84887316201,1.01702090753,4.66573528071,-1.57652117164,1.49999797344,-1.09999895096,4.8,1.3,4.8,-1.3,0.0348071046174,-0.0560380294919,0.0704960227013,0.0,-0.340209960938,0.144317626953,0.0
1.39245276941,-1.13980643417,4.84136693256,1.04078968504,4.67249682023,-1.55372045854,1.49999797344,-1.09999895096,4.8,1.3,4.8,-1.3,0.0364548675716,-0.0530390664935,0.0649957954884,0.0,-0.340209960938,0.154632568359,0.0
1.39690365649,-1.13515792098,4.83493842003,1.06255118274,4.67896421242,-1.53276614787,1.49999797344,-1.09999895096,4.8,1.3,4.8,-1.3,0.0375119633973,-0.0506858415902,0.0600261203945,0.0,-0.340209960938,0.164947509766,0.0
1.39812981011,-1.13394949421,4.83309458794,1.0685546552,4.68074184502,-1.52697778376,1.49999809265,-1.09999895096,4.8,1.3,4.8,-1.3,0.0378244034946,-0.0499244183302,0.0586307942867,0.0,-0.340209960938,0.175231933594,0.0
1.40110082149,-1.13095435134,4.82882383917,1.08280319347,4.68498417058,-1.51321494008,1.49999809265,-1.09999895096,4.8,1.3,4.8,-1.3,0.0384753085673,-0.0482896715403,0.0553512088954,0.0,-0.340209960938,0.185546875,0.0
1.40110082149,-1.13095435134,4.82882383917,1.08280319347,4.68498417058,-1.51321494008,1.49999809265,-1.09999895096,4.8,1.3,4.8,-1.3,0.0384753085673,-0.0482896715403,0.0553512088954,0.0,-0.340209960938,0.195861816406,0.0
1.40176171161,-1.1303177252,4.82779750182,1.08605009565,4.68593527835,-1.51007684839,1.49999809265,-1.09999895096,4.8,1.3,4.8,-1.3,0.0386516563594,-0.0478484630585,0.0545895025134,0.0,-0.340209960938,0.216491699219,0.0
1.40428514503,-1.12800878401,4.82383008684,1.09836044503,4.68955434691,-1.49816993717,1.49999809265,-1.09999895096,4.8,1.3,4.8,-1.3,0.0393314547837,-0.0460190847516,0.0516675002873,0.0,-0.340209960938,0.247406005859,0.0
1.40547789183,-1.12774702746,4.82066459261,1.10530186406,4.69146434282,-1.49148601627,1.49999809265,-1.09999895096,4.8,1.3,4.8,-1.3,0.0402161106467,-0.043486751616,0.0497128777206,0.0,-0.340209960938,0.257720947266,0.0
1.40636308546,-1.12777867944,4.81812575883,1.11049811615,4.69290276637,-1.48648459503,1.49999809265,-1.09999895096,4.8,1.3,4.8,-1.3,0.0409502312541,-0.041263282299,0.0481813289225,0.0,-0.340209960938,0.2783203125,0.0
1.40657886588,-1.12780861963,4.81748127396,1.11177891285,4.69325612983,-1.48525172108,1.49999809265,-1.09999895096,4.8,1.3,4.8,-1.3,0.0411401726305,-0.0406831540167,0.0477970987558,0.0,-0.340209960938,0.298950195312,0.0
1.40779549199,-1.12792214139,4.81405396651,1.11872219135,4.69520572768,-1.47856006057,1.49999809265,-1.09999895096,4.8,1.3,4.8,-1.3,0.0421158596873,-0.0376073569059,0.0457267947495,0.0,-0.340209960938,0.309265136719,0.0
1.40779549199,-1.12792214139,4.81405396651,1.11872219135,4.69520572768,-1.47856006057,1.49999809265,-1.09999895096,4.8,1.3,4.8,-1.3,0.0421158596873,-0.0376073569059,0.0457267947495,0.0,-0.340209960938,0.319580078125,0.0
1.40778162023,-1.1286393854,4.81314293308,1.11936459191,4.69533157328,-1.47796489883,1.49999809265,-1.09999895096,4.8,1.3,4.8,-1.3,0.0425214543939,-0.0363082997501,0.0453275814652,0.0,-0.340209960938,0.329895019531,0.0
1.40650221483,-1.13441093201,4.80959764632,1.11702173126,4.69440233554,-1.48042509983,1.49999809265,-1.09999895096,4.8,1.3,4.8,-1.3,0.0446159616113,-0.0290183275938,0.044320397079,0.0,-0.340209960938,0.340179443359,0.0
1.40833778028,-1.13352329813,4.80634298758,1.1255845267,4.69701049152,-1.47211568797,1.49999809265,-1.09999895096,4.8,1.3,4.8,-1.3,0.045240290463,-0.0267002470791,0.0420633628964,0.0,-0.340209960938,0.350494384766,0.0
1.41183448582,-1.1310672267,4.80097485312,1.14131811118,4.70180677919,-1.45678998763,1.49999809265,-1.09999895096,4.8,1.3,4.8,-1.3,0.0460502579808,-0.0236043296754,0.0381508208811,0.0,-0.340209960938,0.360809326172,0.0
1.41255026155,-1.13065323531,4.7997843742,1.14457260385,4.70279446978,-1.4536177199,1.49999809265,-1.09999895096,4.8,1.3,4.8,-1.3,0.0462533347309,-0.0228261891752,0.0373124666512,0.0,-0.340209960938,0.350494384766,0.0
1.41743338894,-1.1270092008,4.79256939373,1.16612500858,4.70934200951,-1.43254257357,1.49999809265,-1.09999895096,4.8,1.3,4.8,-1.3,0.0472149290144,-0.0189401041716,0.0320160016418,0.0,-0.340209960938,0.360809326172,0.0
1.42560281334,-1.11881185234,4.78236139274,1.2011406025,4.71984125219,-1.39810760266,1.49999809265,-1.09999895096,4.8,1.3,4.8,-1.3,0.0479043126106,-0.0157909467816,0.02404852584,0.0,-0.340209960938,0.371124267578,0.0
1.43274738464,-1.1114508551,4.77325958862,1.23183439604,4.72885192311,-1.36778633769,1.49999809265,-1.09999895096,4.8,1.3,4.8,-1.3,0.048476267606,-0.0131813660264,0.0170807018876,0.0,-0.340209960938,0.381439208984,0.0
1.43274738464,-1.1114508551,4.77325958862,1.23183439604,4.72885192311,-1.36778633769,1.49999809265,-1.09999895096,4.8,1.3,4.8,-1.3,0.048476267606,-0.0131813660264,0.0170807018876,0.0,-0.340209960938,0.402038574219,0.0
1.43850218152,-1.10564818987,4.76556528175,1.256693589,4.73601811839,-1.34313851426,1.49999809265,-1.09999895096,4.8,1.3,4.8,-1.3,0.0490238927305,-0.0107697201893,0.0113645382226,0.0,-0.340209960938,0.412353515625,0.0
1.44204970574,-1.10335077851,4.7594585131,1.27252934431,4.74050604881,-1.32740157864,1.49999809265,-1.09999895096,4.8,1.3,4.8,-1.3,0.0499439239502,-0.00718917697668,0.00728947389871,0.0,-0.350524902344,0.412353515625,0.0
1.44197026647,-1.10402579425,4.75906444373,1.27229358081,4.74045624819,-1.32763982892,1.49999809265,-1.09999895096,4.8,1.3,4.8,-1.3,0.0501632466912,-0.00632161134854,0.00715705938637,0.0,-0.340209960938,0.422668457031,0.0
1.44197026647,-1.10402579425,4.75906444373,1.27229358081,4.74045624819,-1.32763982892,1.49999809265,-1.09999895096,4.8,1.3,4.8,-1.3,0.0501632466912,-0.00632161134854,0.00715705938637,0.0,-0.340209960938,0.422668457031,0.0
1.44202562141,-1.10526409603,4.75779089287,1.27290919826,4.74063609035,-1.32703420743,1.49999809265,-1.09999895096,4.8,1.3,4.8,-1.3,0.0507113263011,-0.00427339971066,0.00659804884344,0.0,-0.350524902344,0.432983398438,0.0
1.44202562141,-1.10526409603,4.75779089287,1.27290919826,4.74063609035,-1.32703420743,1.49999809265,-1.09999895096,4.8,1.3,4.8,-1.3,0.0507113263011,-0.00427339971066,0.00659804884344,0.0,-0.350524902344,0.432983398438,0.0
1.44202562141,-1.10526409603,4.75779089287,1.27290919826,4.74063609035,-1.32703420743,1.49999809265,-1.09999895096,4.8,1.3,4.8,-1.3,0.0507113263011,-0.00427339971066,0.00659804884344,0.0,-0.340209960938,0.432983398438,0.0
1.44202562141,-1.10526409603,4.75779089287,1.27290919826,4.74063609035,-1.32703420743,1.49999809265,-1.09999895096,4.8,1.3,4.8,-1.3,0.0507113263011,-0.00427339971066,0.00659804884344,0.0,-0.340209960938,0.443298339844,0.0
1.44203652173,-1.10641874049,4.75660969432,1.27341575726,4.74075770367,-1.32653591814,1.49999809265,-1.09999895096,4.8,1.3,4.8,-1.3,0.0512426272035,-0.00239275535569,0.00609695725143,0.0,-0.350524902344,0.463897705078,0.0
1.44203652173,-1.10641874049,4.75660969432,1.27341575726,4.74075770367,-1.32653591814,1.49999809265,-1.09999895096,4.8,1.3,4.8,-1.3,0.0512426272035,-0.00239275535569,0.00609695725143,0.0,-0.350524902344,0.463897705078,0.0
1.44203652173,-1.10641874049,4.75660969432,1.27341575726,4.74075770367,-1.32653591814,1.49999809265,-1.09999895096,4.8,1.3,4.8,-1.3,0.0512426272035,-0.00239275535569,0.00609695725143,0.0,-0.340209960938,0.484527587891,0.0
1.44203652173,-1.10641874049,4.75660969432,1.27341575726,4.74075770367,-1.32653591814,1.49999809265,-1.09999895096,4.8,1.3,4.8,-1.3,0.0512426272035,-0.00239275535569,0.00609695725143,0.0,-0.340209960938,0.484527587891,0.0
1.44203130477,-1.10742503232,4.75545977687,1.27400296647,4.74085794631,-1.32595603062,1.49999809265,-1.09999895096,4.8,1.3,4.8,-1.3,0.051770132035,-0.000689958804287,0.00561611820012,0.0,-0.340209960938,0.494842529297,0.0
1.44247582833,-1.10769827617,4.7537599648,1.27671043894,4.74149778539,-1.32326064532,1.49999809265,-1.09999895096,4.8,1.3,4.8,-1.3,0.0523141548038,0.000883968546987,0.00471624033526,0.0,-0.340209960938,0.505126953125,0.0
1.44247582833,-1.10769827617,4.7537599648,1.27671043894,4.74149778539,-1.32326064532,1.49999809265,-1.09999895096,4.8,1.3,4.8,-1.3,0.0523141548038,0.000883968546987,0.00471624033526,0.0,-0.340209960938,0.494842529297,0.0
1.4425419854,-1.10839125939,4.75220209681,1.27827115914,4.74170992852,-1.32170767047,1.49999809265,-1.09999895096,4.8,1.3,4.8,-1.3,0.0529949963093,0.00256197829731,0.00403546029702,0.0,-0.340209960938,0.505126953125,0.0
1.44208018409,-1.10936596946,4.75174110903,1.27729532093,4.74124805449,-1.3226835051,1.49999809265,-1.09999895096,4.8,1.3,4.8,-1.3,0.0534524843097,0.00353805092163,0.00403580116108,0.0,-0.350524902344,0.494842529297,0.0
1.44208018409,-1.10936596946,4.75174110903,1.27729532093,4.74124805449,-1.3226835051,1.49999809265,-1.09999895096,4.8,1.3,4.8,-1.3,0.0534524843097,0.00353805092163,0.00403580116108,0.0,-0.350524902344,0.494842529297,0.0
1.44208018409,-1.10936596946,4.75174110903,1.27729532093,4.74124805449,-1.3226835051,1.49999809265,-1.09999895096,4.8,1.3,4.8,-1.3,0.0534524843097,0.00353805092163,0.00403580116108,0.0,-0.350524902344,0.505126953125,0.0
1.44208018409,-1.10936596946,4.75174110903,1.27729532093,4.74124805449,-1.3226835051,1.49999809265,-1.09999895096,4.8,1.3,4.8,-1.3,0.0534524843097,0.00353805092163,0.00403580116108,0.0,-0.340209960938,0.505126953125,0.0
1.44325133608,-1.10819712203,4.74904262232,1.28382117326,4.74276035648,-1.31617123695,1.49999809265,-1.09999895096,4.8,1.3,4.8,-1.3,0.0540732815862,0.00470767123625,0.00241625844501,0.0,-0.340209960938,0.494842529297,0.0
1.44428850107,-1.10696014687,4.74726773824,1.28893962398,4.74403954057,-1.31105837193,1.49999809265,-1.09999895096,4.8,1.3,4.8,-1.3,0.0543362870812,0.00516709312797,0.00124161480926,0.0,-0.340209960938,0.505126953125,0.0
1.44637497122,-1.10434503231,4.74395443424,1.29898125394,4.74657693151,-1.30101742347,1.49999809265,-1.09999895096,4.8,1.3,4.8,-1.3,0.0547377578914,0.00580440973863,-0.00100865296554,0.0,-0.340209960938,0.515441894531,0.0
1.45038211298,-1.09917537111,4.73774132426,1.31811173827,4.75138833752,-1.28185244592,1.49999809265,-1.09999895096,4.8,1.3,4.8,-1.3,0.0554053671658,0.0067741186358,-0.00524887535721,0.0,-0.340209960938,0.505126953125,0.0
1.45494271161,-1.09313628591,4.73077579196,1.3397478426,4.75677988833,-1.26012211318,1.49999809265,-1.09999895096,4.8,1.3,4.8,-1.3,0.0560612380505,0.00763437896967,-0.010001742281,0.0,-0.350524902344,0.515441894531,0.0
1.45494271161,-1.09313628591,4.73077579196,1.3397478426,4.75677988833,-1.26012211318,1.49999809265,-1.09999895096,4.8,1.3,4.8,-1.3,0.0560612380505,0.00763437896967,-0.010001742281,0.0,-0.350524902344,0.515441894531,0.0
1.45823751098,-1.08864663557,4.72530583211,1.3559948797,4.76065349844,-1.24376482891,1.49999809265,-1.09999895096,4.8,1.3,4.8,-1.3,0.0566957816482,0.00837218482047,-0.0135956751183,0.0,-0.340209960938,0.515441894531,0.0
1.45761272743,-1.08926609487,4.72462588208,1.35544914426,4.76003221444,-1.24430976603,1.49999809265,-1.09999895096,4.8,1.3,4.8,-1.3,0.0573539547622,0.00901564769447,-0.0136182410643,0.0,-0.350524902344,0.525756835938,0.0
1.45761272743,-1.08926609487,4.72462588208,1.35544914426,4.76003221444,-1.24430976603,1.49999809265,-1.09999895096,4.8,1.3,4.8,-1.3,0.0573539547622,0.00901564769447,-0.0136182410643,0.0,-0.350524902344,0.525756835938,0.0
1.45270773675,-1.09489627172,4.72758179179,1.33927863505,4.75461046423,-1.26058087093,1.49999809265,-1.09999895096,4.8,1.3,4.8,-1.3,0.0587510056794,0.00993998814374,-0.0103958304971,0.0,-0.340209960938,0.525756835938,0.0
1.44829801212,-1.09974856147,4.7308902815,1.32400793334,4.74965759656,-1.27592433268,1.49999809265,-1.09999895096,4.8,1.3,4.8,-1.3,0.0596760138869,0.0101750623435,-0.0072182607837,0.0,-0.350524902344,0.525756835938,0.0
1.44426226928,-1.10413902738,4.73428296793,1.30952444451,4.74506520763,-1.29045319834,1.49999809265,-1.09999895096,4.8,1.3,4.8,-1.3,0.0603271238506,0.010119959712,-0.00414702715352,0.0,-0.350524902344,0.536071777344,0.0
1.44426226928,-1.10413902738,4.73428296793,1.30952444451,4.74506520763,-1.29045319834,1.49999809265,-1.09999895096,4.8,1.3,4.8,-1.3,0.0603271238506,0.010119959712,-0.00414702715352,0.0,-0.340209960938,0.54638671875,0.0
1.44426226928,-1.10413902738,4.73428296793,1.30952444451,4.74506520763,-1.29045319834,1.49999809265,-1.09999895096,4.8,1.3,4.8,-1.3,0.0603271238506,0.010119959712,-0.00414702715352,0.0,-0.340209960938,0.54638671875,0.0
1.44426226928,-1.10413902738,4.73428296793,1.30952444451,4.74506520763,-1.29045319834,1.49999809265,-1.09999895096,4.8,1.3,4.8,-1.3,0.0603271238506,0.010119959712,-0.00414702715352,0.0,-0.340209960938,0.566986083984,0.0
1.44426226928,-1.10413902738,4.73428296793,1.30952444451,4.74506520763,-1.29045319834,1.49999809265,-1.09999895096,4.8,1.3,4.8,-1.3,0.0603271238506,0.010119959712,-0.00414702715352,0.0,-0.340209960938,0.577301025391,0.0
1.44045659104,-1.10762833479,4.73685983471,1.29731100086,4.74075437809,-1.30268608232,1.49999809265,-1.09999895096,4.8,1.3,4.8,-1.3,0.0612022355199,0.0097858030349,-0.00149790185969,0.0,-0.340209960938,0.618530273438,0.0
1.44045659104,-1.10762833479,4.73685983471,1.29731100086,4.74075437809,-1.30268608232,1.49999809265,-1.09999895096,4.8,1.3,4.8,-1.3,0.0612022355199,0.0097858030349,-0.00149790185969,0.0,-0.340209960938,0.63916015625,0.0
1.43907282876,-1.10796319645,4.73688950024,1.29503758475,4.73925536008,-1.30496133885,1.49999809265,-1.09999895096,4.8,1.3,4.8,-1.3,0.0619340464473,0.00927326548845,-0.000909946218599,0.0,-0.340209960938,0.649475097656,0.0
1.43876058408,-1.10795407592,4.73683484669,1.294693154,4.73892197755,-1.30530600829,1.49999809265,-1.09999895096,4.8,1.3,4.8,-1.3,0.0621273741126,0.00910972245038,-0.000802742724773,0.0,-0.350524902344,0.659790039062,0.0
1.43876058408,-1.10795407592,4.73683484669,1.294693154,4.73892197755,-1.30530600829,1.49999809265,-1.09999895096,4.8,1.3,4.8,-1.3,0.0621273741126,0.00910972245038,-0.000802742724773,0.0,-0.350524902344,0.659790039062,0.0
1.43852608272,-1.1069421472,4.73583752434,1.29675184541,4.73874995391,-1.30324652339,1.49999809265,-1.09999895096,4.8,1.3,4.8,-1.3,0.0627128705382,0.00855388864875,-0.00112016545609,0.0,-0.340209960938,0.680389404297,0.0
1.43852608272,-1.1069421472,4.73583752434,1.29675184541,4.73874995391,-1.30324652339,1.49999809265,-1.09999895096,4.8,1.3,4.8,-1.3,0.0627128705382,0.00855388864875,-0.00112016545609,0.0,-0.340209960938,0.680389404297,0.0
1.43767279256,-1.1043931327,4.73364256959,1.30114023478,4.73800567892,-1.29885610431,1.49999809265,-1.09999895096,4.8,1.3,4.8,-1.3,0.0641806274652,0.0068052127026,-0.0016781197628,0.0,-0.340209960938,0.690704345703,0.0
1.43767279256,-1.1043931327,4.73364256959,1.30114023478,4.73800567892,-1.29885610431,1.49999809265,-1.09999895096,4.8,1.3,4.8,-1.3,0.0641806274652,0.0068052127026,-0.0016781197628,0.0,-0.340209960938,0.680389404297,0.0
1.43672214983,-1.10252745177,4.73230439621,1.30353680557,4.73708631784,-1.29645879697,1.49999809265,-1.09999895096,4.8,1.3,4.8,-1.3,0.0653061419725,0.00516905635595,-0.00183920166455,0.0,-0.340209960938,0.690704345703,0.0
1.43434297085,-1.09881383124,4.73031645589,1.30671445564,4.73467555745,-1.29328189017,1.49999809265,-1.09999895096,4.8,1.3,4.8,-1.3,0.067499384284,0.00121812312864,-0.00167657830752,0.0,-0.340209960938,0.701019287109,0.0
1.43306205102,-1.09969744404,4.7312927677,1.30273500924,4.73321058587,-1.29726428344,1.49999809265,-1.09999895096,4.8,1.3,4.8,-1.3,0.067747592926,0.000755252549425,-0.000737622438464,0.0,-0.340209960938,0.690704345703,0.0
1.42429201953,-1.10715969631,4.73888819702,1.27264276047,4.72301107353,-1.32730876157,1.49999809265,-1.09999895096,4.8,1.3,4.8,-1.3,0.0689716637135,-0.00155745970551,0.00610662391409,0.0,-0.350524902344,0.690704345703,0.0
1.4147561431,-1.11583345609,4.74737804819,1.23865986325,4.71170315495,-1.36109537561,1.49999809265,-1.09999895096,4.8,1.3,4.8,-1.3,0.0700646564364,-0.00368256680667,0.0137215433642,0.0,-0.340209960938,0.690704345703,0.0
1.4078260554,-1.11073091476,4.72722623753,1.26236621431,4.70609333739,-1.33754789976,1.49999809265,-1.09999895096,4.8,1.3,4.8,-1.3,0.0831904783845,-0.000747591431718,0.0081281280145,0.0,-0.340209960938,0.701019287109,0.0
1.41234488899,-1.10569771441,4.72035413526,1.28325234362,4.71165952484,-1.3167331186,1.49999809265,-1.09999895096,4.8,1.3,4.8,-1.3,0.0839635580778,0.000969585380517,0.00334408716299,0.0,-0.340209960938,0.690704345703,0.0
1.41234488899,-1.10569771441,4.72035413526,1.28325234362,4.71165952484,-1.3167331186,1.49999809265,-1.09999895096,4.8,1.3,4.8,-1.3,0.0839635580778,0.000969585380517,0.00334408716299,0.0,-0.329925537109,0.690704345703,0.0
1.41800137552,-1.09929139939,4.71186299079,1.30912783583,4.7185033173,-1.29086368455,1.49999809265,-1.09999895096,4.8,1.3,4.8,-1.3,0.0848089009523,0.00291039864533,-0.0025539745111,0.0,-0.340209960938,0.690704345703,0.0
1.41800137552,-1.09929139939,4.71186299079,1.30912783583,4.7185033173,-1.29086368455,1.49999809265,-1.09999895096,4.8,1.3,4.8,-1.3,0.0848089009523,0.00291039864533,-0.0025539745111,0.0,-0.329925537109,0.690704345703,0.0
1.4241256369,-1.09238923692,4.70249242456,1.33707958541,4.72578699239,-1.26281605924,1.49999809265,-1.09999895096,4.8,1.3,4.8,-1.3,0.0857168212533,0.0051058223471,-0.00895956903696,0.0,-0.340209960938,0.690704345703,0.0
1.4241256369,-1.09238923692,4.70249242456,1.33707958541,4.72578699239,-1.26281605924,1.49999809265,-1.09999895096,4.8,1.3,4.8,-1.3,0.0857168212533,0.0051058223471,-0.00895956903696,0.0,-0.329925537109,0.690704345703,0.0
1.42989188995,-1.08605299925,4.69323049863,1.36356506858,4.73254045993,-1.23613774654,1.49999809265,-1.09999895096,4.8,1.3,4.8,-1.3,0.0866899117827,0.00754875456914,-0.0151197919622,0.0,-0.329925537109,0.701019287109,0.0
1.43475506367,-1.08097952631,4.68482233924,1.38621934231,4.73816571401,-1.21323338554,1.49999809265,-1.09999895096,4.8,1.3,4.8,-1.3,0.0877231433988,0.0101894550025,-0.0205181222409,0.0,-0.319610595703,0.690704345703,0.0
1.43475506367,-1.08097952631,4.68482233924,1.38621934231,4.73816571401,-1.21323338554,1.49999809265,-1.09999895096,4.8,1.3,4.8,-1.3,0.0877231433988,0.0101894550025,-0.0205181222409,0.0,-0.319610595703,0.690704345703,0.0
1.43475506367,-1.08097952631,4.68482233924,1.38621934231,4.73816571401,-1.21323338554,1.49999809265,-1.09999895096,4.8,1.3,4.8,-1.3,0.0877231433988,0.0101894550025,-0.0205181222409,0.0,-0.319610595703,0.701019287109,0.0
1.43833521333,-1.07771012598,4.67778955203,1.40340719099,4.74228277478,-1.19579280598,1.49999809265,-1.09999895096,4.8,1.3,4.8,-1.3,0.0888381376863,0.0130575988442,-0.0248076301068,0.0,-0.319610595703,0.690704345703,0.0
1.43833521333,-1.07771012598,4.67778955203,1.40340719099,4.74228277478,-1.19579280598,1.49999809265,-1.09999895096,4.8,1.3,4.8,-1.3,0.0888381376863,0.0130575988442,-0.0248076301068,0.0,-0.309295654297,0.701019287109,0.0
1.43872048135,-1.07751392245,4.67678462152,1.40541744535,4.74273366344,-1.19374602082,1.49999809265,-1.09999895096,4.8,1.3,4.8,-1.3,0.0890716686845,0.0136614562944,-0.0253677368164,0.0,-0.309295654297,0.701019287109,0.0
1.44930575468,-1.06638662149,4.65723799888,1.45535449721,4.75447896677,-1.14282644225,1.49999809265,-1.09999895096,4.8,1.3,4.8,-1.3,0.0915895849466,0.0198461599648,-0.0374090969563,0.0,-0.298980712891,0.701019287109,0.0
1.45109347076,-1.06501237807,4.6525600409,1.46493215756,4.75645152509,-1.13299135161,1.49999809265,-1.09999895096,4.8,1.3,4.8,-1.3,0.0926195830107,0.0221460293978,-0.0399689041078,0.0,-0.309295654297,0.701019287109,0.0
1.46017518078,-1.05346994394,4.63728369486,1.50699662348,4.76603242828,-1.08981368219,1.49999809265,-1.09999895096,4.8,1.3,4.8,-1.3,0.0937807708979,0.0244846306741,-0.0495390035212,0.0,-0.298980712891,0.701019287109,0.0
1.47327874274,-1.03583066574,4.60913644125,1.57499373429,4.77929509162,-1.01943222028,1.49999809265,-1.09999895096,4.8,1.3,4.8,-1.3,0.097668454051,0.0300306975842,-0.0654924437404,0.0,-0.288665771484,0.701019287109,0.0
1.47664171915,-1.03094943622,4.60204978384,1.59237516861,4.78256623767,-1.0013506862,1.49999809265,-1.09999895096,4.8,1.3,4.8,-1.3,0.0984979122877,0.0309850238264,-0.0694853067398,0.0,-0.26806640625,0.701019287109,0.0
1.4786907892,-1.02794752408,4.59809778501,1.60251014477,4.78453906366,-0.990796557037,1.49999809265,-1.09999895096,4.8,1.3,4.8,-1.3,0.0988262146711,0.0313365124166,-0.0717697814107,0.0,-0.26806640625,0.711334228516,0.0
1.48192796558,-1.02317184258,4.59185568617,1.61848618332,4.78762127114,-0.974133309725,1.49999809265,-1.09999895096,4.8,1.3,4.8,-1.3,0.0993159785867,0.0318494178355,-0.0753657817841,0.0,-0.226806640625,0.711334228516,0.0
1.48192796558,-1.02317184258,4.59185568617,1.61848618332,4.78762127114,-0.974133309725,1.49999809265,-1.09999895096,4.8,1.3,4.8,-1.3,0.0993159785867,0.0318494178355,-0.0753657817841,0.0,-0.206207275391,0.711334228516,0.0
1.48709031719,-1.01540453479,4.58206716661,1.64375432746,4.79245440609,-0.9477196179,1.49999809265,-1.09999895096,4.8,1.3,4.8,-1.3,0.0999489948153,0.0324084423482,-0.0810067355633,0.0,-0.185577392578,0.721649169922,0.0
1.48815275069,-1.01376299965,4.57996878566,1.64907029573,4.79343410951,-0.94215191696,1.49999809265,-1.09999895096,4.8,1.3,4.8,-1.3,0.100101470947,0.0325218997896,-0.0821945667267,0.0,-0.185577392578,0.721649169922,0.0
1.48815275069,-1.01376299965,4.57996878566,1.64907029573,4.79343410951,-0.94215191696,1.49999809265,-1.09999895096,4.8,1.3,4.8,-1.3,0.100101470947,0.0325218997896,-0.0821945667267,0.0,-0.154663085938,0.721649169922,0.0
1.49358869484,-1.00515726849,4.56918234672,1.67639661716,4.79837441319,-0.913481950778,1.49999809265,-1.09999895096,4.8,1.3,4.8,-1.3,0.100829139352,0.0329064130783,-0.0882653594017,0.0,-0.134033203125,0.721649169922,0.0
1.49772890958,-0.998085472888,4.5603976232,1.69822087168,4.80203579515,-0.890526121341,1.49999809265,-1.09999895096,4.8,1.3,4.8,-1.3,0.10151129961,0.0329622961581,-0.0930720716715,0.0,-0.134033203125,0.742248535156,0.0
1.50052302037,-0.992658431789,4.5537443739,1.71434118392,4.80443358203,-0.873545003862,1.49999809265,-1.09999895096,4.8,1.3,4.8,-1.3,0.10217730701,0.0327133461833,-0.0965689495206,0.0,-0.134033203125,0.721649169922,0.0
1.50084662895,-0.991882552616,4.55280849894,1.71653696755,4.80470142791,-0.871232332892,1.49999809265,-1.09999895096,4.8,1.3,4.8,-1.3,0.102307081223,0.032622538507,-0.0970340967178,0.0,-0.134033203125,0.73193359375,0.0
1.50342847548,-0.98571965586,4.54571693937,1.73356121517,4.80683223485,-0.853293787038,1.49999809265,-1.09999895096,4.8,1.3,4.8,-1.3,0.103165403008,0.0317248925567,-0.100598551333,0.0,-0.134033203125,0.742248535156,0.0
1.53381787075,-0.923570561517,4.47549692083,1.90424342095,4.83024683461,-0.671441439171,1.49999809265,-1.09999895096,4.8,1.3,4.8,-1.3,0.106538519263,0.0242119990289,-0.136869207025,0.0,-0.134033203125,0.752563476562,0.0
1.55489970849,-0.873353598347,4.41781049996,2.03417960923,4.84316128656,-0.530791483845,1.49999809265,-1.09999895096,4.8,1.3,4.8,-1.3,0.108924567699,0.0159643366933,-0.164335131645,0.0,-0.134033203125,0.762878417969,0.0
1.55625667828,-0.866799675512,4.41116369136,2.04859283662,4.84356411004,-0.515199252834,1.49999809265,-1.09999895096,4.8,1.3,4.8,-1.3,0.109569624066,0.0135472761467,-0.167084187269,0.0,-0.134033203125,0.773193359375,0.0
1.55864397101,-0.858094706788,4.40173875108,2.0688182787,4.84450276988,-0.493204364383,1.49999809265,-1.09999895096,4.8,1.3,4.8,-1.3,0.110248982906,0.0109893325716,-0.171127870679,0.0,-0.144348144531,0.773193359375,0.0
1.56093572364,-0.849243530129,4.39218802659,2.08912641767,4.84529425201,-0.471087391462,1.49999809265,-1.09999895096,4.8,1.3,4.8,-1.3,0.110947452486,0.00827593635768,-0.175166025758,0.0,-0.134033203125,0.783477783203,0.0
1.56093572364,-0.849243530129,4.39218802659,2.08912641767,4.84529425201,-0.471087391462,1.49999809265,-1.09999895096,4.8,1.3,4.8,-1.3,0.110947452486,0.00827593635768,-0.175166025758,0.0,-0.134033203125,0.783477783203,0.0
1.5633107073,-0.839913973527,4.38203242127,2.11047844991,4.84603015777,-0.447783870599,1.49999809265,-1.09999895096,4.8,1.3,4.8,-1.3,0.111674748361,0.00542139541358,-0.179421782494,0.0,-0.144348144531,0.793792724609,0.0
1.5633107073,-0.839913973527,4.38203242127,2.11047844991,4.84603015777,-0.447783870599,1.49999809265,-1.09999895096,4.8,1.3,4.8,-1.3,0.111674748361,0.00542139541358,-0.179421782494,0.0,-0.144348144531,0.793792724609,0.0
1.56543412728,-0.830699020194,4.37211256243,2.13115237965,4.84652879879,-0.425198385538,1.49999809265,-1.09999895096,4.8,1.3,4.8,-1.3,0.112420544028,0.00239545013756,-0.183495789766,0.0,-0.134033203125,0.793792724609,0.0
1.56543412728,-0.830699020194,4.37211256243,2.13115237965,4.84652879879,-0.425198385538,1.49999809265,-1.09999895096,4.8,1.3,4.8,-1.3,0.112420544028,0.00239545013756,-0.183495789766,0.0,-0.134033203125,0.804107666016,0.0
1.56740680213,-0.821388306143,4.36214441324,2.15173282125,4.84684322918,-0.402688259503,1.49999809265,-1.09999895096,4.8,1.3,4.8,-1.3,0.113193847239,-0.000809787190519,-0.187519669533,0.0,-0.134033203125,0.814422607422,0.0
1.56809522429,-0.817758581536,4.35829837354,2.15961844179,4.84688971852,-0.394060962057,1.49999809265,-1.09999895096,4.8,1.3,4.8,-1.3,0.113512434065,-0.00213318108581,-0.189043730497,0.0,-0.134033203125,0.824737548828,0.0
1.57089869928,-0.806281569876,4.34548848245,2.18565076362,4.84743189316,-0.365437790791,1.49999809265,-1.09999895096,4.8,1.3,4.8,-1.3,0.114308103919,-0.00561512960121,-0.194274932146,0.0,-0.134033203125,0.835021972656,0.0
1.57258869022,-0.799101961851,4.33745252468,2.20182048466,4.84767371587,-0.34762540338,1.49999809265,-1.09999895096,4.8,1.3,4.8,-1.3,0.114801548421,-0.00783153343946,-0.197520777583,0.0,-0.134033203125,0.845336914062,0.0
1.57056350958,-0.796741293296,4.33739855327,2.20236380558,4.84594447844,-0.347416781449,1.49999809265,-1.09999895096,4.8,1.3,4.8,-1.3,0.115608550608,-0.0114531219006,-0.19686371088,0.0,-0.134033203125,0.855651855469,0.0
1.56967523407,-0.793048514482,4.33495661125,2.20748918035,4.84482304965,-0.342027678778,1.49999809265,-1.09999895096,4.8,1.3,4.8,-1.3,0.116319380701,-0.0145315360278,-0.19738163054,0.0,-0.134033203125,0.865966796875,0.0
1.56962810839,-0.791137944195,4.33333159248,2.21085316258,4.8445383504,-0.33839528562,1.49999809265,-1.09999895096,4.8,1.3,4.8,-1.3,0.116560801864,-0.0156867690384,-0.197907373309,0.0,-0.144348144531,0.865966796875,0.0
1.5700348432,-0.78749412304,4.3295693553,2.21832969576,4.84431359282,-0.330206819566,1.49999809265,-1.09999895096,4.8,1.3,4.8,-1.3,0.116946913302,-0.0172589831054,-0.199295222759,0.0,-0.134033203125,0.855651855469,0.0
1.5700348432,-0.78749412304,4.3295693553,2.21832969576,4.84431359282,-0.330206819566,1.49999809265,-1.09999895096,4.8,1.3,4.8,-1.3,0.116946913302,-0.0172589831054,-0.199295222759,0.0,-0.134033203125,0.855651855469,0.0
1.5700348432,-0.78749412304,4.3295693553,2.21832969576,4.84431359282,-0.330206819566,1.49999809265,-1.09999895096,4.8,1.3,4.8,-1.3,0.116946913302,-0.0172589831054,-0.199295222759,0.0,-0.134033203125,0.876281738281,0.0
1.58060455104,-0.744518166602,4.27851832388,2.31673465332,4.84491985625,-0.220821120282,1.49999809265,-1.09999895096,4.8,1.3,4.8,-1.3,0.119545795023,-0.02903233096,-0.219607681036,0.0,-0.134033203125,0.886596679688,0.0
1.5869670292,-0.720661268242,4.24886314808,2.3719616647,4.84492867827,-0.158790374459,1.49999809265,-1.09999895096,4.8,1.3,4.8,-1.3,0.12051397562,-0.034709982574,-0.231313228607,0.0,-0.134033203125,0.896881103516,0.0
1.5869670292,-0.720661268242,4.24886314808,2.3719616647,4.84492867827,-0.158790374459,1.49999809265,-1.09999895096,4.8,1.3,4.8,-1.3,0.12051397562,-0.034709982574,-0.231313228607,0.0,-0.134033203125,0.886596679688,0.0
1.58921865513,-0.712791345967,4.23873968829,2.39044017101,4.84490985082,-0.137910622303,1.49999809265,-1.09999895096,4.8,1.3,4.8,-1.3,0.120756015182,-0.036336068064,-0.235307857394,0.0,-0.134033203125,0.896881103516,0.0
1.59167708348,-0.70467472914,4.22802622571,2.40975471353,4.84490333963,-0.116005098155,1.49999809265,-1.09999895096,4.8,1.3,4.8,-1.3,0.12096105516,-0.0378034599125,-0.239544779062,0.0,-0.134033203125,0.907196044922,0.0
1.59347639571,-0.698321575367,4.21966301614,2.42468200897,4.84476717055,-0.0990542680912,1.49999809265,-1.09999895096,4.8,1.3,4.8,-1.3,0.12115560472,-0.0390496402979,-0.24280333519,0.0,-0.134033203125,0.896881103516,0.0
1.59347639571,-0.698321575367,4.21966301614,2.42468200897,4.84476717055,-0.0990542680912,1.49999809265,-1.09999895096,4.8,1.3,4.8,-1.3,0.12115560472,-0.0390496402979,-0.24280333519,0.0,-0.134033203125,0.907196044922,0.0
1.59505268027,-0.692659610618,4.21203672619,2.43805948514,4.84456569201,-0.0838261402232,1.49999809265,-1.09999895096,4.8,1.3,4.8,-1.3,0.121377646923,-0.0401045903563,-0.245746403933,0.0,-0.134033203125,0.896881103516,0.0
1.59505268027,-0.692659610618,4.21203672619,2.43805948514,4.84456569201,-0.0838261402232,1.49999809265,-1.09999895096,4.8,1.3,4.8,-1.3,0.121377646923,-0.0401045903563,-0.245746403933,0.0,-0.134033203125,0.907196044922,0.0
1.74018676829,-0.162970861794,3.16117690619,3.66205123081,4.59971890839,1.49627263919,1.49999809265,-1.09999883175,4.8,1.3,4.8,-1.3,0.140606239438,-0.00142553891055,-0.586303174496,0.0,-0.134033203125,0.896881103516,0.0
1.74065282639,-0.150231069058,3.13726236102,3.68376016576,4.58956352713,1.52718386919,1.49999809265,-1.09999883175,4.8,1.3,4.8,-1.3,0.140125066042,-0.00310002709739,-0.592669665813,0.0,-0.134033203125,0.907196044922,0.0
1.73155695718,-0.109892467361,3.02360779761,3.76058703868,4.53389785725,1.64421657589,1.49999809265,-1.09999883175,4.8,1.3,4.8,-1.3,0.154364824295,-0.00471943477169,-0.619810342789,0.0,-0.144348144531,0.907196044922,0.0
1.73155695718,-0.109892467361,3.02360779761,3.76058703868,4.53389785725,1.64421657589,1.49999809265,-1.09999883175,4.8,1.3,4.8,-1.3,0.154364824295,-0.00471943477169,-0.619810342789,0.0,-0.134033203125,0.907196044922,0.0
1.71637692921,0.0481340628097,2.52392766854,4.04786765198,4.2824025991,2.13272642518,1.49999809265,-1.09999883175,4.8,1.3,4.8,-1.3,0.203172415495,0.0253943502903,-0.742777645588,0.0,-0.144348144531,0.907196044922,0.0
1.71532739661,0.0519698809315,2.50985494803,4.0543108148,4.27455424136,2.14490347112,1.49999809265,-1.09999883175,4.8,1.3,4.8,-1.3,0.205009654164,0.0260801576078,-0.746032595634,0.0,-0.134033203125,0.907196044922,0.0
1.71532739661,0.0519698809315,2.50985494803,4.0543108148,4.27455424136,2.14490347112,1.49999809265,-1.09999883175,4.8,1.3,4.8,-1.3,0.205009654164,0.0260801576078,-0.746032595634,0.0,-0.144348144531,0.907196044922,0.0
1.71009075176,0.0822420671308,2.41597914359,4.101163385,4.22244225505,2.23121926099,1.49999809265,-1.09999883175,4.8,1.3,4.8,-1.3,0.212943702936,0.0290118567646,-0.76813274622,0.0,-0.154663085938,0.907196044922,0.0
1.71009075176,0.0822420671308,2.41597914359,4.101163385,4.22244225505,2.23121926099,1.49999809265,-1.09999883175,4.8,1.3,4.8,-1.3,0.212943702936,0.0290118567646,-0.76813274622,0.0,-0.144348144531,0.907196044922,0.0
1.69874467471,0.178989075172,2.15882261327,4.233410769,4.07570308887,2.47683192297,1.49999809265,-1.09999883175,4.8,1.3,4.8,-1.3,0.220352083445,0.0314942747355,-0.829008281231,0.0,-0.154663085938,0.907196044922,0.0
1.69786455885,0.185326101291,2.1413534062,4.24159589301,4.06540340238,2.49287304126,1.49999809265,-1.09999883175,4.8,1.3,4.8,-1.3,0.220893770456,0.0318059027195,-0.833098948002,0.0,-0.144348144531,0.907196044922,0.0
1.69765273649,0.18689462562,2.13710158753,4.24360409121,4.06289224176,2.49679833325,1.49999809265,-1.09999883175,4.8,1.3,4.8,-1.3,0.221002131701,0.0318685397506,-0.834094882011,0.0,-0.154663085938,0.907196044922,0.0
1.69688807784,0.192447447439,2.12164093714,4.25072195632,4.05374576428,2.51090273095,1.49999809265,-1.09999883175,4.8,1.3,4.8,-1.3,0.221495345235,0.0322095826268,-0.837716817856,0.0,-0.144348144531,0.907196044922,0.0
1.69621564067,0.197489019623,2.10781075241,4.25711910682,4.04554531734,2.52357223527,1.49999809265,-1.09999883175,4.8,1.3,4.8,-1.3,0.221863240004,0.0324854776263,-0.840958476067,0.0,-0.154663085938,0.907196044922,0.0
1.69621564067,0.197489019623,2.10781075241,4.25711910682,4.04554531734,2.52357223527,1.49999809265,-1.09999883175,4.8,1.3,4.8,-1.3,0.221863240004,0.0324854776263,-0.840958476067,0.0,-0.154663085938,0.896881103516,0.0
1.6953464601,0.204698771842,2.08896603493,4.26611116302,4.03435582024,2.54115940044,1.49999809265,-1.09999883175,4.8,1.3,4.8,-1.3,0.222071260214,0.0326989293098,-0.845385372639,0.0,-0.144348144531,0.907196044922,0.0
1.6953464601,0.204698771842,2.08896603493,4.26611116302,4.03435582024,2.54115940044,1.49999809265,-1.09999883175,4.8,1.3,4.8,-1.3,0.222071260214,0.0326989293098,-0.845385372639,0.0,-0.144348144531,0.907196044922,0.0
1.6953464601,0.204698771842,2.08896603493,4.26611116302,4.03435582024,2.54115940044,1.49999809265,-1.09999883175,4.8,1.3,4.8,-1.3,0.222071260214,0.0326989293098,-0.845385372639,0.0,-0.154663085938,0.907196044922,0.0
1.69290588256,0.22489493953,2.0381472903,4.29070548003,4.00393440992,2.58903541791,1.49999809265,-1.09999883175,4.8,1.3,4.8,-1.3,0.221973925829,0.0327687039971,-0.857290446758,0.0,-0.144348144531,0.907196044922,0.0
1.69255320738,0.227689920665,2.03121169406,4.29405407188,3.99975120832,2.5955688112,1.49999809265,-1.09999883175,4.8,1.3,4.8,-1.3,0.221923753619,0.032743435353,-0.85890942812,0.0,-0.154663085938,0.907196044922,0.0
1.68935913604,0.251888219719,1.97197410516,4.32253138268,3.9637223377,2.65132254529,1.49999809265,-1.09999883175,4.8,1.3,4.8,-1.3,0.221163541079,0.0322397276759,-0.872684180737,0.0,-0.144348144531,0.907196044922,0.0
1.68909135763,0.253884291193,1.9672776915,4.32483250316,3.96084285977,2.65579148514,1.49999809265,-1.09999883175,4.8,1.3,4.8,-1.3,0.221037462354,0.0321436300874,-0.873772084713,0.0,-0.154663085938,0.907196044922,0.0
1.68442000573,0.285567673504,1.89149442665,4.36075198407,3.91389344877,2.72676844824,1.49999809265,-1.09999883175,4.8,1.3,4.8,-1.3,0.219287961721,0.030753666535,-0.8912307024,0.0,-0.154663085938,0.896881103516,0.0
1.68223062098,0.299084775001,1.85916792181,4.37568877496,3.89359315389,2.75670329785,1.49999809265,-1.09999883175,4.8,1.3,4.8,-1.3,0.218470185995,0.030062135309,-0.898624658585,0.0,-0.154663085938,0.886596679688,0.0
1.67929511579,0.316051456621,1.81832264366,4.39412432593,3.86771242048,2.79412384385,1.49999809265,-1.09999883175,4.8,1.3,4.8,-1.3,0.217465162277,0.0291733834893,-0.907922267914,0.0,-0.154663085938,0.896881103516,0.0
1.67874214058,0.319181446674,1.81106822946,4.39747726565,3.86308442369,2.80084658243,1.49999809265,-1.09999883175,4.8,1.3,4.8,-1.3,0.217191666365,0.0289208479226,-0.909565508366,0.0,-0.154663085938,0.886596679688,0.0
1.67859153837,0.32098496273,1.81128833189,4.39926873681,3.86315938857,2.80245153789,1.49999809265,-1.09999883175,4.8,1.3,4.8,-1.3,0.215758249164,0.0275777392089,-0.909474611282,0.0,-0.144348144531,0.886596679688,0.0
1.67939395476,0.317302539289,1.82395707649,4.39518293046,3.8711730673,2.79240200752,1.49999809265,-1.09999883175,4.8,1.3,4.8,-1.3,0.214887544513,0.0267379768193,-0.906564831734,0.0,-0.154663085938,0.876281738281,0.0
1.67939395476,0.317302539289,1.82395707649,4.39518293046,3.8711730673,2.79240200752,1.49999809265,-1.09999883175,4.8,1.3,4.8,-1.3,0.214887544513,0.0267379768193,-0.906564831734,0.0,-0.154663085938,0.876281738281,0.0
1.68226821794,0.303484338364,1.86758251703,4.3797161266,3.89867645789,2.75655334875,1.49999809265,-1.09999883175,4.8,1.3,4.8,-1.3,0.212690263987,0.0247089769691,-0.896569669247,0.0,-0.144348144531,0.835021972656,0.0
1.68226821794,0.303484338364,1.86758251703,4.3797161266,3.89867645789,2.75655334875,1.49999809265,-1.09999883175,4.8,1.3,4.8,-1.3,0.212690263987,0.0247089769691,-0.896569669247,0.0,-0.144348144531,0.835021972656,0.0
1.68226821794,0.303484338364,1.86758251703,4.3797161266,3.89867645789,2.75655334875,1.49999809265,-1.09999883175,4.8,1.3,4.8,-1.3,0.212690263987,0.0247089769691,-0.896569669247,0.0,-0.154663085938,0.752563476562,0.0
1.68226821794,0.303484338364,1.86758251703,4.3797161266,3.89867645789,2.75655334875,1.49999809265,-1.09999883175,4.8,1.3,4.8,-1.3,0.212690263987,0.0247089769691,-0.896569669247,0.0,-0.154663085938,0.752563476562,0.0
1.68430251197,0.293807317013,1.89858781755,4.36861882047,3.91809227119,2.73105912333,1.49999809265,-1.09999883175,4.8,1.3,4.8,-1.3,0.210963055491,0.0232047848403,-0.889461159706,0.0,-0.154663085938,0.701019287109,0.0
1.68430251197,0.293807317013,1.89858781755,4.36861882047,3.91809227119,2.73105912333,1.49999809265,-1.09999883175,4.8,1.3,4.8,-1.3,0.210963055491,0.0232047848403,-0.889461159706,0.0,-0.154663085938,0.659790039062,0.0
1.68584189922,0.287112333959,1.92230254058,4.36069716135,3.93286412022,2.71216989908,1.49999809265,-1.09999883175,4.8,1.3,4.8,-1.3,0.209069877863,0.0216074921191,-0.884018301964,0.0,-0.144348144531,0.566986083984,0.0
1.68584189922,0.287112333959,1.92230254058,4.36069716135,3.93286412022,2.71216989908,1.49999809265,-1.09999883175,4.8,1.3,4.8,-1.3,0.209069877863,0.0216074921191,-0.884018301964,0.0,-0.144348144531,0.566986083984,0.0
1.68584189922,0.287112333959,1.92230254058,4.36069716135,3.93286412022,2.71216989908,1.49999809265,-1.09999883175,4.8,1.3,4.8,-1.3,0.209069877863,0.0216074921191,-0.884018301964,0.0,-0.144348144531,0.515441894531,0.0
1.68762976874,0.278757388646,1.95060626967,4.35071641851,3.95039258451,2.68913443288,1.49999809265,-1.09999883175,4.8,1.3,4.8,-1.3,0.207078695297,0.0198937300593,-0.877507805824,0.0,-0.154663085938,0.515441894531,0.0
1.68991556207,0.266454797873,1.98894108701,4.33592536741,3.97393480732,2.65669937597,1.49999809265,-1.09999883175,4.8,1.3,4.8,-1.3,0.205128386617,0.0180911514908,-0.868652164936,0.0,-0.154663085938,0.505126953125,0.0
1.69099080838,0.260804970256,2.00815601305,4.32890197178,3.9856436244,2.64084310226,1.49999809265,-1.09999883175,4.8,1.3,4.8,-1.3,0.203755542636,0.0167931802571,-0.864193916321,0.0,-0.154663085938,0.494842529297,0.0
1.69080323547,0.262245593784,2.00583653471,4.33050824525,3.98420849167,2.64348589805,1.49999809265,-1.09999883175,4.8,1.3,4.8,-1.3,0.203366488218,0.0163948331028,-0.864717960358,0.0,-0.154663085938,0.505126953125,0.0
1.68996193819,0.267857305537,1.99324809595,4.3370125603,3.97648255345,2.65570917108,1.49999809265,-1.09999883175,4.8,1.3,4.8,-1.3,0.202858641744,0.0158632267267,-0.867605149746,0.0,-0.154663085938,0.494842529297,0.0
1.68785553923,0.280799093583,1.96250251312,4.35198762037,3.95751798095,2.68468042519,1.49999809265,-1.09999883175,4.8,1.3,4.8,-1.3,0.202162623405,0.0150471525267,-0.874641478062,0.0,-0.144348144531,0.505126953125,0.0
1.68785553923,0.280799093583,1.96250251312,4.35198762037,3.95751798095,2.68468042519,1.49999809265,-1.09999883175,4.8,1.3,4.8,-1.3,0.202162623405,0.0150471525267,-0.874641478062,0.0,-0.144348144531,0.505126953125,0.0
1.68785553923,0.280799093583,1.96250251312,4.35198762037,3.95751798095,2.68468042519,1.49999809265,-1.09999883175,4.8,1.3,4.8,-1.3,0.202162623405,0.0150471525267,-0.874641478062,0.0,-0.154663085938,0.494842529297,0.0
1.68785553923,0.280799093583,1.96250251312,4.35198762037,3.95751798095,2.68468042519,1.49999809265,-1.09999883175,4.8,1.3,4.8,-1.3,0.202162623405,0.0150471525267,-0.874641478062,0.0,-0.154663085938,0.494842529297,0.0
1.68151784755,0.314655546195,1.88019211265,4.39025801912,3.90595478392,2.76044649637,1.49999809265,-1.09999883175,4.8,1.3,4.8,-1.3,0.200777083635,0.012896111235,-0.893291890621,0.0,-0.154663085938,0.474212646484,0.0
1.67993321668,0.321517471556,1.86294323138,4.39785336491,3.89495440608,2.77583900435,1.49999809265,-1.09999883175,4.8,1.3,4.8,-1.3,0.200689285994,0.0123615963385,-0.897134959698,0.0,-0.154663085938,0.443298339844,0.0
1.67993321668,0.321517471556,1.86294323138,4.39785336491,3.89495440608,2.77583900435,1.49999809265,-1.09999883175,4.8,1.3,4.8,-1.3,0.200689285994,0.0123615963385,-0.897134959698,0.0,-0.154663085938,0.422668457031,0.0
1.67871092256,0.326362127919,1.85034761071,4.4031927386,3.88687615291,2.78685382091,1.49999809265,-1.09999883175,4.8,1.3,4.8,-1.3,0.200762867928,0.0120130525902,-0.899924874306,0.0,-0.154663085938,0.412353515625,0.0
1.67820622381,0.328100655014,1.84570383859,4.40510341807,3.88387231244,2.79083291031,1.49999809265,-1.09999883175,4.8,1.3,4.8,-1.3,0.200843006372,0.0118564786389,-0.90094012022,0.0,-0.154663085938,0.391723632812,0.0
1.67701349848,0.332078917847,1.83486079345,4.40946671059,3.87684437218,2.80002486193,1.49999809265,-1.09999883175,4.8,1.3,4.8,-1.3,0.201092168689,0.0115289827809,-0.903307020664,0.0,-0.154663085938,0.371124267578,0.0
1.67701349848,0.332078917847,1.83486079345,4.40946671059,3.87684437218,2.80002486193,1.49999809265,-1.09999883175,4.8,1.3,4.8,-1.3,0.201092168689,0.0115289827809,-0.903307020664,0.0,-0.154663085938,0.360809326172,0.0
1.67564397206,0.335997322253,1.82363759972,4.41375465528,3.86950451085,2.80925205886,1.49999809265,-1.09999883175,4.8,1.3,4.8,-1.3,0.20154389739,0.0111688533798,-0.905723571777,0.0,-0.154663085938,0.319580078125,0.0
1.67486956148,0.338626433364,1.81626847696,4.41661776827,3.8647275024,2.81542583065,1.49999809265,-1.09999883175,4.8,1.3,4.8,-1.3,0.201748088002,0.0110379969701,-0.907340764999,0.0,-0.154663085938,0.309265136719,0.0
1.67355832884,0.343054250065,1.80373576783,4.42141921844,3.85659285486,2.82586985216,1.49999809265,-1.09999883175,4.8,1.3,4.8,-1.3,0.202118754387,0.0108535084873,-0.910092353821,0.0,-0.164978027344,0.268035888672,0.0
1.67355832884,0.343054250065,1.80373576783,4.42141921844,3.85659285486,2.82586985216,1.49999809265,-1.09999883175,4.8,1.3,4.8,-1.3,0.202118754387,0.0108535084873,-0.910092353821,0.0,-0.164978027344,0.268035888672,0.0
1.67355832884,0.343054250065,1.80373576783,4.42141921844,3.85659285486,2.82586985216,1.49999809265,-1.09999883175,4.8,1.3,4.8,-1.3,0.202118754387,0.0108535084873,-0.910092353821,0.0,-0.164978027344,0.247406005859,0.0
1.67065406077,0.353449443757,1.77435503848,4.43257350268,3.83752599738,2.85038337683,1.49999809265,-1.09999883175,4.8,1.3,4.8,-1.3,0.20287540555,0.0106245223433,-0.916583657265,0.0,-0.164978027344,0.226776123047,0.0
1.66430385925,0.375907767587,1.70999311164,4.45609397328,3.79545272271,2.90340011724,1.49999809265,-1.09999883175,4.8,1.3,4.8,-1.3,0.204576998949,0.0104507058859,-0.930803179741,0.0,-0.164978027344,0.237091064453,0.0
1.66259304193,0.381603367836,1.69330029055,4.46192983097,3.78444705045,2.91690386725,1.49999809265,-1.09999883175,4.8,1.3,4.8,-1.3,0.205098837614,0.0104392226785,-0.934475004673,0.0,-0.164978027344,0.226776123047,0.0
1.66180060075,0.384086202201,1.68589381362,4.46445707971,3.77954223244,2.92282278508,1.49999809265,-1.09999883175,4.8,1.3,4.8,-1.3,0.205371066928,0.0104264523834,-0.936095952988,0.0,-0.164978027344,0.216491699219,0.0
1.65780760203,0.397202405991,1.6472827156,4.47763084032,3.75393477294,2.95381421445,1.49999809265,-1.09999883175,4.8,1.3,4.8,-1.3,0.206551149487,0.0104473857209,-0.944579899311,0.0,-0.164978027344,0.206176757812,0.0
1.65691809508,0.399914798001,1.63908274851,4.48031782728,3.74846148781,2.96027791524,1.49999809265,-1.09999883175,4.8,1.3,4.8,-1.3,0.206862166524,0.0104555329308,-0.946371495724,0.0,-0.164978027344,0.185546875,0.0
1.65288255386,0.412287847415,1.60176353206,4.49240963806,3.72347121536,2.98962671739,1.49999809265,-1.09999883175,4.8,1.3,4.8,-1.3,0.208198875189,0.0105221215636,-0.954528689384,0.0,-0.164978027344,0.175231933594,0.0
1.65099378762,0.417697426739,1.58499700328,4.49760568617,3.7121704557,3.00256953165,1.49999809265,-1.09999883175,4.8,1.3,4.8,-1.3,0.208917215466,0.0105693992227,-0.958175182343,0.0,-0.164978027344,0.154632568359,0.0
1.64783939211,0.42675192624,1.55696919782,4.50618198309,3.69321814326,3.02414269779,1.49999809265,-1.09999883175,4.8,1.3,4.8,-1.3,0.210070759058,0.0106673389673,-0.964272081852,0.0,-0.164978027344,0.123687744141,0.0
1.64783939211,0.42675192624,1.55696919782,4.50618198309,3.69321814326,3.02414269779,1.49999809265,-1.09999883175,4.8,1.3,4.8,-1.3,0.210070759058,0.0106673389673,-0.964272081852,0.0,-0.164978027344,0.103088378906,0.0
1.64228545777,0.442140571506,1.50865609017,4.52039399176,3.66032371592,3.06083021162,1.49999797344,-1.09999883175,4.8,1.3,4.8,-1.3,0.212167233229,0.0108935097232,-0.974755167961,0.0,-0.164978027344,0.0824584960938,0.0
1.64228545777,0.442140571506,1.50865609017,4.52039399176,3.66032371592,3.06083021162,1.49999797344,-1.09999883175,4.8,1.3,4.8,-1.3,0.212167233229,0.0108935097232,-0.974755167961,0.0,-0.175262451172,0.0412292480469,0.0
1.64228545777,0.442140571506,1.50865609017,4.52039399176,3.66032371592,3.06083021162,1.49999797344,-1.09999883175,4.8,1.3,4.8,-1.3,0.212167233229,0.0108935097232,-0.974755167961,0.0,-0.175262451172,0.0412292480469,0.0
1.63602449482,0.45895229073,1.4553345306,4.53539216538,3.62370460975,3.10075939012,1.4999974966,-1.09999883175,4.8,1.3,4.8,-1.3,0.214507967234,0.0111852316186,-0.98629707098,0.0,-0.164978027344,0.0205993652344,0.0
1.63602449482,0.45895229073,1.4553345306,4.53539216538,3.62370460975,3.10075939012,1.4999974966,-1.09999883175,4.8,1.3,4.8,-1.3,0.214507967234,0.0111852316186,-0.98629707098,0.0,-0.164978027344,0.0205993652344,0.0
1.63602449482,0.45895229073,1.4553345306,4.53539216538,3.62370460975,3.10075939012,1.4999974966,-1.09999883175,4.8,1.3,4.8,-1.3,0.214507967234,0.0111852316186,-0.98629707098,0.0,-0.164978027344,0.0,0.0
1.62952313375,0.475327525864,1.40226378422,4.54943681051,3.5868858033,3.13967561309,1.49999713898,-1.09999883175,4.8,1.3,4.8,-1.3,0.217055037618,0.0114603284746,-0.997724294662,0.0,-0.164978027344,0.0,0.0
1.62952313375,0.475327525864,1.40226378422,4.54943681051,3.5868858033,3.13967561309,1.49999713898,-1.09999883175,4.8,1.3,4.8,-1.3,0.217055037618,0.0114603284746,-0.997724294662,0.0,-0.164978027344,0.0,0.0
1.62344667237,0.489145689846,1.35568012816,4.56079331126,3.55421466966,3.1728286612,1.49999713898,-1.09999883175,4.8,1.3,4.8,-1.3,0.219731643796,0.0116498833522,-1.00766980648,0.0,-0.175262451172,0.0,0.0
1.62344667237,0.489145689846,1.35568012816,4.56079331126,3.55421466966,3.1728286612,1.49999713898,-1.09999883175,4.8,1.3,4.8,-1.3,0.219731643796,0.0116498833522,-1.00766980648,0.0,-0.175262451172,0.0,0.0
1.62344667237,0.489145689846,1.35568012816,4.56079331126,3.55421466966,3.1728286612,1.49999713898,-1.09999883175,4.8,1.3,4.8,-1.3,0.219731643796,0.0116498833522,-1.00766980648,0.0,-0.164978027344,0.0,0.0
1.6180803016,0.499919568732,1.31756217526,4.56928095977,3.5271930382,3.19905052313,1.49999713898,-1.09999883175,4.8,1.3,4.8,-1.3,0.222389221191,0.0116762313992,-1.01571583748,0.0,-0.175262451172,0.0,0.0
1.61758167799,0.494758036308,1.32470060994,4.56467621179,3.53175621933,3.19030161328,1.49999713898,-1.09999883175,4.8,1.3,4.8,-1.3,0.22495034337,0.0115818753839,-1.01383924484,0.0,-0.164978027344,0.0,0.0
1.61758167799,0.494758036308,1.32470060994,4.56467621179,3.53175621933,3.19030161328,1.49999713898,-1.09999883175,4.8,1.3,4.8,-1.3,0.22495034337,0.0115818753839,-1.01383924484,0.0,-0.175262451172,0.0,0.0
1.6142239601,0.499358493137,1.30496395945,4.56806486337,3.51753350989,3.20258473372,1.49999713898,-1.09999883175,4.8,1.3,4.8,-1.3,0.227283239365,0.0114314304665,-1.01786422729,0.0,-0.164978027344,0.0,0.0
1.60964057258,0.508034386181,1.27402939097,4.57465194995,3.4953982926,3.22353381933,1.49999713898,-1.09999883175,4.8,1.3,4.8,-1.3,0.229479312897,0.0112284915522,-1.02434241772,0.0,-0.175262451172,0.0,0.0
1.60964057258,0.508034386181,1.27402939097,4.57465194995,3.4953982926,3.22353381933,1.49999713898,-1.09999883175,4.8,1.3,4.8,-1.3,0.229479312897,0.0112284915522,-1.02434241772,0.0,-0.164978027344,0.0,0.0
1.60195286849,0.520698383112,1.22569736737,4.58375696908,3.46046471924,3.25491729364,1.49999713898,-1.09999883175,4.8,1.3,4.8,-1.3,0.233697801828,0.0107962833717,-1.0343413353,0.0,-0.175262451172,0.0,0.0
1.59872846155,0.525270210873,1.20699866943,4.58686608505,3.44681162993,3.26654873609,1.49999713898,-1.09999883175,4.8,1.3,4.8,-1.3,0.235637158155,0.0105124590918,-1.03815054893,0.0,-0.175262451172,0.0,0.0
1.59872846155,0.525270210873,1.20699866943,4.58686608505,3.44681162993,3.26654873609,1.49999713898,-1.09999883175,4.8,1.3,4.8,-1.3,0.235637158155,0.0105124590918,-1.03815054893,0.0,-0.164978027344,0.0,0.0
1.59872846155,0.525270210873,1.20699866943,4.58686608505,3.44681162993,3.26654873609,1.49999713898,-1.09999883175,4.8,1.3,4.8,-1.3,0.235637158155,0.0105124590918,-1.03815054893,0.0,-0.164978027344,0.0,0.0
1.5981557749,0.526002384394,1.20378922147,4.58734308627,3.44445887812,3.26848013291,1.49999713898,-1.09999883175,4.8,1.3,4.8,-1.3,0.236017897725,0.010468127206,-1.03879976273,0.0,-0.164978027344,0.0,0.0
1.59529098653,0.530526621968,1.18631489981,4.59042216689,3.43171512242,3.27962933798,1.49999713898,-1.09999883175,4.8,1.3,4.8,-1.3,0.237558454275,0.0102535700426,-1.04239761829,0.0,-0.175262451172,0.0,0.0
1.59399002099,0.532418389997,1.17867481728,4.59167036009,3.42611913399,3.28438537078,1.49999713898,-1.09999883175,4.8,1.3,4.8,-1.3,0.23831255734,0.0101478006691,-1.04395914078,0.0,-0.164978027344,0.0,0.0
1.59399002099,0.532418389997,1.17867481728,4.59167036009,3.42611913399,3.28438537078,1.49999713898,-1.09999883175,4.8,1.3,4.8,-1.3,0.23831255734,0.0101478006691,-1.04395914078,0.0,-0.164978027344,0.0,0.0
1.59203761792,0.535182370312,1.16736488977,4.59346604067,3.41781718638,3.29136602121,1.49999713898,-1.09999883175,4.8,1.3,4.8,-1.3,0.239460751414,0.00997952930629,-1.04626464844,0.0,-0.175262451172,0.0,0.0
1.590635003,0.537411230299,1.15879808289,4.59493882104,3.41154571504,3.29681397887,1.49999713898,-1.09999883175,4.8,1.3,4.8,-1.3,0.240191489458,0.00987515598536,-1.04803013802,0.0,-0.164978027344,0.0,0.0
1.58417098328,0.548869885304,1.1173233332,4.60251843282,3.38119315642,3.32388892295,1.49999713898,-1.09999883175,4.8,1.3,4.8,-1.3,0.243021085858,0.00944564957172,-1.05666279793,0.0,-0.175262451172,0.0,0.0
1.57617449113,0.563434160975,1.06572365744,4.61182312716,3.34322449,3.35763416304,1.49999713898,-1.09999883175,4.8,1.3,4.8,-1.3,0.246134668589,0.00888032559305,-1.06742620468,0.0,-0.164978027344,0.0,0.0
1.57457174218,0.566403122402,1.05534448503,4.61367582517,3.33555926781,3.36442783363,1.49999713898,-1.09999883175,4.8,1.3,4.8,-1.3,0.246708154678,0.00876416824758,-1.06959438324,0.0,-0.175262451172,0.0,0.0
1.57239692222,0.570238985504,1.04159343042,4.61600973139,3.32537270693,3.37329004609,1.49999713898,-1.09999883175,4.8,1.3,4.8,-1.3,0.247555375099,0.0086012808606,-1.07245516777,0.0,-0.164978027344,0.0,0.0
1.57239692222,0.570238985504,1.04159343042,4.61600973139,3.32537270693,3.37329004609,1.49999713898,-1.09999883175,4.8,1.3,4.8,-1.3,0.247555375099,0.0086012808606,-1.07245516777,0.0,-0.164978027344,0.0,0.0
1.57106359343,0.57253541704,1.03326233896,4.61738190187,3.31918791112,3.37861466039,1.49999713898,-1.09999883175,4.8,1.3,4.8,-1.3,0.248091191053,0.00849975459278,-1.07418501377,0.0,-0.175262451172,0.0,0.0
1.57106359343,0.57253541704,1.03326233896,4.61738190187,3.31918791112,3.37861466039,1.49999713898,-1.09999883175,4.8,1.3,4.8,-1.3,0.248091191053,0.00849975459278,-1.07418501377,0.0,-0.175262451172,0.0,0.0
1.56481421796,0.582381005941,0.995949539925,4.62297579548,3.29132592085,3.40180943912,1.49999713898,-1.09999883175,4.8,1.3,4.8,-1.3,0.250888645649,0.00794482417405,-1.08186876774,0.0,-0.185577392578,0.0,0.0
1.55571103187,0.59896389778,0.937321562564,4.63227615192,3.24750575986,3.43935998783,1.49999713898,-1.09999883175,4.8,1.3,4.8,-1.3,0.254016458988,0.00748783210292,-1.09413647652,0.0,-0.185577392578,0.0,0.0
1.55232520778,0.605113121624,0.915218352181,4.63551113295,3.23091559065,3.45333250865,1.49999713898,-1.09999883175,4.8,1.3,4.8,-1.3,0.255233883858,0.00744862947613,-1.09877884388,0.0,-0.185577392578,0.0,0.0
1.55031486804,0.608315412851,0.902780792737,4.63705130597,3.22152937007,3.46086890723,1.49999713898,-1.09999883175,4.8,1.3,4.8,-1.3,0.256157308817,0.00742444256321,-1.10136651993,0.0,-0.185577392578,0.0,0.0
1.54607258607,0.614761233967,0.876846857577,4.63995069528,3.20189737816,3.4762754499,1.49999713898,-1.09999883175,4.8,1.3,4.8,-1.3,0.258275091648,0.00742979953066,-1.10675311089,0.0,-0.185577392578,0.0,0.0
1.54445284969,0.61694639488,0.867306264453,4.64081092755,3.19464256246,3.48171397043,1.49999713898,-1.09999883175,4.8,1.3,4.8,-1.3,0.259223163128,0.0074475100264,-1.10872125626,0.0,-0.185577392578,0.0,0.0
1.54445284969,0.61694639488,0.867306264453,4.64081092755,3.19464256246,3.48171397043,1.49999713898,-1.09999883175,4.8,1.3,4.8,-1.3,0.259223163128,0.0074475100264,-1.10872125626,0.0,-0.185577392578,0.0,0.0
1.54273620002,0.619506355266,0.856779966053,4.64187845643,3.18664882107,3.48788057151,1.49999713898,-1.09999883175,4.8,1.3,4.8,-1.3,0.260119110346,0.00748732220381,-1.1109110117,0.0,-0.185577392578,0.0,0.0
1.54099519158,0.622278278596,0.845850580032,4.64307263347,3.17834996589,3.49440095932,1.49999713898,-1.09999883175,4.8,1.3,4.8,-1.3,0.260935127735,0.00753074744716,-1.11319577694,0.0,-0.185577392578,0.0,0.0
1.53365106781,0.637049442878,0.796386718595,4.65033420159,3.14080168919,3.52618187844,1.49999713898,-1.09999883175,4.8,1.3,4.8,-1.3,0.262471884489,0.00745267281309,-1.12368094921,0.0,-0.195892333984,0.0,0.0
1.53008287092,0.645054396576,0.771861885787,4.65443267916,3.12211779769,3.54254367904,1.49999713898,-1.09999883175,4.8,1.3,4.8,-1.3,0.262564361095,0.00725402403623,-1.12890529633,0.0,-0.206207275391,0.0,0.0
1.52618959866,0.653932663727,0.745213090187,4.65894064978,3.10174510638,3.56041579496,1.49999713898,-1.09999883175,4.8,1.3,4.8,-1.3,0.262470036745,0.00698323268443,-1.13458395004,0.0,-0.216522216797,0.0,0.0
1.52069843199,0.666753157917,0.70757937944,4.66535925024,3.07285860076,3.58579720701,1.49999713898,-1.09999883175,4.8,1.3,4.8,-1.3,0.262018024921,0.00656847655773,-1.14261591434,0.0,-0.206207275391,0.0,0.0
1.52069843199,0.666753157917,0.70757937944,4.66535925024,3.07285860076,3.58579720701,1.49999713898,-1.09999883175,4.8,1.3,4.8,-1.3,0.262018024921,0.00656847655773,-1.14261591434,0.0,-0.216522216797,0.0,0.0
1.52018411485,0.668273826728,0.705132733125,4.66648649245,3.07093340298,3.58806765428,1.49999713898,-1.09999883175,4.8,1.3,4.8,-1.3,0.261382579803,0.00606790417805,-1.1430991888,0.0,-0.206207275391,0.0,0.0
1.52018411485,0.668273826728,0.705132733125,4.66648649245,3.07093340298,3.58806765428,1.49999713898,-1.09999883175,4.8,1.3,4.8,-1.3,0.261382579803,0.00606790417805,-1.1430991888,0.0,-0.216522216797,0.0,0.0
1.52144564003,0.665808898281,0.715032104775,4.66577270878,3.07849792361,3.58224637168,1.49999713898,-1.09999883175,4.8,1.3,4.8,-1.3,0.260711371899,0.00556397158653,-1.14093923569,0.0,-0.226806640625,0.0,0.0
1.5218970372,0.664918110813,0.718381903392,4.66546516152,3.08106202851,3.58022665022,1.49999713898,-1.09999883175,4.8,1.3,4.8,-1.3,0.260531723499,0.00544776115566,-1.14021468163,0.0,-0.237121582031,0.0,0.0
1.52359472296,0.661499869471,0.731011268519,4.66422703266,3.09071792665,3.57253820906,1.49999713898,-1.09999883175,4.8,1.3,4.8,-1.3,0.259905993938,0.0050337058492,-1.13748288155,0.0,-0.278350830078,0.0,0.0
1.52454511693,0.659620022112,0.737867405758,4.66351206036,3.09596102112,3.56834335136,1.49999713898,-1.09999883175,4.8,1.3,4.8,-1.3,0.259581804276,0.00485689844936,-1.13600766659,0.0,-0.309295654297,0.0,0.0
1.52541199691,0.65822036523,0.744041609036,4.6631515247,3.10068165118,3.56485843461,1.49999713898,-1.09999883175,4.8,1.3,4.8,-1.3,0.259021013975,0.00458890432492,-1.13468229771,0.0,-0.350524902344,0.0,0.0
1.52541199691,0.65822036523,0.744041609036,4.6631515247,3.10068165118,3.56485843461,1.49999713898,-1.09999883175,4.8,1.3,4.8,-1.3,0.259021013975,0.00458890432492,-1.13468229771,0.0,-0.371154785156,0.0,0.0
1.52711089459,0.655735113318,0.755628916688,4.66258285599,3.10955068172,3.55847583032,1.49999713898,-1.09999883175,4.8,1.3,4.8,-1.3,0.25782674551,0.00411571701989,-1.13221383095,0.0,-0.381469726562,0.0,0.0
1.52711089459,0.655735113318,0.755628916688,4.66258285599,3.10955068172,3.55847583032,1.49999713898,-1.09999883175,4.8,1.3,4.8,-1.3,0.25782674551,0.00411571701989,-1.13221383095,0.0,-0.402069091797,0.0,0.0
1.52839693952,0.654465580722,0.764230072757,4.66271485876,3.11613255487,3.5543129846,1.49999713898,-1.09999883175,4.8,1.3,4.8,-1.3,0.256413578987,0.00355104496703,-1.13038849831,0.0,-0.412384033203,0.0,0.0
1.52983643936,0.653042707204,0.773918367008,4.66285581296,3.12353527745,3.54961712598,1.49999713898,-1.09999883175,4.8,1.3,4.8,-1.3,0.254815101624,0.00290007679723,-1.12833094597,0.0,-0.422698974609,0.0,0.0
1.52983643936,0.653042707204,0.773918367008,4.66285581296,3.12353527745,3.54961712598,1.49999713898,-1.09999883175,4.8,1.3,4.8,-1.3,0.254815101624,0.00290007679723,-1.12833094597,0.0,-0.412384033203,0.0,0.0
1.53099442797,0.654851801224,0.780490949935,4.66568186551,3.12860266396,3.54927182505,1.49999713898,-1.09999883175,4.8,1.3,4.8,-1.3,0.251196086407,0.00148686999455,-1.12698078156,0.0,-0.422698974609,0.0,0.0
1.53099442797,0.654851801224,0.780490949935,4.66568186551,3.12860266396,3.54927182505,1.49999713898,-1.09999883175,4.8,1.3,4.8,-1.3,0.251196086407,0.00148686999455,-1.12698078156,0.0,-0.412384033203,0.0,0.0
1.53267033917,0.652832151797,0.790827505116,4.66527311519,3.13652355345,3.54379638836,1.49999713898,-1.09999883175,4.8,1.3,4.8,-1.3,0.249920248985,0.00117143488023,-1.12482190132,0.0,-0.422698974609,0.0,0.0
1.53284484387,0.653022891171,0.79130000537,4.66551893823,3.13691275809,3.54386800578,1.49999713898,-1.09999883175,4.8,1.3,4.8,-1.3,0.249591112137,0.00115373707376,-1.12474763393,0.0,-0.412384033203,0.0,0.0
1.53124949037,0.658183173027,0.777649399984,4.66843256414,3.12662241492,3.55383587694,1.49999713898,-1.09999883175,4.8,1.3,4.8,-1.3,0.248927861452,0.00125307124108,-1.12775290012,0.0,-0.422698974609,0.0,0.0
1.53095009895,0.659045376751,0.77520076373,4.66889028865,3.12477082603,3.55555272872,1.49999713898,-1.09999883175,4.8,1.3,4.8,-1.3,0.248867318034,0.00128368660808,-1.12828886509,0.0,-0.412384033203,0.0,0.0
1.52794060224,0.667278875693,0.75071133827,4.67301575502,3.10621459344,3.57228671712,1.49999713898,-1.09999883175,4.8,1.3,4.8,-1.3,0.248602464795,0.00176110188477,-1.13364839554,0.0,-0.422698974609,0.0,0.0
1.52751977765,0.668482690755,0.746820660297,4.67354475811,3.10327658635,3.5748566911,1.49999713898,-1.09999883175,4.8,1.3,4.8,-1.3,0.248644158244,0.00195465935394,-1.13451468945,0.0,-0.412384033203,0.0,0.0
1.52746788766,0.668686566759,0.74590844036,4.67358083571,3.10260032687,3.57539899646,1.49999713898,-1.09999883175,4.8,1.3,4.8,-1.3,0.2487180233,0.00209029670805,-1.13472950459,0.0,-0.422698974609,0.0,0.0
1.52746788766,0.668686566759,0.74590844036,4.67358083571,3.10260032687,3.57539899646,1.49999713898,-1.09999883175,4.8,1.3,4.8,-1.3,0.2487180233,0.00209029670805,-1.13472950459,0.0,-0.412384033203,0.0,0.0
1.52820170295,0.666996513712,0.749884674702,4.67252218192,3.10568675563,3.57243284215,1.49999713898,-1.09999883175,4.8,1.3,4.8,-1.3,0.249047070742,0.00245693651959,-1.1339199543,0.0,-0.422698974609,0.0,0.0
1.52939108131,0.663668791287,0.756567895708,4.67025806384,3.11085911729,3.56693905105,1.49999713898,-1.09999883175,4.8,1.3,4.8,-1.3,0.250044882298,0.00322947651148,-1.13254857063,0.0,-0.412384033203,0.0,0.0
1.52877453649,0.66418366279,0.751134608502,4.66984083953,3.10675069803,3.56935329358,1.49999713898,-1.09999883175,4.8,1.3,4.8,-1.3,0.251166731119,0.0039550322108,-1.13375091553,0.0,-0.422698974609,0.0,0.0
1.52873020125,0.664078656694,0.750689644967,4.6696580365,3.10641578972,3.56940609676,1.49999713898,-1.09999883175,4.8,1.3,4.8,-1.3,0.2513910532,0.00408419640735,-1.13385093212,0.0,-0.412384033203,0.0,0.0
1.5215590015,0.675235574071,0.700346793877,4.67218738579,3.06780664549,3.59741585145,1.49999713898,-1.09999883175,4.8,1.3,4.8,-1.3,0.256181210279,0.00634958129376,-1.1446403265,0.0,-0.422698974609,0.0,0.0
1.5160468211,0.684734791649,0.66375748734,4.67517538972,3.03950891859,3.61885861105,1.49999713898,-1.09999883175,4.8,1.3,4.8,-1.3,0.258387386799,0.00709868967533,-1.15242183208,0.0,-0.412384033203,0.0,0.0
1.51308855457,0.689389798357,0.644836920021,4.67638771336,3.02479654384,3.62958678244,1.49999713898,-1.09999883175,4.8,1.3,4.8,-1.3,0.259757757187,0.00747646996751,-1.15642368793,0.0,-0.422698974609,0.0,0.0
1.50844036801,0.695483028026,0.616785495096,4.67731236424,3.00285260305,3.64450853179,1.49999713898,-1.09999883175,4.8,1.3,4.8,-1.3,0.262538611889,0.00805594120175,-1.16229736805,0.0,-0.412384033203,0.0,0.0
1.50797546208,0.695423456574,0.6147238675,4.67689490115,3.00120495863,3.64504801246,1.49999713898,-1.09999883175,4.8,1.3,4.8,-1.3,0.263222247362,0.00814901292324,-1.1626983881,0.0,-0.422698974609,0.0,0.0
1.50740540592,0.695139814717,0.612549639967,4.67625102056,2.99944629674,3.64536579423,1.49999713898,-1.09999883175,4.8,1.3,4.8,-1.3,0.264155268669,0.00823638308793,-1.1631013155,0.0,-0.412384033203,0.0,0.0
1.50740540592,0.695139814717,0.612549639967,4.67625102056,2.99944629674,3.64536579423,1.49999713898,-1.09999883175,4.8,1.3,4.8,-1.3,0.264155268669,0.00823638308793,-1.1631013155,0.0,-0.422698974609,0.0,0.0
1.50826129822,0.688620122443,0.62436233736,4.6721783186,3.00841363692,3.63472981333,1.49999713898,-1.09999883175,4.8,1.3,4.8,-1.3,0.26674747467,0.0082182418555,-1.1603499651,0.0,-0.412384033203,0.0,0.0
1.51076327317,0.679168743703,0.647922630407,4.66734116981,3.02645959721,3.61731169519,1.49999713898,-1.09999883175,4.8,1.3,4.8,-1.3,0.268545627594,0.00779312755913,-1.15506672859,0.0,-0.422698974609,0.0,0.0
1.51039095173,0.679804444373,0.645751855655,4.66758735079,3.02476211105,3.61863062873,1.49999713898,-1.09999883175,4.8,1.3,4.8,-1.3,0.268613874912,0.0077512152493,-1.15551769733,0.0,-0.412384033203,0.0,0.0
1.51039095173,0.679804444373,0.645751855655,4.66758735079,3.02476211105,3.61863062873,1.49999713898,-1.09999883175,4.8,1.3,4.8,-1.3,0.268613874912,0.0077512152493,-1.15551769733,0.0,-0.422698974609,0.0,0.0
1.50686293964,0.686379723248,0.6247443814,4.67033254982,3.00833179094,3.63181867842,1.49999713898,-1.09999883175,4.8,1.3,4.8,-1.3,0.268864780664,0.00727988639846,-1.15990304947,0.0,-0.412384033203,0.0,0.0
1.50679796837,0.686448319216,0.624591549371,4.67038169083,3.00820186142,3.63192038664,1.49999713898,-1.09999883175,4.8,1.3,4.8,-1.3,0.268852263689,0.00722007546574,-1.15992510319,0.0,-0.422698974609,0.0,0.0
1.50593613787,0.688227924235,0.619953062305,4.67132311077,3.00454683851,3.63512210591,1.49999713898,-1.09999883175,4.8,1.3,4.8,-1.3,0.26861384511,0.00688712019473,-1.16087317467,0.0,-0.412384033203,0.0,0.0
1.50593613787,0.688227924235,0.619953062305,4.67132311077,3.00454683851,3.63512210591,1.49999713898,-1.09999883175,4.8,1.3,4.8,-1.3,0.26861384511,0.00688712019473,-1.16087317467,0.0,-0.422698974609,0.0,0.0
1.50489740241,0.690740440071,0.613766574049,4.67268708988,2.99969773707,3.6395692431,1.49999713898,-1.09999883175,4.8,1.3,4.8,-1.3,0.268152713776,0.00652629649267,-1.16216576099,0.0,-0.412384033203,0.0,0.0
1.50489740241,0.690740440071,0.613766574049,4.67268708988,2.99969773707,3.6395692431,1.49999713898,-1.09999883175,4.8,1.3,4.8,-1.3,0.268152713776,0.00652629649267,-1.16216576099,0.0,-0.422698974609,0.0,0.0
1.5036071728,0.693986208178,0.605550617677,4.67437660347,2.99327540321,3.6454109342,1.49999713898,-1.09999883175,4.8,1.3,4.8,-1.3,0.267609357834,0.00619814172387,-1.16390538216,0.0,-0.412384033203,0.0,0.0
1.50316912673,0.695178716519,0.602657207684,4.67501433609,2.99101631605,3.64752186922,1.49999713898,-1.09999883175,4.8,1.3,4.8,-1.3,0.267369687557,0.00608454551548,-1.16452229023,0.0,-0.422698974609,0.0,0.0
1.50224182776,0.697504678681,0.59657831832,4.6761711491,2.98626562983,3.65177154289,1.49999713898,-1.09999883175,4.8,1.3,4.8,-1.3,0.267030209303,0.00591067457572,-1.16581690311,0.0,-0.412384033203,0.0,0.0
1.5004442739,0.701883511724,0.584610129992,4.67822116037,2.97690905624,3.65993542076,1.49999713898,-1.09999883175,4.8,1.3,4.8,-1.3,0.266537070274,0.00569088151678,-1.16837394238,0.0,-0.422698974609,0.0,0.0
1.50000420039,0.702966488352,0.581662218122,4.6787256962,2.9746029383,3.66194906894,1.49999713898,-1.09999883175,4.8,1.3,4.8,-1.3,0.266410082579,0.00564010534436,-1.16900467873,0.0,-0.412384033203,0.0,0.0
1.50000420039,0.702966488352,0.581662218122,4.6787256962,2.9746029383,3.66194906894,1.49999713898,-1.09999883175,4.8,1.3,4.8,-1.3,0.266410082579,0.00564010534436,-1.16900467873,0.0,-0.422698974609,0.0,0.0
1.49733621043,0.709438137586,0.563773070662,4.68165076271,2.96059068087,3.67404699961,1.49999713898,-1.09999883175,4.8,1.3,4.8,-1.3,0.265721976757,0.00538934534416,-1.1728348732,0.0,-0.412384033203,0.0,0.0
1.49527577636,0.714681508097,0.549920324684,4.68410417961,2.94971968433,3.68362277876,1.49999713898,-1.09999883175,4.8,1.3,4.8,-1.3,0.264963358641,0.00513051217422,-1.17580461502,0.0,-0.422698974609,0.0,0.0
1.49504031349,0.715353966764,0.548377010312,4.68446493341,2.94850589278,3.68477430749,1.49999713898,-1.09999883175,4.8,1.3,4.8,-1.3,0.264797329903,0.00506146904081,-1.1761341095,0.0,-0.412384033203,0.0,0.0
1.49458016333,0.71709027392,0.545225299839,4.68555831818,2.94603160214,3.68749564538,1.49999713898,-1.09999883175,4.8,1.3,4.8,-1.3,0.264120399952,0.00480749132112,-1.17681229115,0.0,-0.422698974609,0.0,0.0
1.49525068612,0.716664807168,0.549655800989,4.68603044772,2.9495155052,3.68569380434,1.49999713898,-1.09999883175,4.8,1.3,4.8,-1.3,0.263209044933,0.00441878428683,-1.17586493492,0.0,-0.412384033203,0.0,0.0
1.49708814013,0.713730866562,0.562148520303,4.6856197349,2.95931516301,3.67884662883,1.49999713898,-1.09999883175,4.8,1.3,4.8,-1.3,0.262243330479,0.00392605643719,-1.1731814146,0.0,-0.422698974609,0.0,0.0
1.49708814013,0.713730866562,0.562148520303,4.6856197349,2.95931516301,3.67884662883,1.49999713898,-1.09999883175,4.8,1.3,4.8,-1.3,0.262243330479,0.00392605643719,-1.1731814146,0.0,-0.412384033203,0.0,0.0
1.49915712523,0.710158785204,0.576766686988,4.68498068745,2.97074165643,3.67064156975,1.49999713898,-1.09999883175,4.8,1.3,4.8,-1.3,0.261244803667,0.0033099364955,-1.17002308369,0.0,-0.422698974609,0.0,0.0
1.50099252405,0.706935181691,0.590394683465,4.6844752315,2.98135079362,3.66304051537,1.49999713898,-1.09999883175,4.8,1.3,4.8,-1.3,0.260221421719,0.00258544133976,-1.16705727577,0.0,-0.412384033203,0.0,0.0
1.50099252405,0.706935181691,0.590394683465,4.6844752315,2.98135079362,3.66304051537,1.49999713898,-1.09999883175,4.8,1.3,4.8,-1.3,0.260221421719,0.00258544133976,-1.16705727577,0.0,-0.422698974609,0.0,0.0
1.50193570073,0.705238931128,0.599056044228,4.68453806553,2.98802606068,3.65846679096,1.49999713898,-1.09999883175,4.8,1.3,4.8,-1.3,0.259271085262,0.0017142246943,-1.16511726379,0.0,-0.412384033203,0.0,0.0
1.50193570073,0.705238931128,0.599056044228,4.68453806553,2.98802606068,3.65846679096,1.49999713898,-1.09999883175,4.8,1.3,4.8,-1.3,0.259271085262,0.0017142246943,-1.16511726379,0.0,-0.422698974609,0.0,0.0
1.5024780309,0.704203443552,0.605747751735,4.68489284133,2.9931295637,3.65513166325,1.49999713898,-1.09999883175,4.8,1.3,4.8,-1.3,0.258306354284,0.000703997560777,-1.16357219219,0.0,-0.412384033203,0.0,0.0
1.5024780309,0.704203443552,0.605747751735,4.68489284133,2.9931295637,3.65513166325,1.49999713898,-1.09999883175,4.8,1.3,4.8,-1.3,0.258306354284,0.000703997560777,-1.16357219219,0.0,-0.422698974609,0.0,0.0
1.50221581058,0.704755375416,0.607636730097,4.68592876324,2.9944617356,3.65487765243,1.49999713898,-1.09999883175,4.8,1.3,4.8,-1.3,0.257309049368,-0.000426736485679,-1.16303181648,0.0,-0.412384033203,0.0,0.0
1.50221581058,0.704755375416,0.607636730097,4.68592876324,2.9944617356,3.65487765243,1.49999713898,-1.09999883175,4.8,1.3,4.8,-1.3,0.257309049368,-0.000426736485679,-1.16303181648,0.0,-0.422698974609,0.0,0.0
1.50277916988,0.703405603622,0.615454772579,4.6862021951,3.00039737108,3.65080429967,1.49999713898,-1.09999883175,4.8,1.3,4.8,-1.3,0.25632160902,-0.00163830223028,-1.16120994091,0.0,-0.412384033203,0.0,0.0
1.50277916988,0.703405603622,0.615454772579,4.6862021951,3.00039737108,3.65080429967,1.49999713898,-1.09999883175,4.8,1.3,4.8,-1.3,0.25632160902,-0.00163830223028,-1.16120994091,0.0,-0.422698974609,0.0,0.0
1.50536945516,0.697392934343,0.638577010389,4.68470833858,3.01815337447,3.63703647796,1.49999713898,-1.09999883175,4.8,1.3,4.8,-1.3,0.25513830781,-0.00326705421321,-1.15605771542,0.0,-0.412384033203,0.0,0.0
1.50874366285,0.689170039152,0.669526288271,4.6823802106,3.04180588894,3.61828928579,1.49999713898,-1.09999883175,4.8,1.3,4.8,-1.3,0.25371080637,-0.00545182032511,-1.1491471529,0.0,-0.422698974609,0.0,0.0
1.50969720647,0.686763194277,0.678638312457,4.68167926221,3.04873939898,3.61274482097,1.49999713898,-1.09999883175,4.8,1.3,4.8,-1.3,0.253279626369,-0.0061410786584,-1.14710450172,0.0,-0.412384033203,0.0,0.0
1.5122822629,0.680063748635,0.703568142696,4.67956306067,3.06765679844,3.59739633239,1.49999713898,-1.09999883175,4.8,1.3,4.8,-1.3,0.252200007439,-0.00798845477402,-1.14151442051,0.0,-0.422698974609,0.0,0.0
1.51341319778,0.674729007255,0.728782256527,4.67902264798,3.08631574707,3.58264869674,1.49999713898,-1.09999883175,4.8,1.3,4.8,-1.3,0.250011354685,-0.0122422967106,-1.13549649715,0.0,-0.412384033203,0.0,0.0
1.51343715608,0.672871411673,0.739144855164,4.67917703006,3.09384049205,3.57672138123,1.49999713898,-1.09999883175,4.8,1.3,4.8,-1.3,0.248879939318,-0.0146630704403,-1.13291525841,0.0,-0.422698974609,0.0,0.0
1.51326786103,0.672852889029,0.740132312554,4.67938189789,3.0945095449,3.57624643577,1.49999713898,-1.09999883175,4.8,1.3,4.8,-1.3,0.248655229807,-0.0151697872207,-1.13262653351,0.0,-0.412384033203,0.0,0.0
1.51264471308,0.670383252715,0.756695570304,4.68019050104,3.10632110672,3.56697002035,1.49999713898,-1.09999883175,4.8,1.3,4.8,-1.3,0.246513798833,-0.0200510323048,-1.12833869457,0.0,-0.422698974609,0.0,0.0
1.51157973842,0.670362862033,0.762060270803,4.68137692868,3.10989802226,3.56439085319,1.49999713898,-1.09999883175,4.8,1.3,4.8,-1.3,0.245259925723,-0.0230149887502,-1.12673544884,0.0,-0.412384033203,0.0,0.0
1.50772755067,0.676508450024,0.748821188955,4.68575705909,3.09926713962,3.57426984235,1.49999713898,-1.09999883175,4.8,1.3,4.8,-1.3,0.243875429034,-0.0261905156076,-1.12907624245,0.0,-0.422698974609,0.0,0.0
1.50772755067,0.676508450024,0.748821188955,4.68575705909,3.09926713962,3.57426984235,1.49999713898,-1.09999883175,4.8,1.3,4.8,-1.3,0.243875429034,-0.0261905156076,-1.12907624245,0.0,-0.412384033203,0.0,0.0
1.50942883511,0.670063595648,0.774758637436,4.68382404886,3.1184465194,3.55815664153,1.49999713898,-1.09999883175,4.8,1.3,4.8,-1.3,0.242483764887,-0.0294752474874,-1.12303459644,0.0,-0.422698974609,0.0,0.0
1.52179694251,0.633455461803,0.90680941138,4.66728783459,3.21598667482,3.47242367243,1.49999713898,-1.09999883175,4.8,1.3,4.8,-1.3,0.23803499341,-0.039535112679,-1.09329307079,0.0,-0.412384033203,0.0,0.0
1.52179694251,0.633455461803,0.90680941138,4.66728783459,3.21598667482,3.47242367243,1.49999713898,-1.09999883175,4.8,1.3,4.8,-1.3,0.23803499341,-0.039535112679,-1.09329307079,0.0,-0.422698974609,0.0,0.0
1.52527993196,0.621955677758,0.946420292427,4.66113069165,3.2448108958,3.44564698781,1.49999713898,-1.09999883175,4.8,1.3,4.8,-1.3,0.237131759524,-0.0424172654748,-1.08434283733,0.0,-0.412384033203,0.0,0.0
1.52527993196,0.621955677758,0.946420292427,4.66113069165,3.2448108958,3.44564698781,1.49999713898,-1.09999883175,4.8,1.3,4.8,-1.3,0.237131759524,-0.0424172654748,-1.08434283733,0.0,-0.422698974609,0.0,0.0
1.52687652892,0.614922632747,0.96913204582,4.65706740585,3.26113959387,3.42958974834,1.49999713898,-1.09999883175,4.8,1.3,4.8,-1.3,0.237068623304,-0.0443031638861,-1.07911717892,0.0,-0.412384033203,0.0,0.0
1.52476584598,0.614828951279,0.968821651595,4.65722172387,3.26028229565,3.42872340611,1.49999713898,-1.09999883175,4.8,1.3,4.8,-1.3,0.237678438425,-0.0466816797853,-1.07867181301,0.0,-0.422698974609,0.0,0.0
1.52181560955,0.617488559098,0.959213775233,4.65895993443,3.25269478773,3.43423758005,1.4999973774,-1.09999883175,4.8,1.3,4.8,-1.3,0.238458961248,-0.0484591536224,-1.08031892776,0.0,-0.412384033203,0.0,0.0
1.52181560955,0.617488559098,0.959213775233,4.65895993443,3.25269478773,3.43423758005,1.4999973774,-1.09999883175,4.8,1.3,4.8,-1.3,0.238458961248,-0.0484591536224,-1.08031892776,0.0,-0.422698974609,0.0,0.0
1.51895177449,0.619863925907,0.949994760475,4.66044513047,3.24539894551,3.4393310378,1.49999785423,-1.09999883175,4.8,1.3,4.8,-1.3,0.239362597466,-0.0501204915345,-1.08189153671,0.0,-0.412384033203,0.0,0.0
1.51606859,0.622254703835,0.940259609951,4.661865152,3.23773149074,3.4446457975,1.49999785423,-1.09999883175,4.8,1.3,4.8,-1.3,0.240382194519,-0.0516509525478,-1.08358752728,0.0,-0.422698974609,0.0,0.0
1.51373413673,0.623302753449,0.934193319991,4.66237950392,3.232788775,3.44728323851,1.49999785423,-1.09999883175,4.8,1.3,4.8,-1.3,0.24151571095,-0.0530413091183,-1.08451139927,0.0,-0.412384033203,0.0,0.0
1.5082524084,0.625050160025,0.919436636569,4.6627852357,3.22081672164,3.45297132272,1.49999785423,-1.09999883175,4.8,1.3,4.8,-1.3,0.244927570224,-0.0558189563453,-1.08680808544,0.0,-0.422698974609,0.0,0.0
1.5072829353,0.624395626099,0.918678951909,4.66216158083,3.21999557655,3.45222695733,1.49999785423,-1.09999883175,4.8,1.3,4.8,-1.3,0.245903298259,-0.0564382970333,-1.08675563335,0.0,-0.412384033203,0.0,0.0
1.5068980239,0.623311743063,0.920145814283,4.66134720588,3.22090732318,3.45035733013,1.49999785423,-1.09999883175,4.8,1.3,4.8,-1.3,0.246563270688,-0.0568493083119,-1.08629703522,0.0,-0.422698974609,0.0,0.0
1.44066060766,0.553189427356,0.909375448961,4.59889636615,3.19330255674,3.35644839286,1.49999785423,-1.09999883175,4.8,1.3,4.8,-1.3,0.325617015362,-0.0988239347935,-1.07257413864,0.0,-0.412384033203,0.0,0.0
1.44006795041,0.555805142363,0.903302102298,4.60078857605,3.18891039885,3.36143603753,1.49999785423,-1.09999883175,4.8,1.3,4.8,-1.3,0.324957579374,-0.0990016236901,-1.07392895222,0.0,-0.422698974609,0.0,0.0
1.44980747186,0.57027823115,0.948421861505,4.61979931693,3.22310887263,3.36051420171,1.49999785423,-1.09999883175,4.8,1.3,4.8,-1.3,0.298872679472,-0.107800625265,-1.06518721581,0.0,-0.412384033203,0.0,0.0
1.45078393128,0.568451056427,0.957399270201,4.61895474494,3.22959408067,3.35517836311,1.49999785423,-1.09999883175,4.8,1.3,4.8,-1.3,0.298037081957,-0.108433946967,-1.06321167946,0.0,-0.422698974609,0.0,0.0
1.47906172801,0.486211421644,1.33246271018,4.56401932325,3.48876142045,3.11130604386,1.49999785423,-1.09999883175,4.8,1.3,4.8,-1.3,0.270355671644,-0.145009174943,-0.977935552597,0.0,-0.412384033203,0.0,0.0
1.47926881099,0.484089557243,1.34131698817,4.56219921997,3.49453038183,3.10491678977,1.49999785423,-1.09999895096,4.8,1.3,4.8,-1.3,0.269974559546,-0.146258100867,-0.975815057755,0.0,-0.422698974609,0.0,0.0
1.42230916708,0.469667216285,1.16646318741,4.54208074653,3.36092498901,3.14768575182,1.49999785423,-1.09999895096,4.8,1.3,4.8,-1.3,0.340794950724,-0.151421442628,-1.00474226475,0.0,-0.412384033203,0.0,0.0
1.42230916708,0.469667216285,1.16646318741,4.54208074653,3.36092498901,3.14768575182,1.49999785423,-1.09999895096,4.8,1.3,4.8,-1.3,0.340794950724,-0.151421442628,-1.00474226475,0.0,-0.422698974609,0.0,0.0
1.42085112394,0.458180389398,1.17531684051,4.53122863885,3.36624116285,3.13128199207,1.49999785423,-1.09999895096,4.8,1.3,4.8,-1.3,0.348861575127,-0.149403110147,-1.00221037865,0.0,-0.412384033203,0.0,0.0
1.41904767761,0.455993928195,1.16850275491,4.5287370294,3.36114768902,3.1314868038,1.49999785423,-1.09999895096,4.8,1.3,4.8,-1.3,0.352844983339,-0.148333534598,-1.00344061852,0.0,-0.422698974609,0.0,0.0
1.40265045271,0.425354502358,1.12503298417,4.49634181109,3.3269192287,3.11370051049,1.49999785423,-1.09999895096,4.8,1.3,4.8,-1.3,0.393865287304,-0.138320475817,-1.01008927822,0.0,-0.412384033203,0.0,0.0
1.40176480703,0.425799893434,1.11992926497,4.49649735872,3.32324697472,3.11613832213,1.49999785423,-1.09999895096,4.8,1.3,4.8,-1.3,0.394955098629,-0.138161838055,-1.01112544537,0.0,-0.422698974609,0.0,0.0
1.40316408348,0.313092246218,1.38508727109,4.39349447584,3.49455597393,2.87357941514,1.49999785423,-1.09999895096,4.8,1.3,4.8,-1.3,0.425709962845,-0.144592374563,-0.946430683136,0.0,-0.412384033203,0.0,0.0
1.40312442082,0.311709627347,1.38862208588,4.39212612679,3.49675851952,2.87036373497,1.49999785423,-1.09999895096,4.8,1.3,4.8,-1.3,0.426017701626,-0.144756749272,-0.945554673672,0.0,-0.422698974609,0.0,0.0
1.40209145285,0.309959949169,1.39109550701,4.39038740421,3.49792348134,2.86681401032,1.49999785423,-1.09999895096,4.8,1.3,4.8,-1.3,0.427220344543,-0.145491734147,-0.944695353508,0.0,-0.412384033203,0.0,0.0
1.40209145285,0.309959949169,1.39109550701,4.39038740421,3.49792348134,2.86681401032,1.49999785423,-1.09999895096,4.8,1.3,4.8,-1.3,0.427220344543,-0.145491734147,-0.944695353508,0.0,-0.422698974609,0.0,0.0
1.38772940728,0.315603452216,1.35448664524,4.39590866998,3.469589574,2.88384398858,1.49999988079,-1.09999895096,4.8,1.3,4.8,-1.3,0.436203569174,-0.154622912407,-0.950147211552,0.0,-0.412384033203,0.0,0.0
1.38791598106,0.312328753913,1.36549352005,4.39270777854,3.47657930748,2.87503956773,1.49999988079,-1.09999895096,4.8,1.3,4.8,-1.3,0.43625035882,-0.155384227633,-0.947495400906,0.0,-0.422698974609,0.0,0.0
1.38864485392,0.30284449385,1.399726346,4.38327007851,3.49827969234,2.848319313,1.49999988079,-1.09999895096,4.8,1.3,4.8,-1.3,0.435754954815,-0.157962828875,-0.93928450346,0.0,-0.412384033203,0.0,0.0
1.38847294053,0.303354371596,1.39863119838,4.3837823591,3.49753178778,2.84930644994,1.49999988079,-1.09999895096,4.8,1.3,4.8,-1.3,0.435657978058,-0.158161759377,-0.939510762691,0.0,-0.422698974609,0.0,0.0
1.41430546436,0.555323030277,1.08527260382,4.62247598143,3.30445261356,3.26776564916,1.49999988079,-1.09999895096,4.8,1.3,4.8,-1.3,0.289101421833,-0.182192578912,-1.02272450924,0.0,-0.412384033203,0.0,0.0
1.41864795022,0.555020478985,1.11048597638,4.62380800714,3.3226864285,3.25772998606,1.49999988079,-1.09999895096,4.8,1.3,4.8,-1.3,0.282384365797,-0.184563428164,-1.01759397984,0.0,-0.422698974609,0.0,0.0
1.43809892797,0.532628915762,1.25405577514,4.60891691703,3.42360474232,3.17606756033,1.49999988079,-1.09999895096,4.8,1.3,4.8,-1.3,0.263021558523,-0.193518549204,-0.987119317055,0.0,-0.412384033203,0.0,0.0
1.4477126249,0.514598862499,1.33418025284,4.59345975151,3.47862941169,3.12331084575,1.49999988079,-1.09999895096,4.8,1.3,4.8,-1.3,0.256967484951,-0.19691850245,-0.969827413559,0.0,-0.422698974609,0.0,0.0
1.57242181658,-0.120903378728,3.44571808657,3.504115358,4.61168171952,1.18021157199,1.49999988079,-1.09999978542,4.8,1.3,4.8,-1.3,0.148773699999,-0.286786526442,-0.465027689934,0.0,-0.412384033203,0.0,0.0
1.56887498163,-0.189427294396,3.6558583372,3.31692411845,4.68058635424,0.927377615221,1.49999988079,-1.09999978542,4.8,1.3,4.8,-1.3,0.13277362287,-0.307570755482,-0.405116856098,0.0,-0.402069091797,0.0,0.0
1.56887498163,-0.189427294396,3.6558583372,3.31692411845,4.68058635424,0.927377615221,1.49999988079,-1.09999978542,4.8,1.3,4.8,-1.3,0.13277362287,-0.307570755482,-0.405116856098,0.0,-0.412384033203,0.0,0.0
1.56728290756,-0.212056829548,3.73278786928,3.2463514774,4.70338215328,0.834309451264,1.49999988079,-1.09999978542,4.8,1.3,4.8,-1.3,0.125180229545,-0.318197548389,-0.382569551468,0.0,-0.402069091797,0.0,0.0
1.56503947744,-0.240819066787,3.83704483606,3.1485748919,4.73216130834,0.707516412252,1.49999988079,-1.09999978542,4.8,1.3,4.8,-1.3,0.113541506231,-0.335097461939,-0.351467072964,0.0,-0.391754150391,0.0,0.0
1.56509021254,-0.244986383378,3.86078648065,3.12840633041,4.73877851134,0.681136424156,1.49999988079,-1.09999978542,4.8,1.3,4.8,-1.3,0.109576001763,-0.340890347958,-0.344460844994,0.0,-0.36083984375,0.0,0.0
1.56509021254,-0.244986383378,3.86078648065,3.12840633041,4.73877851134,0.681136424156,1.49999988079,-1.09999978542,4.8,1.3,4.8,-1.3,0.109576001763,-0.340890347958,-0.344460844994,0.0,-0.340209960938,0.0,0.0
1.5656314439,-0.246134181916,3.87842107445,3.11556239594,4.74397974629,0.663867434165,1.49999988079,-1.09999978542,4.8,1.3,4.8,-1.3,0.105612516403,-0.346695244312,-0.339384943247,0.0,-0.298980712891,0.0,0.0
1.5656314439,-0.246134181916,3.87842107445,3.11556239594,4.74397974629,0.663867434165,1.49999988079,-1.09999978542,4.8,1.3,4.8,-1.3,0.105612516403,-0.346695244312,-0.339384943247,0.0,-0.26806640625,0.0,0.0
1.56588848645,-0.247409252706,3.89028749094,3.10627067012,4.74736415727,0.651597659708,1.49999988079,-1.09999978542,4.8,1.3,4.8,-1.3,0.10319391638,-0.350232362747,-0.335927397013,0.0,-0.154663085938,0.0,0.0
1.566199245,-0.247419646329,3.89645022486,3.10219676868,4.74923973069,0.646031045698,1.49999988079,-1.09999978542,4.8,1.3,4.8,-1.3,0.101596795022,-0.352560579777,-0.334181398153,0.0,-0.0309448242188,0.0,0.0
fallerror
