0.294766113563,0.101091246339,3.57269812846,2.53114504462,3.59645599056,-0.0687464077259,1.49999988079,-1.09999978542,4.8,1.3,4.8,-1.3,1.2043223381,-1.19839334488,-0.00913776643574,-0.298980712891,-0.0618591308594,0.0,0.0
0.294766113563,0.101091246339,3.57269812846,2.53114504462,3.59645599056,-0.0687464077259,1.49999988079,-1.09999978542,4.8,1.3,4.8,-1.3,1.2043223381,-1.19839334488,-0.00913776643574,-0.298980712891,-0.0618591308594,0.0,0.0
0.294766113563,0.101091246339,3.57269812846,2.53114504462,3.59645599056,-0.0687464077259,1.49999988079,-1.09999978542,4.8,1.3,4.8,-1.3,1.2043223381,-1.19839334488,-0.00913776643574,-0.298980712891,-0.0618591308594,0.0,0.0
0.294766113563,0.101091246339,3.57269812846,2.53114504462,3.59645599056,-0.0687464077259,1.49999988079,-1.09999978542,4.8,1.3,4.8,-1.3,1.2043223381,-1.19839334488,-0.00913776643574,-0.298980712891,-0.0618591308594,0.0,0.0
0.294766113563,0.101091246339,3.57269812846,2.53114504462,3.59645599056,-0.0687464077259,1.49999988079,-1.09999978542,4.8,1.3,4.8,-1.3,1.2043223381,-1.19839334488,-0.00913776643574,-0.298980712891,-0.0618591308594,0.0,0.0
0.294766113563,0.101091246339,3.57269812846,2.53114504462,3.59645599056,-0.0687464077259,1.49999988079,-1.09999978542,4.8,1.3,4.8,-1.3,1.2043223381,-1.19839334488,-0.00913776643574,-0.298980712891,-0.0618591308594,0.0,0.0
0.294766113563,0.101091246339,3.57269812846,2.53114504462,3.59645599056,-0.0687464077259,1.49999988079,-1.09999978542,4.8,1.3,4.8,-1.3,1.2043223381,-1.19839334488,-0.00913776643574,-0.298980712891,-0.0618591308594,0.0,0.0
0.294766113563,0.101091246339,3.57269812846,2.53114504462,3.59645599056,-0.0687464077259,1.49999988079,-1.09999978542,4.8,1.3,4.8,-1.3,1.2043223381,-1.19839334488,-0.00913776643574,-0.298980712891,-0.0618591308594,0.0,0.0
0.294766113563,0.101091246339,3.57269812846,2.53114504462,3.59645599056,-0.0687464077259,1.49999988079,-1.09999978542,4.8,1.3,4.8,-1.3,1.2043223381,-1.19839334488,-0.00913776643574,-0.298980712891,-0.0618591308594,0.0,0.0
0.294766113563,0.101091246339,3.57269812846,2.53114504462,3.59645599056,-0.0687464077259,1.49999988079,-1.09999978542,4.8,1.3,4.8,-1.3,1.2043223381,-1.19839334488,-0.00913776643574,-0.298980712891,-0.0618591308594,0.0,0.0
0.294766113563,0.101091246339,3.57269812846,2.53114504462,3.59645599056,-0.0687464077259,1.49999988079,-1.09999978542,4.8,1.3,4.8,-1.3,1.2043223381,-1.19839334488,-0.00913776643574,-0.298980712891,-0.0618591308594,0.0,0.0
0.294765955239,0.101092291062,3.57267957504,2.53117090253,3.59645711778,-0.0687203698999,1.49999988079,-1.09999978542,4.8,1.3,4.8,-1.3,1.20432174206,-1.19839215279,-0.00914533622563,-0.381469726562,-0.154663085938,0.0,0.0
0.294765955239,0.101092291062,3.57267957504,2.53117090253,3.59645711778,-0.0687203698999,1.49999988079,-1.09999978542,4.8,1.3,4.8,-1.3,1.20432174206,-1.19839215279,-0.00914533622563,-0.381469726562,-0.154663085938,0.0,0.0
0.29476654276,0.101091397897,3.57265619525,2.53120233835,3.59645937995,-0.0686886994467,1.49999988079,-1.09999978542,4.8,1.3,4.8,-1.3,1.20432019234,-1.19838833809,-0.00915519893169,-0.433013916016,-0.206207275391,0.0,0.0
0.29476654276,0.101091397897,3.57265619525,2.53120233835,3.59645937995,-0.0686886994467,1.49999988079,-1.09999978542,4.8,1.3,4.8,-1.3,1.20432019234,-1.19838833809,-0.00915519893169,-0.433013916016,-0.206207275391,0.0,0.0
0.29476654276,0.101091397897,3.57265619525,2.53120233835,3.59645937995,-0.0686886994467,1.49999988079,-1.09999978542,4.8,1.3,4.8,-1.3,1.20432019234,-1.19838833809,-0.00915519893169,-0.484558105469,-0.247436523438,0.0,0.0
0.29476654276,0.101091397897,3.57265619525,2.53120233835,3.59645937995,-0.0686886994467,1.49999988079,-1.09999978542,4.8,1.3,4.8,-1.3,1.20432019234,-1.19838833809,-0.00915519893169,-0.484558105469,-0.247436523438,0.0,0.0
0.294766775985,0.101089214492,3.57263813933,2.53122482433,3.59646089085,-0.0686660342481,1.49999988079,-1.09999978542,4.8,1.3,4.8,-1.3,1.20431923866,-1.19838392735,-0.00916272494942,-0.484558105469,-0.257751464844,0.0,0.0
0.294766517691,0.101092292979,3.572608642,2.53126734119,3.59646267477,-0.0686232305695,1.49999988079,-1.09999978542,4.8,1.3,4.8,-1.3,1.20431828499,-1.19838345051,-0.00917475670576,-0.484558105469,-0.26806640625,0.0,0.0
0.294767039522,0.101090655389,3.57262168197,2.53124881893,3.59646232233,-0.0686418756742,1.49999988079,-1.09999978542,4.8,1.3,4.8,-1.3,1.20431828499,-1.1983833313,-0.0091696055606,-0.484558105469,-0.257751464844,0.0,0.0
0.294769828751,0.101083682884,3.57268884172,2.53115501954,3.59646061441,-0.0687363056576,1.49999988079,-1.09999978542,4.8,1.3,4.8,-1.3,1.20431816578,-1.19838416576,-0.00914311688393,-0.494873046875,-0.257751464844,0.0,0.0
0.294769828751,0.101083682884,3.57268884172,2.53115501954,3.59646061441,-0.0687363056576,1.49999988079,-1.09999978542,4.8,1.3,4.8,-1.3,1.20431816578,-1.19838416576,-0.00914311688393,-0.505157470703,-0.257751464844,0.0,0.0
0.294771355802,0.10107899706,3.57272997173,2.53109691244,3.59645937343,-0.0687947998194,1.49999988079,-1.09999978542,4.8,1.3,4.8,-1.3,1.20431828499,-1.19838428497,-0.0091268196702,-0.515472412109,-0.247436523438,0.0,0.0
0.294771355802,0.10107899706,3.57272997173,2.53109691244,3.59645937343,-0.0687947998194,1.49999988079,-1.09999978542,4.8,1.3,4.8,-1.3,1.20431828499,-1.19838428497,-0.0091268196702,-0.515472412109,-0.247436523438,0.0,0.0
0.294771355802,0.10107899706,3.57272997173,2.53109691244,3.59645937343,-0.0687947998194,1.49999988079,-1.09999978542,4.8,1.3,4.8,-1.3,1.20431828499,-1.19838428497,-0.0091268196702,-0.525787353516,-0.247436523438,0.0,0.0
0.294769188014,0.101084389202,3.57268136843,2.53116494225,3.59646045114,-0.0687263160977,1.49999988079,-1.09999978542,4.8,1.3,4.8,-1.3,1.20431852341,-1.19838404655,-0.00914592854679,-0.536102294922,-0.247436523438,0.0,0.0
0.294769188014,0.101084389202,3.57268136843,2.53116494225,3.59646045114,-0.0687263160977,1.49999988079,-1.09999978542,4.8,1.3,4.8,-1.3,1.20431852341,-1.19838404655,-0.00914592854679,-0.546417236328,-0.247436523438,0.0,0.0
0.294766158953,0.101089501711,3.57264001412,2.53122175046,3.59646009975,-0.0686691325407,1.49999988079,-1.09999978542,4.8,1.3,4.8,-1.3,1.20431995392,-1.19838452339,-0.00916169956326,-0.546417236328,-0.257751464844,0.0,0.0
0.294764249628,0.101085423912,3.57266363619,2.53118323437,3.59645640672,-0.0687078987524,1.49999988079,-1.09999978542,4.8,1.3,4.8,-1.3,1.20432293415,-1.19838356972,-0.0091511933133,-0.546417236328,-0.247436523438,0.0,0.0
0.294764249628,0.101085423912,3.57266363619,2.53118323437,3.59645640672,-0.0687078987524,1.49999988079,-1.09999978542,4.8,1.3,4.8,-1.3,1.20432293415,-1.19838356972,-0.0091511933133,-0.556701660156,-0.257751464844,0.0,0.0
0.294764249628,0.101085423912,3.57266363619,2.53118323437,3.59645640672,-0.0687078987524,1.49999988079,-1.09999978542,4.8,1.3,4.8,-1.3,1.20432293415,-1.19838356972,-0.0091511933133,-0.556701660156,-0.257751464844,0.0,0.0
0.294757694258,0.101092334818,3.57259978914,2.53126742271,3.59645385339,-0.0686231487561,1.49999988079,-1.09999978542,4.8,1.3,4.8,-1.3,1.20432710648,-1.19838356972,-0.00917476881295,-0.556701660156,-0.247436523438,0.0,0.0
0.294742849164,0.101091932059,3.57253030319,2.53134071831,3.59644282335,-0.0685493161707,1.49999988079,-1.09999978542,4.8,1.3,4.8,-1.3,1.20433974266,-1.19837665558,-0.00919725280255,-0.567016601562,-0.247436523438,0.0,0.0
0.294742849164,0.101091932059,3.57253030319,2.53134071831,3.59644282335,-0.0685493161707,1.49999988079,-1.09999978542,4.8,1.3,4.8,-1.3,1.20433974266,-1.19837665558,-0.00919725280255,-0.597961425781,-0.257751464844,0.0,0.0
0.294742849164,0.101091932059,3.57253030319,2.53134071831,3.59644282335,-0.0685493161707,1.49999988079,-1.09999978542,4.8,1.3,4.8,-1.3,1.20433974266,-1.19837665558,-0.00919725280255,-0.597961425781,-0.257751464844,0.0,0.0
0.294724117947,0.101135141322,3.57217063461,2.53184369794,3.59644785621,-0.0680429566139,1.49999988079,-1.09999978542,4.8,1.3,4.8,-1.3,1.20434427261,-1.19837856293,-0.00933752860874,-0.597961425781,-0.247436523438,0.0,0.0
0.294761757195,0.10162745057,3.57393266112,2.53000920385,3.59636458846,-0.0698940267823,1.49999988079,-1.09999978542,4.8,1.3,4.8,-1.3,1.2043722868,-1.19908034801,-0.00862777139992,-0.597961425781,-0.237121582031,0.0,0.0
0.294761757195,0.10162745057,3.57393266112,2.53000920385,3.59636458846,-0.0698940267823,1.49999988079,-1.09999978542,4.8,1.3,4.8,-1.3,1.2043722868,-1.19908034801,-0.00862777139992,-0.597961425781,-0.247436523438,0.0,0.0
0.294706893949,0.102421135497,3.57252034683,2.5326348555,3.5964050531,-0.0672554346471,1.49999988079,-1.09999978542,4.8,1.3,4.8,-1.3,1.20436453819,-1.19970929623,-0.00918655470014,-0.597961425781,-0.237121582031,0.0,0.0
0.294597893738,0.103336345857,3.56948796154,2.53748810789,3.59649761219,-0.0623715957797,1.49999988079,-1.09999978542,4.8,1.3,4.8,-1.3,1.20434439182,-1.20027017593,-0.010388514027,-0.597961425781,-0.247436523438,0.0,0.0
0.294405238395,0.105483037502,3.56389845735,2.54687891856,3.59666371632,-0.052914618976,1.49999988079,-1.09999978542,4.8,1.3,4.8,-1.3,1.20428872108,-1.20176434517,-0.0126023562625,-0.597961425781,-0.237121582031,0.0,0.0
0.294390728404,0.10582656732,3.5634380104,2.547819529,3.59667808009,-0.0519679811199,1.49999988079,-1.09999978542,4.8,1.3,4.8,-1.3,1.20428025723,-1.20205402374,-0.012784990482,-0.597961425781,-0.247436523438,0.0,0.0
0.294335647587,0.107755879116,3.56129605153,2.55254001598,3.59675656581,-0.0472181558332,1.49999988079,-1.09999978542,4.8,1.3,4.8,-1.3,1.20422196388,-1.20373129845,-0.0136390822008,-0.597961425781,-0.237121582031,0.0,0.0
0.29433330766,0.109780582247,3.56065407359,2.55541923317,3.59679465224,-0.0443295736539,1.49999988079,-1.09999978542,4.8,1.3,4.8,-1.3,1.20416903496,-1.20567846298,-0.0139006702229,-0.597961425781,-0.247436523438,0.0,0.0
0.294334605675,0.110205337266,3.5606015561,2.55591586089,3.59679934055,-0.043832150054,1.49999988079,-1.09999978542,4.8,1.3,4.8,-1.3,1.20415949821,-1.20609664917,-0.0139226745814,-0.597961425781,-0.237121582031,0.0,0.0
0.294402686578,0.111846844942,3.5617396527,2.55612770168,3.59679969301,-0.0436359017256,1.49999988079,-1.09999978542,4.8,1.3,4.8,-1.3,1.20411574841,-1.20786654949,-0.0134850395843,-0.597961425781,-0.237121582031,0.0,0.0
0.294508094249,0.114056599216,3.56352657222,2.55608811979,3.59679730692,-0.0436989980721,1.49999988079,-1.09999978542,4.8,1.3,4.8,-1.3,1.20405638218,-1.21027839184,-0.0127967856824,-0.597961425781,-0.237121582031,0.0,0.0
0.294508094249,0.114056599216,3.56352657222,2.55608811979,3.59679730692,-0.0436989980721,1.49999988079,-1.09999978542,4.8,1.3,4.8,-1.3,1.20405638218,-1.21027839184,-0.0127967856824,-0.597961425781,-0.237121582031,-0.0206298828125,0.0
0.294528009945,0.114524429284,3.56385729945,2.55613982767,3.59679711569,-0.0436515040572,1.49999988079,-1.09999978542,4.8,1.3,4.8,-1.3,1.20404458046,-1.21078360081,-0.0126694990322,-0.597961425781,-0.237121582031,-0.113403320312,0.0
0.294526951144,0.11660602611,3.56364046589,2.55851032082,3.59681002177,-0.0412780899063,1.49999988079,-1.09999978542,4.8,1.3,4.8,-1.3,1.20400929451,-1.21283888817,-0.0127578675747,-0.597961425781,-0.237121582031,-0.134033203125,0.0
0.29469315882,0.117689626951,3.56724698683,2.55498140259,3.59675029833,-0.044851198678,1.49999988079,-1.09999978542,4.8,1.3,4.8,-1.3,1.20399022102,-1.21433782578,-0.0113476710394,-0.597961425781,-0.237121582031,-0.237121582031,0.0
0.294829390527,0.118338212099,3.57004700055,2.55204923927,3.59670677921,-0.0478140756369,1.49999988079,-1.09999978542,4.8,1.3,4.8,-1.3,1.20397257805,-1.21530866623,-0.0102539407089,-0.597961425781,-0.237121582031,-0.247436523438,0.0
0.295544226498,0.121188205481,3.5831075417,2.53819610893,3.59653308592,-0.0617692282933,1.49999988079,-1.09999978542,4.8,1.3,4.8,-1.3,1.20383381844,-1.21966028214,-0.00516369380057,-0.597961425781,-0.237121582031,-0.257751464844,0.0
0.295824944377,0.122472639573,3.58771514806,2.53358413506,3.59648057427,-0.0664010893747,1.49999988079,-1.09999978542,4.8,1.3,4.8,-1.3,1.20376372337,-1.2214744091,-0.00337132415734,-0.597961425781,-0.237121582031,-0.247436523438,0.0
0.296204099228,0.123208746353,3.59457917514,2.52544137777,3.59633882012,-0.0745580267782,1.49999988079,-1.09999978542,4.8,1.3,4.8,-1.3,1.20371246338,-1.22300803661,-0.000676786585245,-0.597961425781,-0.247436523438,-0.247436523438,0.0
0.296204099228,0.123208746353,3.59457917514,2.52544137777,3.59633882012,-0.0745580267782,1.49999988079,-1.09999978542,4.8,1.3,4.8,-1.3,1.20371246338,-1.22300803661,-0.000676786585245,-0.597961425781,-0.237121582031,-0.247436523438,0.0
0.296969373013,0.123399109137,3.60903695115,2.50671782778,3.59591836267,-0.0932490763621,1.49999988079,-1.09999978542,4.8,1.3,4.8,-1.3,1.20365691185,-1.22489571571,0.00504563236609,-0.597961425781,-0.237121582031,-0.257751464844,0.0
0.29706119436,0.123559182265,3.61059124081,2.504844211,3.59587656452,-0.0951141498748,1.49999988079,-1.09999978542,4.8,1.3,4.8,-1.3,1.20364272594,-1.225238204,0.00565952109173,-0.597961425781,-0.237121582031,-0.247436523438,0.0
0.2957682375,0.119146761402,3.59833672516,2.51561094201,3.5955522755,-0.0843875669997,1.49999988079,-1.09999966621,4.8,1.3,4.8,-1.3,1.20435941219,-1.21946310997,0.00107094238047,-0.597961425781,-0.237121582031,-0.257751464844,0.0
0.2957682375,0.119146761402,3.59833672516,2.51561094201,3.5955522755,-0.0843875669997,1.49999988079,-1.09999966621,4.8,1.3,4.8,-1.3,1.20435941219,-1.21946310997,0.00107094238047,-0.597961425781,-0.237121582031,-0.247436523438,0.0
0.29569880541,0.118939667367,3.597712296,2.5161683841,3.59552988383,-0.0838306999485,1.49999988079,-1.099999547,4.8,1.3,4.8,-1.3,1.20440101624,-1.21918737888,0.000839389394969,-0.597961425781,-0.237121582031,-0.237121582031,0.0
0.295413452858,0.118021212909,3.59556301301,2.51781490746,3.59540111167,-0.0821850875019,1.49999988079,-1.09999918938,4.8,1.3,4.8,-1.3,1.20459377766,-1.21803879738,6.22697480139e-05,-0.597961425781,-0.237121582031,-0.247436523438,0.0
0.295008933679,0.116825422744,3.59248462743,2.52029186622,3.59521744781,-0.0797066975685,1.49999988079,-1.09999918938,4.8,1.3,4.8,-1.3,1.20486831665,-1.21651446819,-0.00105108495336,-0.597961425781,-0.237121582031,-0.237121582031,0.0
0.295008933679,0.116825422744,3.59248462743,2.52029186622,3.59521744781,-0.0797066975685,1.49999988079,-1.09999918938,4.8,1.3,4.8,-1.3,1.20486831665,-1.21651446819,-0.00105108495336,-0.597961425781,-0.237121582031,-0.247436523438,0.0
0.294112162629,0.113939153075,3.58715887836,2.52347027423,3.59467678971,-0.0765188567058,1.49999988079,-1.09999918938,4.8,1.3,4.8,-1.3,1.20555949211,-1.21308743954,-0.00289150839671,-0.597961425781,-0.237121582031,-0.257751464844,0.0
0.294030403397,0.113573102058,3.58701921605,2.52318335592,3.59459960632,-0.0768055936126,1.49999988079,-1.09999918938,4.8,1.3,4.8,-1.3,1.20563960075,-1.21271455288,-0.00291553884745,-0.597961425781,-0.237121582031,-0.247436523438,0.0
0.291288894606,0.103928350155,3.57757513823,2.5226717472,3.59237393152,-0.0772861362507,1.49999988079,-1.09999918938,4.8,1.3,4.8,-1.3,1.20812416077,-1.20226788521,-0.00569187430665,-0.597961425781,-0.237121582031,-0.257751464844,0.0
0.290761958159,0.101898394671,3.57653851629,2.52133413588,3.59188510245,-0.0786205718586,1.49999988079,-1.09999918938,4.8,1.3,4.8,-1.3,1.20864152908,-1.20017957687,-0.0059025674127,-0.597961425781,-0.237121582031,-0.247436523438,0.0
0.29062986739,0.101362012832,3.57634391068,2.52088265161,3.59175767485,-0.0790716587289,1.49999988079,-1.09999918938,4.8,1.3,4.8,-1.3,1.20877420902,-1.19963645935,-0.00592840556055,-0.597961425781,-0.237121582031,-0.257751464844,0.0
0.29062986739,0.101362012832,3.57634391068,2.52088265161,3.59175767485,-0.0790716587289,1.49999988079,-1.09999918938,4.8,1.3,4.8,-1.3,1.20877420902,-1.19963645935,-0.00592840556055,-0.597961425781,-0.237121582031,-0.247436523438,0.0
0.29062986739,0.101362012832,3.57634391068,2.52088265161,3.59175767485,-0.0790716587289,1.49999988079,-1.09999918938,4.8,1.3,4.8,-1.3,1.20877420902,-1.19963645935,-0.00592840556055,-0.597961425781,-0.237121582031,-0.257751464844,0.0
0.290155081998,0.0989527995642,3.57734880059,2.5164627483,3.59117188026,-0.0835005057621,1.49999988079,-1.09999918938,4.8,1.3,4.8,-1.3,1.20932281017,-1.19740796089,-0.00531659414992,-0.597961425781,-0.237121582031,-0.247436523438,0.0
0.290036083752,0.0983242299948,3.57766364367,2.51524415483,3.59102008216,-0.0847215383233,1.49999988079,-1.09999918938,4.8,1.3,4.8,-1.3,1.20946252346,-1.19683218002,-0.00513711431995,-0.597961425781,-0.237121582031,-0.257751464844,0.0
0.289366034603,0.0952239117509,3.57788023141,2.51093732049,3.59028264445,-0.0890330986009,1.49999988079,-1.09999918938,4.8,1.3,4.8,-1.3,1.2101829052,-1.19384169579,-0.00477017695084,-0.597961425781,-0.237121582031,-0.247436523438,0.0
0.28838131116,0.0865370669985,3.59133440256,2.48247065786,3.58813263759,-0.117527370737,1.49999988079,-1.09999918938,4.8,1.3,4.8,-1.3,1.21172535419,-1.18689131737,0.00123144837562,-0.597961425781,-0.237121582031,-0.257751464844,0.0
0.287745886172,0.0849824746599,3.5850233064,2.48872091922,3.58797060104,-0.111277410286,1.49999988079,-1.09999918938,4.8,1.3,4.8,-1.3,1.2121578455,-1.18465542793,-0.00113357510418,-0.597961425781,-0.237121582031,-0.247436523438,0.0
0.285824793305,0.0794503060992,3.56682749933,2.50535593881,3.58729723949,-0.0945634810403,1.49999988079,-1.09999918938,4.8,1.3,4.8,-1.3,1.21355843544,-1.1771967411,-0.00787305831909,-0.597961425781,-0.237121582031,-0.257751464844,0.0
0.285725570099,0.0790456334293,3.56622322197,2.50563419597,3.58723416793,-0.094280906518,1.49999988079,-1.09999918938,4.8,1.3,4.8,-1.3,1.21364486217,-1.17673325539,-0.00808122102171,-0.597961425781,-0.237121582031,-0.247436523438,0.0
0.28487130839,0.0756520468642,3.5608872765,2.5082877106,3.58669400878,-0.0915842117438,1.49999988079,-1.09999918938,4.8,1.3,4.8,-1.3,1.21439170837,-1.17281997204,-0.00992582924664,-0.597961425781,-0.237121582031,-0.237121582031,0.0
0.284512642702,0.0736661587568,3.56065178331,2.50613593805,3.58632687084,-0.0937372876836,1.49999988079,-1.09999918938,4.8,1.3,4.8,-1.3,1.21477365494,-1.1708521843,-0.00987519416958,-0.597961425781,-0.237121582031,-0.257751464844,0.0
0.284512642702,0.0736661587568,3.56065178331,2.50613593805,3.58632687084,-0.0937372876836,1.49999988079,-1.09999918938,4.8,1.3,4.8,-1.3,1.21477365494,-1.1708521843,-0.00987519416958,-0.597961425781,-0.237121582031,-0.247436523438,0.0
0.283457335166,0.0684181978739,3.56116307022,2.49877660975,3.58516301755,-0.101112619144,1.49999988079,-1.09999918938,4.8,1.3,4.8,-1.3,1.21592307091,-1.16579794884,-0.00923088006675,-0.597961425781,-0.237121582031,-0.257751464844,0.0
0.283310405239,0.0677933565908,3.56129668411,2.49777336708,3.58499649463,-0.1021186151,1.49999988079,-1.09999918938,4.8,1.3,4.8,-1.3,1.21608328819,-1.16520726681,-0.00911543797702,-0.597961425781,-0.237121582031,-0.247436523438,0.0
0.278350269621,0.0579873269312,3.54839829413,2.4986394556,3.58057266887,-0.101161461704,1.49999988079,-1.09999918938,4.8,1.3,4.8,-1.3,1.2209533453,-1.15453755856,-0.0123750753701,-0.597961425781,-0.237121582031,-0.257751464844,0.0
0.278350269621,0.0579873269312,3.54839829413,2.4986394556,3.58057266887,-0.101161461704,1.49999988079,-1.09999918938,4.8,1.3,4.8,-1.3,1.2209533453,-1.15453755856,-0.0123750753701,-0.597961425781,-0.237121582031,-0.247436523438,0.0
0.277629642831,0.0579916923621,3.54548922956,2.50157320669,3.57999333309,-0.0981978345396,1.49999988079,-1.09999918938,4.8,1.3,4.8,-1.3,1.22162508965,-1.15430140495,-0.013271198608,-0.597961425781,-0.237121582031,-0.257751464844,0.0
0.276917180535,0.0579949690581,3.54499832891,2.50128015573,3.57926669452,-0.0984940035193,1.49999988079,-1.09999918938,4.8,1.3,4.8,-1.3,1.22234237194,-1.15433931351,-0.0131805222481,-0.597961425781,-0.237121582031,-0.247436523438,0.0
0.276183055077,0.0582166927392,3.54504136249,2.50046202478,3.5784826154,-0.099322905291,1.49999988079,-1.09999918938,4.8,1.3,4.8,-1.3,1.22309088707,-1.1546587944,-0.0128623750061,-0.597961425781,-0.237121582031,-0.257751464844,0.0
0.275399345568,0.0587465167901,3.54482410202,2.50023349355,3.57766227197,-0.099559124061,1.49999988079,-1.09999918938,4.8,1.3,4.8,-1.3,1.2238805294,-1.15526270866,-0.0126304011792,-0.597961425781,-0.237121582031,-0.247436523438,0.0
0.26965571893,0.0670941458346,3.56686308741,2.47092867945,3.56988615185,-0.129069563062,1.49999988079,-1.09999918938,4.8,1.3,4.8,-1.3,1.23026633263,-1.16677975655,-0.00116271735169,-0.597961425781,-0.237121582031,-0.257751464844,0.0
0.269366404873,0.0675735610942,3.56986660649,2.46688498626,3.56932477274,-0.133114957285,1.49999988079,-1.09999918938,4.8,1.3,4.8,-1.3,1.23064756393,-1.16762888432,0.000208397599636,-0.597961425781,-0.237121582031,-0.247436523438,0.0
0.267638924386,0.067320753831,3.60806404282,2.41072787252,3.56375100789,-0.188894476007,1.49999988079,-1.09999918938,4.8,1.3,4.8,-1.3,1.23354721069,-1.17187166214,0.0170443002135,-0.597961425781,-0.226806640625,-0.247436523438,0.0
0.267149625854,0.0670038568689,3.610964368,2.40557176608,3.56288726849,-0.193983694475,1.49999988079,-1.09999918938,4.8,1.3,4.8,-1.3,1.23413491249,-1.1719315052,0.0184922460467,-0.597961425781,-0.237121582031,-0.247436523438,0.0
0.266854756891,0.0668213656394,3.61231093981,2.40304049577,3.56240830769,-0.196480561526,1.49999988079,-1.09999918938,4.8,1.3,4.8,-1.3,1.23447680473,-1.17193007469,0.0191944986582,-0.597961425781,-0.226806640625,-0.247436523438,0.0
0.266379339592,0.0664120926675,3.61460975517,2.39865349956,3.56161762863,-0.200806412526,1.49999988079,-1.09999918938,4.8,1.3,4.8,-1.3,1.235029459,-1.17182672024,0.0203829985112,-0.597961425781,-0.237121582031,-0.247436523438,0.0
0.266379339592,0.0664120926675,3.61460975517,2.39865349956,3.56161762863,-0.200806412526,1.49999988079,-1.09999918938,4.8,1.3,4.8,-1.3,1.235029459,-1.17182672024,0.0203829985112,-0.597961425781,-0.226806640625,-0.247436523438,0.0
0.265923414107,0.0658422030373,3.61682537633,2.39424357208,3.56085319089,-0.205153880113,1.49999988079,-1.09999918938,4.8,1.3,4.8,-1.3,1.23555552959,-1.17155086994,0.0215294267982,-0.597961425781,-0.237121582031,-0.257751464844,0.0
0.265923414107,0.0658422030373,3.61682537633,2.39424357208,3.56085319089,-0.205153880113,1.49999988079,-1.09999918938,4.8,1.3,4.8,-1.3,1.23555552959,-1.17155086994,0.0215294267982,-0.597961425781,-0.237121582031,-0.257751464844,0.0
0.265923414107,0.0658422030373,3.61682537633,2.39424357208,3.56085319089,-0.205153880113,1.49999988079,-1.09999918938,4.8,1.3,4.8,-1.3,1.23555552959,-1.17155086994,0.0215294267982,-0.597961425781,-0.226806640625,-0.247436523438,0.0
0.265923414107,0.0658422030373,3.61682537633,2.39424357208,3.56085319089,-0.205153880113,1.49999988079,-1.09999918938,4.8,1.3,4.8,-1.3,1.23555552959,-1.17155086994,0.0215294267982,-0.597961425781,-0.226806640625,-0.247436523438,0.0
0.265520066778,0.0649060865842,3.6202788586,2.38774709373,3.55999589066,-0.211553959205,1.49999988079,-1.09999918938,4.8,1.3,4.8,-1.3,1.2360560894,-1.17104411125,0.0231878347695,-0.597961425781,-0.237121582031,-0.247436523438,0.0
0.264923941591,0.0615872292766,3.63389717267,2.36376364824,3.55763821112,-0.235117759362,1.49999988079,-1.09999918938,4.8,1.3,4.8,-1.3,1.23699629307,-1.1693302393,0.0293345768005,-0.597961425781,-0.226806640625,-0.247436523438,0.0
0.264745625063,0.0597975469155,3.64104432524,2.35121719049,3.55649683074,-0.247407776905,1.49999988079,-1.09999918938,4.8,1.3,4.8,-1.3,1.23733878136,-1.16837418079,0.0325240008533,-0.597961425781,-0.237121582031,-0.247436523438,0.0
0.264468398272,0.0569150891329,3.65084765215,2.33341073918,3.55483165683,-0.264815757615,1.49999988079,-1.09999918938,4.8,1.3,4.8,-1.3,1.23781371117,-1.16664206982,0.0369376279414,-0.597961425781,-0.226806640625,-0.247436523438,0.0
0.263294793455,0.0504750409003,3.65577351303,2.3178711318,3.55278244894,-0.280088229064,1.49999988079,-1.09999918938,4.8,1.3,4.8,-1.3,1.23891115189,-1.16086423397,0.0396223142743,-0.597961425781,-0.226806640625,-0.257751464844,0.0
0.263198001645,0.050034864919,3.65546620617,2.31774589685,3.55271633177,-0.280223014299,1.49999988079,-1.09999918938,4.8,1.3,4.8,-1.3,1.23898482323,-1.16039633751,0.0395294763148,-0.597961425781,-0.226806640625,-0.247436523438,0.0
0.259532219439,0.0259286877154,3.66685746485,2.27095242206,3.54677347769,-0.326272989031,1.49999988079,-1.09999918938,4.8,1.3,4.8,-1.3,1.24194216728,-1.13788700104,0.0462025851011,-0.597961425781,-0.216522216797,-0.247436523438,0.0
0.259532219439,0.0259286877154,3.66685746485,2.27095242206,3.54677347769,-0.326272989031,1.49999988079,-1.09999918938,4.8,1.3,4.8,-1.3,1.24194216728,-1.13788700104,0.0462025851011,-0.597961425781,-0.226806640625,-0.247436523438,0.0
0.258818260607,0.0220973967596,3.66318157202,2.27161008614,3.54652087063,-0.325771341518,1.49999988079,-1.09999918938,4.8,1.3,4.8,-1.3,1.24243378639,-1.13368737698,0.044884569943,-0.597961425781,-0.216522216797,-0.257751464844,0.0
0.258818260607,0.0220973967596,3.66318157202,2.27161008614,3.54652087063,-0.325771341518,1.49999988079,-1.09999918938,4.8,1.3,4.8,-1.3,1.24243378639,-1.13368737698,0.044884569943,-0.597961425781,-0.216522216797,-0.257751464844,0.0
0.258393941334,0.0203206249217,3.6580771829,2.27690006132,3.54681205715,-0.320718092252,1.49999988079,-1.09999918938,4.8,1.3,4.8,-1.3,1.24271225929,-1.13135898113,0.0428073517978,-0.597961425781,-0.216522216797,-0.247436523438,0.0
0.257329266675,0.0163669499701,3.64496050882,2.2909991099,3.54751501475,-0.307174166781,1.49999988079,-1.09999918938,4.8,1.3,4.8,-1.3,1.24346482754,-1.12599909306,0.0374878160655,-0.597961425781,-0.226806640625,-0.247436523438,0.0
0.256596753841,0.0129819984876,3.64132065736,2.29193811758,3.54719296317,-0.306357473225,1.49999988079,-1.09999918938,4.8,1.3,4.8,-1.3,1.24404132366,-1.12226223946,0.0362108722329,-0.597961425781,-0.216522216797,-0.257751464844,0.0
0.256502726075,0.0125420720726,3.64098189237,2.29186163473,3.54713320758,-0.306444048666,1.49999988079,-1.09999918938,4.8,1.3,4.8,-1.3,1.24411702156,-1.12179172039,0.0361034907401,-0.597961425781,-0.216522216797,-0.257751464844,0.0
0.256150912592,0.0108345747997,3.64005667641,2.29100533099,3.54686152153,-0.307323875081,1.49999988079,-1.09999918938,4.8,1.3,4.8,-1.3,1.24440193176,-1.12000834942,0.035851970315,-0.597961425781,-0.216522216797,-0.247436523438,0.0
0.255993289808,0.010063158119,3.63960999096,2.29066284141,3.54674420222,-0.307678157239,1.49999988079,-1.09999918938,4.8,1.3,4.8,-1.3,1.24452936649,-1.11919939518,0.035725209862,-0.597961425781,-0.216522216797,-0.257751464844,0.0
0.255993289808,0.010063158119,3.63960999096,2.29066284141,3.54674420222,-0.307678157239,1.49999988079,-1.09999918938,4.8,1.3,4.8,-1.3,1.24452936649,-1.11919939518,0.035725209862,-0.597961425781,-0.216522216797,-0.247436523438,0.0
0.255701805983,0.00868791282339,3.63828425992,2.29082130904,3.54659642682,-0.30756152289,1.49999988079,-1.09999918938,4.8,1.3,4.8,-1.3,1.24476349354,-1.11769890785,0.0352718643844,-0.597961425781,-0.216522216797,-0.257751464844,0.0
0.255636598355,0.00839060427266,3.63780080984,2.29114379776,3.54658911453,-0.30725579173,1.49999988079,-1.09999918938,4.8,1.3,4.8,-1.3,1.24481499195,-1.11735272408,0.0350886210799,-0.597961425781,-0.216522216797,-0.247436523438,0.0
0.255175935099,0.00613273862675,3.63118885962,2.29797340265,3.54696542494,-0.300662087958,1.49999988079,-1.09999918938,4.8,1.3,4.8,-1.3,1.24515652657,-1.11439478397,0.0323992967606,-0.597961425781,-0.216522216797,-0.257751464844,0.0
0.255091471099,0.00678232434049,3.61686241685,2.31946323706,3.54871581747,-0.279643540465,1.49999988079,-1.09999918938,4.8,1.3,4.8,-1.3,1.24517381191,-1.11346518993,0.0262132324278,-0.597961425781,-0.216522216797,-0.247436523438,0.0
0.255127914713,0.00756920186754,3.60375756399,2.33923735317,3.5503204073,-0.260213448498,1.49999988079,-1.09999918938,4.8,1.3,4.8,-1.3,1.24508142471,-1.11281037331,0.0205541998148,-0.597961425781,-0.216522216797,-0.257751464844,0.0
0.255127914713,0.00756920186754,3.60375756399,2.33923735317,3.5503204073,-0.260213448498,1.49999988079,-1.09999918938,4.8,1.3,4.8,-1.3,1.24508142471,-1.11281037331,0.0205541998148,-0.597961425781,-0.226806640625,-0.247436523438,0.0
0.255127914713,0.00756920186754,3.60375756399,2.33923735317,3.5503204073,-0.260213448498,1.49999988079,-1.09999918938,4.8,1.3,4.8,-1.3,1.24508142471,-1.11281037331,0.0205541998148,-0.597961425781,-0.226806640625,-0.247436523438,0.0
0.255272091373,0.00860266331972,3.59015737255,2.35988679273,3.55197967373,-0.239832896644,1.49999988079,-1.09999918938,4.8,1.3,4.8,-1.3,1.24488162994,-1.11234927177,0.0146842580289,-0.597961425781,-0.216522216797,-0.247436523438,0.0
0.255272091373,0.00860266331972,3.59015737255,2.35988679273,3.55197967373,-0.239832896644,1.49999988079,-1.09999918938,4.8,1.3,4.8,-1.3,1.24488162994,-1.11234927177,0.0146842580289,-0.597961425781,-0.226806640625,-0.257751464844,0.0
0.255272091373,0.00860266331972,3.59015737255,2.35988679273,3.55197967373,-0.239832896644,1.49999988079,-1.09999918938,4.8,1.3,4.8,-1.3,1.24488162994,-1.11234927177,0.0146842580289,-0.597961425781,-0.226806640625,-0.257751464844,0.0
0.255500128372,0.0101502589842,3.57269023787,2.38633347441,3.55397512525,-0.213599167906,1.49999988079,-1.09999918938,4.8,1.3,4.8,-1.3,1.24457943439,-1.11198830605,0.00719818240032,-0.597961425781,-0.216522216797,-0.257751464844,0.0
0.255500128372,0.0101502589842,3.57269023787,2.38633347441,3.55397512525,-0.213599167906,1.49999988079,-1.09999918938,4.8,1.3,4.8,-1.3,1.24457943439,-1.11198830605,0.00719818240032,-0.597961425781,-0.216522216797,-0.247436523438,0.0
0.255770364578,0.0125128806811,3.54751258866,2.42382580645,3.55643758191,-0.176158875143,1.49999988079,-1.09999918938,4.8,1.3,4.8,-1.3,1.2441880703,-1.11163401604,-0.00343269645236,-0.597961425781,-0.216522216797,-0.257751464844,0.0
0.256102364292,0.0154451390557,3.51798238557,2.46700293413,3.55883777959,-0.132676053126,1.49999988079,-1.09999918938,4.8,1.3,4.8,-1.3,1.24368643761,-1.11141812801,-0.0157142598182,-0.597961425781,-0.216522216797,-0.247436523438,0.0
0.256504121861,0.0183985430341,3.49035148489,2.50681734389,3.56070785554,-0.0922305550774,1.49999988079,-1.09999918938,4.8,1.3,4.8,-1.3,1.24309182167,-1.11144995689,-0.0270634461194,-0.597961425781,-0.216522216797,-0.257751464844,0.0
0.256587527311,0.0190125448485,3.48480150963,2.51473516167,3.56103289802,-0.0841470548619,1.49999988079,-1.09999918938,4.8,1.3,4.8,-1.3,1.24296522141,-1.11148047447,-0.0293239671737,-0.597961425781,-0.216522216797,-0.247436523438,0.0
0.2569509117,0.0213896881552,3.46432206219,2.54384230392,3.5621391979,-0.0543170075827,1.49999988079,-1.09999918938,4.8,1.3,4.8,-1.3,1.242426157,-1.1117067337,-0.0376308560371,-0.597961425781,-0.216522216797,-0.257751464844,0.0
0.257244921783,0.0231495579146,3.45014059804,2.56390025334,3.56281205832,-0.0336572805836,1.49999988079,-1.09999918938,4.8,1.3,4.8,-1.3,1.24199342728,-1.11197924614,-0.0433487519622,-0.597961425781,-0.216522216797,-0.247436523438,0.0
0.257470519773,0.0241813199804,3.44265934166,2.57458698668,3.56319449178,-0.0226175254082,1.49999988079,-1.09999918938,4.8,1.3,4.8,-1.3,1.24168515205,-1.11221826077,-0.0463762953877,-0.597961425781,-0.216522216797,-0.257751464844,0.0
0.258105105542,0.0265523297462,3.42843378225,2.59540673929,3.56404506094,-0.00105423308836,1.49999988079,-1.09999918938,4.8,1.3,4.8,-1.3,1.24086117744,-1.11305308342,-0.0521818622947,-0.597961425781,-0.216522216797,-0.247436523438,0.0
0.258843470586,0.0286505516084,3.42054590359,2.60811456976,3.56485737536,0.0121226207875,1.49999988079,-1.09999918938,4.8,1.3,4.8,-1.3,1.23996520042,-1.1142386198,-0.0555329509079,-0.597961425781,-0.216522216797,-0.257751464844,0.0
0.258843470586,0.0286505516084,3.42054590359,2.60811456976,3.56485737536,0.0121226207875,1.49999988079,-1.09999918938,4.8,1.3,4.8,-1.3,1.23996520042,-1.1142386198,-0.0555329509079,-0.597961425781,-0.216522216797,-0.247436523438,0.0
0.259315730431,0.0298776970862,3.4176697938,2.61344045154,3.56534829191,0.0176378663686,1.49999988079,-1.09999918938,4.8,1.3,4.8,-1.3,1.23940575123,-1.1150996685,-0.0568300075829,-0.597961425781,-0.216522216797,-0.257751464844,0.0
0.260307972463,0.0322993622718,3.41516569854,2.62013042785,3.56635406206,0.0245299041304,1.49999988079,-1.09999918938,4.8,1.3,4.8,-1.3,1.23825418949,-1.11710715294,-0.0581821911037,-0.597961425781,-0.216522216797,-0.247436523438,0.0
0.262305599686,0.037197261788,3.41601960596,2.62642202267,3.56835479945,0.0308885536502,1.49999988079,-1.09999918938,4.8,1.3,4.8,-1.3,1.23596549034,-1.12176394463,-0.0586240328848,-0.597961425781,-0.216522216797,-0.257751464844,0.0
0.262305599686,0.037197261788,3.41601960596,2.62642202267,3.56835479945,0.0308885536502,1.49999988079,-1.09999918938,4.8,1.3,4.8,-1.3,1.23596549034,-1.12176394463,-0.0586240328848,-0.597961425781,-0.216522216797,-0.185577392578,0.0
0.263356350791,0.0391681020296,3.42169819098,2.622745799,3.56938897014,0.0269439125445,1.49999988079,-1.09999918938,4.8,1.3,4.8,-1.3,1.23484385014,-1.12414431572,-0.0568347387016,-0.597961425781,-0.216522216797,0.0,0.0
0.263356350791,0.0391681020296,3.42169819098,2.622745799,3.56938897014,0.0269439125445,1.49999988079,-1.09999918938,4.8,1.3,4.8,-1.3,1.23484385014,-1.12414431572,-0.0568347387016,-0.597961425781,-0.216522216797,0.0,0.0
0.26515653671,0.0415748748,3.43980394226,2.60509018512,3.57104535035,0.00840466453564,1.49999988079,-1.09999918938,4.8,1.3,4.8,-1.3,1.2330827713,-1.12813663483,-0.0504989251494,-0.597961425781,-0.226806640625,0.0,0.0
0.269548381222,0.0492751418468,3.48973957609,2.55534089603,3.57430768066,-0.0432834007286,1.49999988079,-1.09999918938,4.8,1.3,4.8,-1.3,1.22899138927,-1.14048087597,-0.0325319319963,-0.597961425781,-0.237121582031,0.0,0.0
0.271605842342,0.0684496674586,3.50557206268,2.55671399858,3.57580428798,-0.0423372580391,1.49999988079,-1.09999918938,4.8,1.3,4.8,-1.3,1.22664415836,-1.16108715534,-0.0270156804472,-0.587646484375,-0.237121582031,0.0,0.0
0.271605842342,0.0684496674586,3.50557206268,2.55671399858,3.57580428798,-0.0423372580391,1.49999988079,-1.09999918938,4.8,1.3,4.8,-1.3,1.22664415836,-1.16108715534,-0.0270156804472,-0.597961425781,-0.237121582031,0.0,0.0
0.258139247258,0.0744450845312,3.64451501561,2.35094591944,3.54850299841,-0.24728072436,1.49999988079,-1.09999918938,4.8,1.3,4.8,-1.3,1.24478578568,-1.18392598629,0.0369360968471,-0.597961425781,-0.247436523438,0.0,0.0
0.230222878623,0.0221496622646,3.55383709921,2.3893390101,3.52807971342,-0.21053340159,1.49999988079,-1.09999918938,4.8,1.3,4.8,-1.3,1.27000772953,-1.12442851067,0.00990684889257,-0.597961425781,-0.237121582031,0.0,0.0
0.229150608946,0.0191903306021,3.54729090813,2.39404650535,3.5275358439,-0.205878443072,1.49999988079,-1.09999918938,4.8,1.3,4.8,-1.3,1.27100169659,-1.12093007565,0.0075981747359,-0.597961425781,-0.247436523438,0.0,0.0
0.218098860706,-0.00639372285915,3.54866694701,2.35100168697,3.51525646078,-0.248783638671,1.49999988079,-1.09999918938,4.8,1.3,4.8,-1.3,1.28183686733,-1.09640860558,0.0128505406901,-0.587646484375,-0.247436523438,0.0,0.0
0.217858356148,-0.00574991746235,3.5541446091,2.34354592047,3.51441726421,-0.256150549899,1.49999988079,-1.09999918938,4.8,1.3,4.8,-1.3,1.28207910061,-1.09757876396,0.0152803426608,-0.597961425781,-0.247436523438,0.0,0.0
0.217238072263,0.0008160542033,3.57740369275,2.31582877527,3.51106034551,-0.283324656191,1.49999988079,-1.09999918938,4.8,1.3,4.8,-1.3,1.28285336494,-1.10635817051,0.0255194418132,-0.597961425781,-0.257751464844,0.0,0.0
0.217364799779,0.000513735678117,3.57795849303,2.31490500006,3.51113446872,-0.284236117648,1.49999988079,-1.09999918938,4.8,1.3,4.8,-1.3,1.28272008896,-1.10609936714,0.0257043782622,-0.597961425781,-0.247436523438,0.0,0.0
0.218422499557,-0.00861529398284,3.58062793851,2.30343390143,3.51199296839,-0.29566002547,1.49999988079,-1.09999918938,4.8,1.3,4.8,-1.3,1.28142607212,-1.09715282917,0.0264011323452,-0.597961425781,-0.257751464844,0.0,0.0
0.218513899727,-0.00999512695651,3.57641677939,2.3082984581,3.51261213004,-0.290918532979,1.49999988079,-1.09999918938,4.8,1.3,4.8,-1.3,1.2813065052,-1.0953694582,0.0245427135378,-0.597961425781,-0.247436523438,0.0,0.0
0.218579111037,-0.011620379141,3.57280345384,2.31199231534,3.51311844626,-0.287322536672,1.49999988079,-1.09999918938,4.8,1.3,4.8,-1.3,1.28121161461,-1.09339952469,0.0229577887803,-0.597961425781,-0.257751464844,0.0,0.0
0.218592978439,-0.0125563206249,3.57152120636,2.3129262517,3.51328552678,-0.286421475253,1.49999988079,-1.09999918938,4.8,1.3,4.8,-1.3,1.28118050098,-1.09234213829,0.0224002115428,-0.597961425781,-0.247436523438,0.0,0.0
0.21860555231,-0.0150558761849,3.56819450201,2.31523396928,3.51368756151,-0.284194620518,1.49999988079,-1.09999918938,4.8,1.3,4.8,-1.3,1.28112673759,-1.08952951431,0.0209657438099,-0.597961425781,-0.257751464844,0.0,0.0
0.218593089712,-0.0162103839963,3.5676689455,2.31481681618,3.51373426989,-0.284623710315,1.49999988079,-1.09999918938,4.8,1.3,4.8,-1.3,1.28111755848,-1.08832681179,0.0207455940545,-0.597961425781,-0.247436523438,0.0,0.0
0.218460017494,-0.0206162930463,3.5658901805,2.31277355856,3.51378977967,-0.286704379071,1.49999988079,-1.09999918938,4.8,1.3,4.8,-1.3,1.28117060661,-1.08376467228,0.0200399570167,-0.597961425781,-0.257751464844,0.0,0.0
0.218422163567,-0.0213682399379,3.56636187382,2.31129045612,3.51369373183,-0.288176040456,1.49999988079,-1.09999918938,4.8,1.3,4.8,-1.3,1.2811896801,-1.08305990696,0.0202583633363,-0.587646484375,-0.257751464844,0.0,0.0
0.218422163567,-0.0213682399379,3.56636187382,2.31129045612,3.51369373183,-0.288176040456,1.49999988079,-1.09999918938,4.8,1.3,4.8,-1.3,1.2811896801,-1.08305990696,0.0202583633363,-0.597961425781,-0.257751464844,0.0,0.0
0.21822467654,-0.0251743927374,3.56781184229,2.30511801699,3.51330689177,-0.29431061453,1.49999988079,-1.09999918938,4.8,1.3,4.8,-1.3,1.28129541874,-1.07940506935,0.0209649782628,-0.597961425781,-0.247436523438,0.0,0.0
0.21822467654,-0.0251743927374,3.56781184229,2.30511801699,3.51330689177,-0.29431061453,1.49999988079,-1.09999918938,4.8,1.3,4.8,-1.3,1.28129541874,-1.07940506935,0.0209649782628,-0.597961425781,-0.257751464844,0.0,0.0
0.217954586529,-0.0293121331808,3.56974541682,2.29780950648,3.51278064181,-0.301566382922,1.49999988079,-1.09999918938,4.8,1.3,4.8,-1.3,1.28145539761,-1.07546937466,0.0219112820923,-0.597961425781,-0.247436523438,0.0,0.0
0.217954586529,-0.0293121331808,3.56974541682,2.29780950648,3.51278064181,-0.301566382922,1.49999988079,-1.09999918938,4.8,1.3,4.8,-1.3,1.28145539761,-1.07546937466,0.0219112820923,-0.597961425781,-0.257751464844,0.0,0.0
0.217642242346,-0.0332018663205,3.56737568963,2.29688026269,3.5127075556,-0.302544942067,1.49999988079,-1.09999918938,4.8,1.3,4.8,-1.3,1.28170764446,-1.07138085365,0.0210277549922,-0.597961425781,-0.26806640625,0.0,0.0
0.217642242346,-0.0332018663205,3.56737568963,2.29688026269,3.5127075556,-0.302544942067,1.49999988079,-1.09999918938,4.8,1.3,4.8,-1.3,1.28170764446,-1.07138085365,0.0210277549922,-0.597961425781,-0.257751464844,0.0,0.0
0.217358686344,-0.0364346807973,3.56140018208,2.30180897002,3.5130710057,-0.297741816307,1.49999988079,-1.09999918938,4.8,1.3,4.8,-1.3,1.28200149536,-1.06761109829,0.0185892153531,-0.597961425781,-0.26806640625,0.0,0.0
0.21600423437,-0.0469509255899,3.55928789034,2.2923761767,3.51180105241,-0.307190133327,1.49999988079,-1.09999918938,4.8,1.3,4.8,-1.3,1.28317415714,-1.0570012331,0.018265184015,-0.597961425781,-0.278350830078,0.0,0.0
0.21600423437,-0.0469509255899,3.55928789034,2.2923761767,3.51180105241,-0.307190133327,1.49999988079,-1.09999918938,4.8,1.3,4.8,-1.3,1.28317415714,-1.0570012331,0.018265184015,-0.597961425781,-0.26806640625,0.0,0.0
0.215576694897,-0.0493476723526,3.56568488958,2.28019562617,3.51059864203,-0.319220751657,1.49999988079,-1.09999918938,4.8,1.3,4.8,-1.3,1.28342604637,-1.05523002148,0.0211886037141,-0.597961425781,-0.278350830078,0.0,0.0
0.215205370479,-0.0513591592276,3.57061346677,2.27054381099,3.50960377103,-0.328740286029,1.49999988079,-1.09999918938,4.8,1.3,4.8,-1.3,1.28364861012,-1.05370402336,0.0234674215317,-0.597961425781,-0.26806640625,0.0,0.0
0.215205370479,-0.0513591592276,3.57061346677,2.27054381099,3.50960377103,-0.328740286029,1.49999988079,-1.09999918938,4.8,1.3,4.8,-1.3,1.28364861012,-1.05370402336,0.0234674215317,-0.597961425781,-0.278350830078,0.0,0.0
0.216123088806,-0.0512185601106,3.52933834075,2.33050383976,3.51496733146,-0.269456443416,1.49999988079,-1.09999918938,4.8,1.3,4.8,-1.3,1.28359699249,-1.04997599125,0.00552733941004,-0.597961425781,-0.26806640625,0.0,0.0
0.216123088806,-0.0512185601106,3.52933834075,2.33050383976,3.51496733146,-0.269456443416,1.49999988079,-1.09999918938,4.8,1.3,4.8,-1.3,1.28359699249,-1.04997599125,0.00552733941004,-0.597961425781,-0.278350830078,0.0,0.0
0.21746278417,-0.047360791664,3.479849821,2.4035222569,3.52016749112,-0.196165125359,1.49999988079,-1.09999918938,4.8,1.3,4.8,-1.3,1.28329765797,-1.04927194118,-0.015507417731,-0.597961425781,-0.26806640625,0.0,0.0
0.218031069452,-0.045435799271,3.45886310828,2.43387954813,3.52191064901,-0.165355917849,1.49999988079,-1.09999918938,4.8,1.3,4.8,-1.3,1.28313469887,-1.04928970337,-0.0242514312267,-0.597961425781,-0.278350830078,0.0,0.0
0.219933402923,-0.033266677184,3.41208734831,2.50841585309,3.52551697944,-0.0891086836124,1.49999988079,-1.09999918938,4.8,1.3,4.8,-1.3,1.28172719479,-1.05716919899,-0.0436406321824,-0.597961425781,-0.26806640625,0.0,0.0
0.219948194729,-0.031899887204,3.41067763282,2.51157068442,3.52556253856,-0.0858898943831,1.49999988079,-1.09999918938,4.8,1.3,4.8,-1.3,1.281676054,-1.05841171741,-0.0442008934915,-0.597961425781,-0.278350830078,0.0,0.0
0.219969824097,-0.027764306169,3.40425126988,2.52377416499,3.52571023325,-0.0733873086603,1.49999988079,-1.09999918938,4.8,1.3,4.8,-1.3,1.28156721592,-1.0619893074,-0.046731993556,-0.597961425781,-0.26806640625,0.0,0.0
0.219950206456,-0.0268099084888,3.40417732918,2.52479635555,3.52569158617,-0.0723625316438,1.49999988079,-1.09999918938,4.8,1.3,4.8,-1.3,1.28154301643,-1.0629389286,-0.0467532835901,-0.597961425781,-0.278350830078,0.0,0.0
0.219950206456,-0.0268099084888,3.40417732918,2.52479635555,3.52569158617,-0.0723625316438,1.49999988079,-1.09999918938,4.8,1.3,4.8,-1.3,1.28154301643,-1.0629389286,-0.0467532835901,-0.597961425781,-0.26806640625,0.0,0.0
0.219802997337,-0.0246870969882,3.40743108207,2.52266919714,3.52548066941,-0.0746494769834,1.49999988079,-1.09999918938,4.8,1.3,4.8,-1.3,1.28154444695,-1.06535768509,-0.0454193018377,-0.597961425781,-0.278350830078,0.0,0.0
0.207633650758,0.018971588794,3.40295759767,2.55666774281,3.51314495117,-0.0409963515494,1.49999988079,-1.09999918938,4.8,1.3,4.8,-1.3,1.29174876213,-1.11015427113,-0.0423924475908,-0.597961425781,-0.26806640625,0.0,0.0
0.207633650758,0.018971588794,3.40295759767,2.55666774281,3.51314495117,-0.0409963515494,1.49999988079,-1.09999918938,4.8,1.3,4.8,-1.3,1.29174876213,-1.11015427113,-0.0423924475908,-0.597961425781,-0.278350830078,0.0,0.0
0.206798225059,0.0205743787152,3.40596770156,2.55342091106,3.51221476292,-0.044407328439,1.49999988079,-1.09999918938,4.8,1.3,4.8,-1.3,1.29253363609,-1.1121057272,-0.0408756360412,-0.597961425781,-0.26806640625,0.0,0.0
0.206256722171,0.0215699444648,3.4082209375,2.55088251106,3.51159949432,-0.0470614594662,1.49999988079,-1.09999918938,4.8,1.3,4.8,-1.3,1.29304862022,-1.11335110664,-0.0397714674473,-0.597961425781,-0.278350830078,0.0,0.0
0.206256722171,0.0215699444648,3.4082209375,2.55088251106,3.51159949432,-0.0470614594662,1.49999988079,-1.09999918938,4.8,1.3,4.8,-1.3,1.29304862022,-1.11335110664,-0.0397714674473,-0.597961425781,-0.26806640625,0.0,0.0
0.204948657249,0.0237723125307,3.41555612225,2.5421044196,3.51003700739,-0.0561783522221,1.49999988079,-1.09999918938,4.8,1.3,4.8,-1.3,1.29432272911,-1.11630821228,-0.0363468043506,-0.597961425781,-0.278350830078,0.0,0.0
0.201927590819,0.0288847635576,3.41789345783,2.54037046688,3.50683809188,-0.058107713144,1.49999988079,-1.09999918938,4.8,1.3,4.8,-1.3,1.29720234871,-1.12195920944,-0.0342161506414,-0.597961425781,-0.26806640625,0.0,0.0
0.200808844569,0.0305405785029,3.41710281823,2.54160608358,3.50570795156,-0.0568836951871,1.49999988079,-1.09999918938,4.8,1.3,4.8,-1.3,1.29826688766,-1.12367868423,-0.0340854972601,-0.597961425781,-0.278350830078,0.0,0.0
0.200526004373,0.0309349058495,3.4168009697,2.54202475752,3.50542577305,-0.0564643504461,1.49999988079,-1.09999918938,4.8,1.3,4.8,-1.3,1.29853594303,-1.12408089638,-0.03409306705,-0.597961425781,-0.26806640625,0.0,0.0
0.199404849679,0.0323278091254,3.41635743418,2.54254950548,3.50428090917,-0.0559634274414,1.49999988079,-1.09999918938,4.8,1.3,4.8,-1.3,1.29961585999,-1.12556529045,-0.0338231697679,-0.597961425781,-0.278350830078,0.0,0.0
0.193724730422,0.0365878861753,3.41413643216,2.54067645766,3.49698920762,-0.0580030950361,1.50142741203,-1.10019373894,4.8,1.3,4.8,-1.3,1.30663514137,-1.13058972359,-0.0318718478084,-0.597961425781,-0.26806640625,0.0,0.0
0.192856604597,0.036242957077,3.41935407113,2.53193125893,3.49539331362,-0.0669565865945,1.5018941164,-1.10025906563,4.8,1.3,4.8,-1.3,1.30806005001,-1.13084626198,-0.0292500331998,-0.597961425781,-0.278350830078,0.0,0.0
0.191141435215,0.0348383600706,3.42773348796,2.51630901029,3.49225364819,-0.0828903181398,1.50282585621,-1.10038900375,4.8,1.3,4.8,-1.3,1.31087875366,-1.13047337532,-0.0248179938644,-0.597961425781,-0.26806640625,0.0,0.0
0.189310909155,0.033374961825,3.422156384,2.51861706536,3.48962175936,-0.0805074840042,1.50375545025,-1.10051870346,4.8,1.3,4.8,-1.3,1.31364226341,-1.12897014618,-0.025951134041,-0.597961425781,-0.278350830078,0.0,0.0
0.188348333062,0.0326983721515,3.41378433837,2.52699860489,3.48849832783,-0.0719276772117,1.5042194128,-1.10058355331,4.8,1.3,4.8,-1.3,1.31500923634,-1.12785601616,-0.0287401061505,-0.597961425781,-0.26806640625,0.0,0.0
0.187384074092,0.030249168204,3.40520706697,2.53222078106,3.48615897382,-0.0665186804469,1.50583732128,-1.1005705595,4.8,1.3,4.8,-1.3,1.3176022768,-1.12497079372,-0.0311403814703,-0.587646484375,-0.26806640625,0.0,0.0
0.187150248397,0.0295945803327,3.40527996527,2.53086015835,3.48570392843,-0.0678956951624,1.5060403347,-1.10052454472,4.8,1.3,4.8,-1.3,1.3180642128,-1.1243159771,-0.0309372283518,-0.597961425781,-0.278350830078,0.0,0.0
0.187312839366,0.0296128506181,3.40527996527,2.53086015835,3.48570392843,-0.0678956951624,1.50620341301,-1.10051131248,4.8,1.3,4.8,-1.3,1.3180642128,-1.1243159771,-0.0309372283518,-0.597961425781,-0.278350830078,0.0,0.0
0.187159498595,0.0285482360428,3.40616284817,2.52771714855,3.48501005681,-0.0710870221568,1.50668776035,-1.10040044785,4.8,1.3,4.8,-1.3,1.31874859333,-1.12325978279,-0.0303304996341,-0.597961425781,-0.26806640625,0.0,0.0
0.186235287557,0.0222834014922,3.41380437856,2.50759915441,3.48215577559,-0.0915022454049,1.50820994377,-1.09960722923,4.8,1.3,4.8,-1.3,1.32145321369,-1.11698698997,-0.0262920279056,-0.587646484375,-0.278350830078,0.0,0.0
0.186235287557,0.0222834014922,3.41380437856,2.50759915441,3.48215577559,-0.0915022454049,1.50820994377,-1.09960722923,4.8,1.3,4.8,-1.3,1.32145321369,-1.11698698997,-0.0262920279056,-0.587646484375,-0.278350830078,0.0,0.0
0.185959533071,0.0197728176298,3.42003245378,2.49592775292,3.48136019493,-0.10334885956,1.50842034817,-1.0991820097,4.8,1.3,4.8,-1.3,1.3220461607,-1.11456298828,-0.0235897805542,-0.597961425781,-0.278350830078,0.0,0.0
0.185959533071,0.0197728176298,3.42003245378,2.49592775292,3.48136019493,-0.10334885956,1.50842034817,-1.0991820097,4.8,1.3,4.8,-1.3,1.3220461607,-1.11456298828,-0.0235897805542,-0.597961425781,-0.26806640625,0.0,0.0
0.18560447441,0.0168824568469,3.42860424429,2.48101818603,3.48060044728,-0.118461837914,1.50836968422,-1.09878766537,4.8,1.3,4.8,-1.3,1.32246470451,-1.11195492744,-0.0199998728931,-0.597961425781,-0.278350830078,0.0,0.0
0.18560447441,0.0168824568469,3.42860424429,2.48101818603,3.48060044728,-0.118461837914,1.50836968422,-1.09878766537,4.8,1.3,4.8,-1.3,1.32246470451,-1.11195492744,-0.0199998728931,-0.597961425781,-0.26806640625,0.0,0.0
0.18440023647,0.00671833427586,3.46331618193,2.4229027448,3.47827809398,-0.177054205076,1.50723421574,-1.09727561474,4.8,1.3,4.8,-1.3,1.32279837132,-1.10293269157,-0.00575461331755,-0.597961425781,-0.278350830078,0.0,0.0
0.18440023647,0.00671833427586,3.46331618193,2.4229027448,3.47827809398,-0.177054205076,1.50723421574,-1.09727561474,4.8,1.3,4.8,-1.3,1.32279837132,-1.10293269157,-0.00575461331755,-0.597961425781,-0.26806640625,0.0,0.0
0.184200002222,0.00514400146402,3.46947174714,2.41281113923,3.47787454248,-0.187175282468,1.5069642067,-1.09703707695,4.8,1.3,4.8,-1.3,1.32274854183,-1.10158574581,-0.00323184998706,-0.597961425781,-0.278350830078,0.0,0.0
0.183460029279,0.000443383389429,3.48555697006,2.38562510194,3.47679613851,-0.214360137987,1.50595879555,-1.0962947607,4.8,1.3,4.8,-1.3,1.32250130177,-1.09735631943,0.00336955697276,-0.597961425781,-0.26806640625,0.0,0.0
0.183176862148,-0.00108123460494,3.48948497805,2.37853427684,3.47654767435,-0.221433535685,1.50557351112,-1.09603786469,4.8,1.3,4.8,-1.3,1.32239353657,-1.09586811066,0.00497590657324,-0.597961425781,-0.278350830078,0.0,0.0
0.182530675698,-0.00425163326377,3.49753390333,2.36392471111,3.4760179469,-0.235986261139,1.50470781326,-1.09552812576,4.8,1.3,4.8,-1.3,1.32214820385,-1.09278714657,0.00827546231449,-0.597961425781,-0.26806640625,0.0,0.0
0.181486062806,-0.00889308104163,3.50580218628,2.34729972292,3.47556788341,-0.252524480164,1.50330781937,-1.09469056129,4.8,1.3,4.8,-1.3,1.32173061371,-1.08790850639,0.0116288401186,-0.597961425781,-0.278350830078,0.0,0.0
0.181020348567,-0.0127420892841,3.50806190777,2.33999832954,3.47574549752,-0.259800826096,1.50245857239,-1.09391176701,4.8,1.3,4.8,-1.3,1.32129383087,-1.08342063427,0.0124297086149,-0.597961425781,-0.26806640625,0.0,0.0
0.1818194486,-0.0164416877786,3.50297492922,2.34408164891,3.47695473593,-0.255788145815,1.50263440609,-1.09364247322,4.8,1.3,4.8,-1.3,1.32065951824,-1.07902121544,0.0100079337135,-0.587646484375,-0.26806640625,0.0,0.0
0.1818194486,-0.0164416877786,3.50297492922,2.34408164891,3.47695473593,-0.255788145815,1.50263440609,-1.09364247322,4.8,1.3,4.8,-1.3,1.32065951824,-1.07902121544,0.0100079337135,-0.597961425781,-0.278350830078,0.0,0.0
0.1818194486,-0.0164416877786,3.50297492922,2.34408164891,3.47695473593,-0.255788145815,1.50263440609,-1.09364247322,4.8,1.3,4.8,-1.3,1.32065951824,-1.07902121544,0.0100079337135,-0.597961425781,-0.278350830078,0.0,0.0
0.182001095739,-0.0171068154445,3.50142601716,2.3457548315,3.47727405842,-0.254132989717,1.50266742706,-1.09359455109,4.8,1.3,4.8,-1.3,1.320515275,-1.07817912102,0.00928934849799,-0.597961425781,-0.26806640625,0.0,0.0
0.183226737119,-0.0203342084453,3.4856354453,2.36569084391,3.47989709125,-0.234302823637,1.50286543369,-1.09330785275,4.8,1.3,4.8,-1.3,1.31959426403,-1.07337808609,0.00220706104301,-0.597961425781,-0.278350830078,0.0,0.0
0.184162357616,-0.021632192451,3.47717455886,2.37656256792,3.48124275854,-0.223434249335,1.50323939323,-1.09303927422,4.8,1.3,4.8,-1.3,1.31911110878,-1.07111895084,-0.00156469282228,-0.597961425781,-0.26806640625,0.0,0.0
0.186194012933,-0.0232898200217,3.46202141708,2.39622334815,3.48352929345,-0.203687690957,1.50426983833,-1.09233188629,4.8,1.3,4.8,-1.3,1.31827485561,-1.06750261784,-0.00827235449106,-0.597961425781,-0.278350830078,0.0,0.0
0.18837182567,-0.0248070854651,3.44832991696,2.41376098287,3.48561183591,-0.185971706948,1.50540995598,-1.09157216549,4.8,1.3,4.8,-1.3,1.31741321087,-1.06406652927,-0.014339691028,-0.597961425781,-0.26806640625,0.0,0.0
0.189243544802,-0.025468344118,3.4442829161,2.41874990008,3.48632206885,-0.180910214176,1.5058658123,-1.09126830101,4.8,1.3,4.8,-1.3,1.31705880165,-1.06274342537,-0.016169609502,-0.597961425781,-0.278350830078,0.0,0.0
0.192697948635,-0.0282487916128,3.43425012385,2.43021080053,3.48868458723,-0.169219308017,1.50768721104,-1.09005451202,4.8,1.3,4.8,-1.3,1.31562292576,-1.05777752399,-0.0209378618747,-0.597961425781,-0.26806640625,0.0,0.0
0.19480711317,-0.0300883966505,3.43234733448,2.4313977492,3.48983756028,-0.167966571928,1.50882387161,-1.0892970562,4.8,1.3,4.8,-1.3,1.31472969055,-1.05490851402,-0.0221134275198,-0.597961425781,-0.278350830078,0.0,0.0
0.196897709187,-0.0317651246811,3.43058914994,2.43252653888,3.49096153691,-0.166772438706,1.50995922089,-1.08854043484,4.8,1.3,4.8,-1.3,1.31385219097,-1.05221188068,-0.0232222359627,-0.597961425781,-0.26806640625,0.0,0.0
0.198928458052,-0.0333784645368,3.43004964881,2.43203834933,3.49195564141,-0.167224555432,1.51109325886,-1.08778488636,4.8,1.3,4.8,-1.3,1.31301593781,-1.04967939854,-0.0238122474402,-0.597961425781,-0.278350830078,0.0,0.0
0.261169928856,0.0524925734214,3.4101925005,2.40998811335,3.44484273461,-0.189780984338,1.6198387146,-1.01531910896,4.8,1.3,4.8,-1.3,1.35799241066,-1.06432640553,-0.0133274076506,-0.587646484375,-0.278350830078,0.0,0.0
0.261169928856,0.0524925734214,3.4101925005,2.40998811335,3.44484273461,-0.189780984338,1.6198387146,-1.01531910896,4.8,1.3,4.8,-1.3,1.35799241066,-1.06432640553,-0.0133274076506,-0.597961425781,-0.278350830078,0.0,0.0
0.260241795086,0.046317401597,3.39749386889,2.40950346146,3.43966358302,-0.190154538203,1.62483179569,-1.01199173927,4.8,1.3,4.8,-1.3,1.36387300491,-1.05408215523,-0.0162198320031,-0.587646484375,-0.278350830078,0.0,0.0
0.259968801936,0.0446097675077,3.39609813242,2.40769753655,3.43863682968,-0.191954451551,1.62562787533,-1.01146113873,4.8,1.3,4.8,-1.3,1.36496400833,-1.05181157589,-0.0163617674261,-0.597961425781,-0.278350830078,0.0,0.0
0.252349285859,0.00106273299958,3.31358282153,2.43157720513,3.42140178701,-0.166186269613,1.64060914516,-1.00147795677,4.8,1.3,4.8,-1.3,1.38843286037,-0.992075145245,-0.0414807274938,-0.587646484375,-0.278350830078,0.0,0.0
0.252270631965,-0.00147951637093,3.31100326677,2.43029898811,3.42048160755,-0.167395084124,1.64158511162,-1.00082755089,4.8,1.3,4.8,-1.3,1.38960051537,-0.988726973534,-0.0421195067465,-0.597961425781,-0.278350830078,0.0,0.0
0.253677337,-0.0203773594556,3.31333374102,2.39110771694,3.41150478472,-0.207038246273,1.65147233009,-0.994238674641,4.8,1.3,4.8,-1.3,1.39874529839,-0.964297473431,-0.0377670712769,-0.597961425781,-0.288665771484,0.0,0.0
0.253882438657,-0.0214486459302,3.31827990434,2.3825106282,3.41052426175,-0.215852506263,1.65224266052,-0.993725299835,4.8,1.3,4.8,-1.3,1.39928102493,-0.963282763958,-0.0354860462248,-0.597961425781,-0.278350830078,0.0,0.0
0.254139950536,-0.0227802190805,3.32630896889,2.36935992069,3.40911374676,-0.229321161851,1.65320456028,-0.993084251881,4.8,1.3,4.8,-1.3,1.39991903305,-0.962221741676,-0.0318533778191,-0.597961425781,-0.288665771484,0.0,0.0
0.254397949428,-0.0239649265753,3.33493812237,2.355498894,3.40759910165,-0.24348559654,1.65416526794,-0.992444038391,4.8,1.3,4.8,-1.3,1.40053641796,-0.961378931999,-0.0279501695186,-0.597961425781,-0.278350830078,0.0,0.0
0.254397949428,-0.0239649265753,3.33493812237,2.355498894,3.40759910165,-0.24348559654,1.65416526794,-0.992444038391,4.8,1.3,4.8,-1.3,1.40053641796,-0.961378931999,-0.0279501695186,-0.597961425781,-0.288665771484,0.0,0.0
0.25466237576,-0.0248656343235,3.34306037634,2.34249692577,3.40608403417,-0.256739119406,1.65512490273,-0.991804599762,4.8,1.3,4.8,-1.3,1.4011400938,-0.960773289204,-0.0242422427982,-0.597961425781,-0.278350830078,0.0,0.0
0.25466237576,-0.0248656343235,3.34306037634,2.34249692577,3.40608403417,-0.256739119406,1.65512490273,-0.991804599762,4.8,1.3,4.8,-1.3,1.4011400938,-0.960773289204,-0.0242422427982,-0.597961425781,-0.288665771484,0.0,0.0
0.25494386873,-0.0253494564319,3.34943141452,2.33214955849,3.40471686768,-0.267262590186,1.65608310699,-0.991165935993,4.8,1.3,4.8,-1.3,1.40173590183,-0.960401177406,-0.0212652385235,-0.597961425781,-0.278350830078,0.0,0.0
0.255211523946,-0.0256318598207,3.35591182427,2.32178644936,3.40328860192,-0.277781868833,1.65704023838,-0.990528106689,4.8,1.3,4.8,-1.3,1.40233814716,-0.960250079632,-0.0182228460908,-0.597961425781,-0.288665771484,0.0,0.0
0.255211523946,-0.0256318598207,3.35591182427,2.32178644936,3.40328860192,-0.277781868833,1.65704023838,-0.990528106689,4.8,1.3,4.8,-1.3,1.40233814716,-0.960250079632,-0.0182228460908,-0.597961425781,-0.278350830078,0.0,0.0
0.255488017645,-0.025515594869,3.36087724521,2.31378917279,3.40200403909,-0.285885535102,1.65799617767,-0.989891052246,4.8,1.3,4.8,-1.3,1.40294373035,-0.960337340832,-0.0158186573535,-0.597961425781,-0.288665771484,0.0,0.0
0.255488017645,-0.025515594869,3.36087724521,2.31378917279,3.40200403909,-0.285885535102,1.65799617767,-0.989891052246,4.8,1.3,4.8,-1.3,1.40294373035,-0.960337340832,-0.0158186573535,-0.597961425781,-0.278350830078,0.0,0.0
0.255762490837,-0.0250320967549,3.36469484075,2.30765194794,3.40082635926,-0.292096984815,1.65895116329,-0.989254772663,4.8,1.3,4.8,-1.3,1.40356123447,-0.960670828819,-0.0138971852139,-0.597961425781,-0.288665771484,0.0,0.0
0.257096467917,-0.0164359180594,3.37506768207,2.29342595516,3.39515361771,-0.30649645814,1.66427731514,-0.985705494881,4.8,1.3,4.8,-1.3,1.40731549263,-0.967283904552,-0.0077254367061,-0.597961425781,-0.298980712891,0.0,0.0
0.257303986926,-0.0143122914546,3.3862278325,2.27799855306,3.39244546004,-0.321994012524,1.66560328007,-0.984821796417,4.8,1.3,4.8,-1.3,1.40833425522,-0.969894230366,-0.00239139748737,-0.597961425781,-0.309295654297,0.0,0.0
0.257499374908,-0.0131730869259,3.39844440051,2.26070267257,3.38989501871,-0.339283271252,1.66654896736,-0.984191596508,4.8,1.3,4.8,-1.3,1.4090076685,-0.971865296364,0.00328822969459,-0.597961425781,-0.319610595703,0.0,0.0
0.257749835175,-0.0118292029009,3.40895035697,2.24586623038,3.38754503714,-0.354045655107,1.66749346256,-0.983562171459,4.8,1.3,4.8,-1.3,1.40965497494,-0.973855376244,0.00823290832341,-0.597961425781,-0.329925537109,0.0,0.0
0.257749835175,-0.0118292029009,3.40895035697,2.24586623038,3.38754503714,-0.354045655107,1.66749346256,-0.983562171459,4.8,1.3,4.8,-1.3,1.40965497494,-0.973855376244,0.00823290832341,-0.587646484375,-0.329925537109,0.0,0.0
0.258172814582,-0.00920795054725,3.40838464515,2.24792278906,3.3870256822,-0.35198947767,1.66843676567,-0.982933521271,4.8,1.3,4.8,-1.3,1.41019701958,-0.975846767426,0.00821507815272,-0.567016601562,-0.350524902344,0.0,0.0
0.258172814582,-0.00920795054725,3.40838464515,2.24792278906,3.3870256822,-0.35198947767,1.66843676567,-0.982933521271,4.8,1.3,4.8,-1.3,1.41019701958,-0.975846767426,0.00821507815272,-0.567016601562,-0.350524902344,0.0,0.0
0.258172814582,-0.00920795054725,3.40838464515,2.24792278906,3.3870256822,-0.35198947767,1.66843676567,-0.982933521271,4.8,1.3,4.8,-1.3,1.41019701958,-0.975846767426,0.00821507815272,-0.556701660156,-0.350524902344,0.0,0.0
0.258822746691,-0.00692274349114,3.40598674483,2.25251617112,3.38704607869,-0.347414837807,1.66937923431,-0.982305645943,4.8,1.3,4.8,-1.3,1.41051292419,-0.977268576622,0.00728493602946,-0.546417236328,-0.36083984375,0.0,0.0
0.258822746691,-0.00692274349114,3.40598674483,2.25251617112,3.38704607869,-0.347414837807,1.66937923431,-0.982305645943,4.8,1.3,4.8,-1.3,1.41051292419,-0.977268576622,0.00728493602946,-0.546417236328,-0.36083984375,0.0,0.0
0.258822746691,-0.00692274349114,3.40598674483,2.25251617112,3.38704607869,-0.347414837807,1.66937923431,-0.982305645943,4.8,1.3,4.8,-1.3,1.41051292419,-0.977268576622,0.00728493602946,-0.556701660156,-0.36083984375,0.0,0.0
0.259387884101,-0.00585171792722,3.40640262805,2.25224451932,3.38676271325,-0.347681301496,1.6701322794,-0.981803774834,4.8,1.3,4.8,-1.3,1.41070759296,-0.97791159153,0.00755388522521,-0.546417236328,-0.371154785156,0.0,0.0
0.259536413255,-0.00562003965588,3.40641841074,2.25227390379,3.38671379694,-0.34765142748,1.67032027245,-0.981678366661,4.8,1.3,4.8,-1.3,1.41074872017,-0.978025436401,0.0075787701644,-0.546417236328,-0.371154785156,0.0,0.0
0.260336812614,-0.00503725160855,3.40944740015,2.24780837597,3.3860842454,-0.352086653253,1.67126023769,-0.981052041054,4.8,1.3,4.8,-1.3,1.41088867188,-0.978354334831,0.00898594968021,-0.546417236328,-0.381469726562,0.0,0.0
0.260833218994,-0.00498516279508,3.41301160963,2.24240077421,3.38544848007,-0.357453120511,1.67182374001,-0.980676531792,4.8,1.3,4.8,-1.3,1.41095232964,-0.978456795216,0.0106014022604,-0.546417236328,-0.391754150391,0.0,0.0
0.26295729106,-0.00511942703702,3.42720665328,2.22054724623,3.38297332539,-0.379076459752,1.67407345772,-0.979177355766,4.8,1.3,4.8,-1.3,1.41106712818,-0.978532314301,0.0170136392117,-0.525787353516,-0.391754150391,0.0,0.0
0.263886594091,-0.00532080109693,3.4319347663,2.21297788236,3.38214981384,-0.386545431349,1.6750087738,-0.978553950787,4.8,1.3,4.8,-1.3,1.4110686779,-0.978287041187,0.0191492289305,-0.525787353516,-0.402069091797,0.0,0.0
0.263886594091,-0.00532080109693,3.4319347663,2.21297788236,3.38214981384,-0.386545431349,1.6750087738,-0.978553950787,4.8,1.3,4.8,-1.3,1.4110686779,-0.978287041187,0.0191492289305,-0.515472412109,-0.391754150391,0.0,0.0
0.263886594091,-0.00532080109693,3.4319347663,2.21297788236,3.38214981384,-0.386545431349,1.6750087738,-0.978553950787,4.8,1.3,4.8,-1.3,1.4110686779,-0.978287041187,0.0191492289305,-0.515472412109,-0.391754150391,0.0,0.0
0.264847719403,-0.00572305869243,3.43616144525,2.20594433458,3.38143320504,-0.393479605397,1.67594301701,-0.977931380272,4.8,1.3,4.8,-1.3,1.41103351116,-0.977784454823,0.0210508778691,-0.515472412109,-0.402069091797,0.0,0.0
0.265838411454,-0.00644601263584,3.44052288685,2.19841651348,3.38071246735,-0.400895455818,1.67687630653,-0.977309525013,4.8,1.3,4.8,-1.3,1.41095995903,-0.976980566978,0.0230060368776,-0.494873046875,-0.402069091797,0.0,0.0
0.265838411454,-0.00644601263584,3.44052288685,2.19841651348,3.38071246735,-0.400895455818,1.67687630653,-0.977309525013,4.8,1.3,4.8,-1.3,1.41095995903,-0.976980566978,0.0230060368776,-0.505157470703,-0.402069091797,0.0,0.0
0.265838411454,-0.00644601263584,3.44052288685,2.19841651348,3.38071246735,-0.400895455818,1.67687630653,-0.977309525013,4.8,1.3,4.8,-1.3,1.41095995903,-0.976980566978,0.0230060368776,-0.494873046875,-0.402069091797,0.0,0.0
0.265838411454,-0.00644601263584,3.44052288685,2.19841651348,3.38071246735,-0.400895455818,1.67687630653,-0.977309525013,4.8,1.3,4.8,-1.3,1.41095995903,-0.976980566978,0.0230060368776,-0.484558105469,-0.402069091797,0.0,0.0
0.266834974632,-0.0075171074356,3.44533353239,2.18987618533,3.37990114768,-0.409300338696,1.67780840397,-0.97668838501,4.8,1.3,4.8,-1.3,1.41086876392,-0.975888907909,0.0251689590514,-0.474243164062,-0.402069091797,0.0,0.0
0.307303575986,0.0425227320166,3.25702996996,2.45543502634,3.39991925783,-0.140635591231,1.72212409973,-0.947156310081,4.8,1.3,4.8,-1.3,1.41294801235,-0.972726166248,-0.0549851208925,-0.474243164062,-0.412384033203,0.0,0.0
0.303947412227,0.0551401799456,3.28287726765,2.425155721,3.39037697413,-0.172620984785,1.72562670708,-0.944821953773,4.8,1.3,4.8,-1.3,1.41965937614,-0.987347960472,-0.0413578301668,-0.474243164062,-0.422698974609,0.0,0.0
0.30140221381,0.063621736408,3.28893172209,2.41771615145,3.38417213269,-0.180538890722,1.72824287415,-0.943078517914,4.8,1.3,4.8,-1.3,1.42471241951,-0.995616912842,-0.036639124155,-0.484558105469,-0.422698974609,0.0,0.0
0.30140221381,0.063621736408,3.28893172209,2.41771615145,3.38417213269,-0.180538890722,1.72824287415,-0.943078517914,4.8,1.3,4.8,-1.3,1.42471241951,-0.995616912842,-0.036639124155,-0.474243164062,-0.422698974609,0.0,0.0
0.298432074263,0.0710276209831,3.28322442014,2.4235391493,3.37868108432,-0.174707956976,1.73084962368,-0.941341519356,4.8,1.3,4.8,-1.3,1.43001103401,-1.00136458874,-0.0367223545909,-0.474243164062,-0.433013916016,0.0,0.0
0.297398988533,0.0729581276829,3.28094474713,2.4253699831,3.37684503782,-0.17286078691,1.73171639442,-0.940763831139,4.8,1.3,4.8,-1.3,1.43182873726,-1.00270283222,-0.0368930958211,-0.474243164062,-0.443328857422,0.0,0.0
0.2964058325,0.0743832689433,3.28095812756,2.42383808065,3.37481311367,-0.174467375136,1.73258209229,-0.940186977386,4.8,1.3,4.8,-1.3,1.43368434906,-1.00382208824,-0.036105915904,-0.474243164062,-0.45361328125,0.0,0.0
0.2964058325,0.0743832689433,3.28095812756,2.42383808065,3.37481311367,-0.174467375136,1.73258209229,-0.940186977386,4.8,1.3,4.8,-1.3,1.43368434906,-1.00382208824,-0.036105915904,-0.474243164062,-0.484558105469,0.0,0.0
0.295813134544,0.0750609892984,3.28147323432,2.42209972631,3.3735421671,-0.176269629962,1.73310112953,-0.939841151237,4.8,1.3,4.8,-1.3,1.43481552601,-1.00437998772,-0.0354185327888,-0.474243164062,-0.494873046875,0.0,0.0
0.29540002915,0.0755204471471,3.28139053803,2.42146719835,3.3727201428,-0.176928249482,1.73344671726,-0.939610779285,4.8,1.3,4.8,-1.3,1.43557620049,-1.00470817089,-0.035133998841,-0.474243164062,-0.515472412109,0.0,0.0
0.294372711645,0.076437024502,3.28149921407,2.41925730015,3.37063517477,-0.179214323809,1.73431038857,-0.939035236835,4.8,1.3,4.8,-1.3,1.43749022484,-1.00533533096,-0.0342897810042,-0.474243164062,-0.536102294922,0.0,0.0
0.294372711645,0.076437024502,3.28149921407,2.41925730015,3.37063517477,-0.179214323809,1.73431038857,-0.939035236835,4.8,1.3,4.8,-1.3,1.43749022484,-1.00533533096,-0.0342897810042,-0.474243164062,-0.556701660156,0.0,0.0
0.293352237576,0.0769878755735,3.28244918842,2.41561343508,3.36846224938,-0.182963435699,1.73517286777,-0.938460350037,4.8,1.3,4.8,-1.3,1.43943428993,-1.00570142269,-0.0330879837275,-0.474243164062,-0.567016601562,0.0,0.0
0.293352237576,0.0769878755735,3.28244918842,2.41561343508,3.36846224938,-0.182963435699,1.73517286777,-0.938460350037,4.8,1.3,4.8,-1.3,1.43943428993,-1.00570142269,-0.0330879837275,-0.474243164062,-0.577331542969,0.0,0.0
0.291802856801,0.0769025859674,3.28700012424,2.40501515084,3.3647173677,-0.193823056913,1.73655092716,-0.937542080879,4.8,1.3,4.8,-1.3,1.44257974625,-1.00568795204,-0.0298957005143,-0.474243164062,-0.587646484375,0.0,0.0
0.291413073026,0.076743988341,3.28830049392,2.40200670996,3.36375329022,-0.196898227808,1.73689496517,-0.937312781811,4.8,1.3,4.8,-1.3,1.44337749481,-1.00556755066,-0.0290243811905,-0.474243164062,-0.597961425781,0.0,0.0
0.289883785119,0.0757704018028,3.29275065828,2.39127904974,3.36037250261,-0.207841433453,1.73792624474,-0.936625599861,4.8,1.3,4.8,-1.3,1.44616985321,-1.00483095646,-0.0260113347322,-0.474243164062,-0.608276367188,0.0,0.0
0.289414753982,0.0756503084518,3.29274681458,2.38920492438,3.35908868522,-0.209948544768,1.73861289024,-0.936168015003,4.8,1.3,4.8,-1.3,1.44736206532,-1.00440895557,-0.0255188737065,-0.474243164062,-0.628875732422,0.0,0.0
0.288562539214,0.0754391728173,3.29083255012,2.38969729235,3.35798886949,-0.209435260781,1.73895585537,-0.935939311981,4.8,1.3,4.8,-1.3,1.44854104519,-1.00389993191,-0.0258322264999,-0.474243164062,-0.639190673828,0.0,0.0
0.288250250079,0.0755033862329,3.28899238052,2.39073148501,3.35729692438,-0.208371146532,1.73947024345,-0.935596585274,4.8,1.3,4.8,-1.3,1.44933593273,-1.00350129604,-0.0262740012258,-0.474243164062,-0.659820556641,0.0,0.0
0.282015744871,0.0718782519876,3.25884256869,2.40948179219,3.34918991155,-0.188947994744,1.74374163151,-0.932750105858,4.8,1.3,4.8,-1.3,1.45939850807,-0.994785189629,-0.034755975008,-0.474243164062,-0.670104980469,0.0,0.0
0.280818648692,0.0700994908257,3.25433288724,2.41026318682,3.34743744166,-0.188069267261,1.74459290504,-0.932182908058,4.8,1.3,4.8,-1.3,1.46144413948,-0.992181479931,-0.0358171015978,-0.474243164062,-0.659820556641,0.0,0.0
0.280818648692,0.0700994908257,3.25433288724,2.41026318682,3.34743744166,-0.188069267261,1.74459290504,-0.932182908058,4.8,1.3,4.8,-1.3,1.46144413948,-0.992181479931,-0.0358171015978,-0.474243164062,-0.670104980469,0.0,0.0
0.278421304097,0.0656625835206,3.2443421924,2.41215631536,3.34403009801,-0.18593188974,1.74629187584,-0.931050479412,4.8,1.3,4.8,-1.3,1.46555769444,-0.985989689827,-0.0383509024978,-0.474243164062,-0.659820556641,0.0,0.0
0.277754001223,0.0646016875375,3.24131925414,2.41374180559,3.34343100378,-0.184252264959,1.74646162987,-0.930937409401,4.8,1.3,4.8,-1.3,1.46638476849,-0.984580814838,-0.0392838530242,-0.474243164062,-0.670104980469,0.0,0.0
0.272393644573,0.0493443204846,3.21059097405,2.42238658459,3.3362785637,-0.174573682684,1.75052165985,-0.928231358528,4.8,1.3,4.8,-1.3,1.47606110573,-0.964350104332,-0.0483602285385,-0.474243164062,-0.680419921875,0.0,0.0
0.272600928432,0.0134271482052,3.1499652069,2.43966251687,3.33016225967,-0.154085547646,1.76140058041,-0.920981049538,4.8,1.3,4.8,-1.3,1.48852455616,-0.915482878685,-0.0693621635437,-0.474243164062,-0.690734863281,0.0,0.0
0.27314541414,0.0114972454849,3.14678051039,2.44060525249,3.3301184849,-0.152922689733,1.76223051548,-0.920428097248,4.8,1.3,4.8,-1.3,1.48895430565,-0.912635982037,-0.0705731734633,-0.474243164062,-0.680419921875,0.0,0.0
0.278829765817,-0.00107070025602,3.29197359266,2.20985411988,3.2959773434,-0.390142797426,1.78345513344,-0.906282246113,4.8,1.3,4.8,-1.3,1.50462734699,-0.904782176018,-0.00153990474064,-0.463928222656,-0.680419921875,0.0,0.0
0.279065652748,-0.00288662232661,3.30338666645,2.19108256739,3.29324692549,-0.408897660544,1.78425824642,-0.905747056007,4.8,1.3,4.8,-1.3,1.50518345833,-0.903948783875,0.0038999102544,-0.474243164062,-0.680419921875,0.0,0.0
0.278858421015,-0.0469308866028,3.34626942949,2.05618352717,3.26650995683,-0.542592805365,1.79854929447,-0.896222710609,4.8,1.3,4.8,-1.3,1.51838243008,-0.857868373394,0.030681533739,-0.474243164062,-0.670104980469,0.0,0.0
0.27888789114,-0.0484480893001,3.35011264514,2.04742184118,3.26464106219,-0.551172896075,1.79933416843,-0.895699620247,4.8,1.3,4.8,-1.3,1.51900434494,-0.856445789337,0.0328796096146,-0.474243164062,-0.680419921875,0.0,0.0
0.279048358621,-0.049461515406,3.35166986035,2.04268844686,3.26347108055,-0.555815156224,1.80011808872,-0.895177185535,4.8,1.3,4.8,-1.3,1.51955246925,-0.855210185051,0.0339291170239,-0.474243164062,-0.670104980469,0.0,0.0
0.279048358621,-0.049461515406,3.35166986035,2.04268844686,3.26347108055,-0.555815156224,1.80011808872,-0.895177185535,4.8,1.3,4.8,-1.3,1.51955246925,-0.855210185051,0.0339291170239,-0.474243164062,-0.680419921875,0.0,0.0
0.286266787265,-0.0370680415024,3.26539952886,2.17520762103,3.283451811,-0.424729708038,1.80557882786,-0.891537666321,4.8,1.3,4.8,-1.3,1.51957631111,-0.852482914925,-0.00694324122742,-0.474243164062,-0.670104980469,0.0,0.0
0.286266787265,-0.0370680415024,3.26539952886,2.17520762103,3.283451811,-0.424729708038,1.80557882786,-0.891537666321,4.8,1.3,4.8,-1.3,1.51957631111,-0.852482914925,-0.00694324122742,-0.474243164062,-0.680419921875,0.0,0.0
0.292853239498,-0.0178729154655,3.14411061687,2.35111900485,3.30373611906,-0.243976311135,1.8086783886,-0.889471709728,4.8,1.3,4.8,-1.3,1.51747488976,-0.853652954102,-0.0614330582321,-0.474243164062,-0.670104980469,0.0,0.0
0.292853239498,-0.0178729154655,3.14411061687,2.35111900485,3.30373611906,-0.243976311135,1.8086783886,-0.889471709728,4.8,1.3,4.8,-1.3,1.51747488976,-0.853652954102,-0.0614330582321,-0.474243164062,-0.680419921875,0.0,0.0
0.294323215802,-0.0138578260407,3.12425670853,2.37913009688,3.30631370058,-0.214488080813,1.80945110321,-0.888956844807,4.8,1.3,4.8,-1.3,1.51682066917,-0.854523956776,-0.070079267025,-0.474243164062,-0.670104980469,0.0,0.0
0.294753094348,-0.0123895653727,3.11702617945,2.38934234402,3.30721129409,-0.203692484551,1.80960536003,-0.888853907585,4.8,1.3,4.8,-1.3,1.51654815674,-0.854936897755,-0.0732135102153,-0.474243164062,-0.680419921875,0.0,0.0
0.295760572765,-0.00979178040413,3.1058634634,2.4050314303,3.30852090791,-0.187058452433,1.81022262573,-0.888442516327,4.8,1.3,4.8,-1.3,1.51612508297,-0.855627417564,-0.0780243128538,-0.474243164062,-0.670104980469,0.0,0.0
0.298453974252,-0.00123492584083,3.07096176156,2.45387152269,3.31207509181,-0.134924406301,1.81176316738,-0.887415766716,4.8,1.3,4.8,-1.3,1.51470983028,-0.858508765697,-0.0928693339229,-0.474243164062,-0.680419921875,0.0,0.0
0.2987075465,-0.000403276864666,3.06808008932,2.45796093038,3.31234563752,-0.130539473712,1.81191706657,-0.887313246727,4.8,1.3,4.8,-1.3,1.51456856728,-0.858848690987,-0.0940870419145,-0.474243164062,-0.670104980469,0.0,0.0
0.299671514866,0.00307261720086,3.05594605449,2.47500744942,3.31336051974,-0.112218438104,1.8125320673,-0.88690340519,4.8,1.3,4.8,-1.3,1.5140286684,-0.860291779041,-0.0991680249572,-0.474243164062,-0.680419921875,0.0,0.0
0.299671514866,0.00307261720086,3.05594605449,2.47500744942,3.31336051974,-0.112218438104,1.8125320673,-0.88690340519,4.8,1.3,4.8,-1.3,1.5140286684,-0.860291779041,-0.0991680249572,-0.474243164062,-0.670104980469,0.0,0.0
0.30178619658,0.0119683172845,3.02941533935,2.51274988792,3.31514385041,-0.0715022704405,1.8140668869,-0.885880291462,4.8,1.3,4.8,-1.3,1.51279330254,-0.864611148834,-0.110117994249,-0.474243164062,-0.680419921875,0.0,0.0
0.303428200002,0.021117181765,3.0092999327,2.54272882793,3.31596317986,-0.0391227659556,1.81559813023,-0.884859859943,4.8,1.3,4.8,-1.3,1.51179718971,-0.870041072369,-0.118222601712,-0.474243164062,-0.670104980469,0.0,0.0
0.304338516084,0.0290309287859,2.99412118191,2.56565915359,3.31606525851,-0.014331546307,1.81682050228,-0.884045243263,4.8,1.3,4.8,-1.3,1.51122939587,-0.875168144703,-0.124143272638,-0.474243164062,-0.680419921875,0.0,0.0
0.304525271858,0.0309042639293,2.99186119998,2.56959091108,3.31601054792,-0.0101236468147,1.81712567806,-0.883841812611,4.8,1.3,4.8,-1.3,1.51112341881,-0.876538932323,-0.12499807775,-0.474243164062,-0.670104980469,0.0,0.0
0.305311568271,0.0388787130233,2.99623966756,2.57108853565,3.3153227881,-0.00925755784334,1.81864953041,-0.882826149464,4.8,1.3,4.8,-1.3,1.51087450981,-0.883941829205,-0.123034447432,-0.474243164062,-0.680419921875,0.0,0.0
0.305408063581,0.0403521353549,2.99873517778,2.56947641252,3.31508929382,-0.0112056820549,1.81895387173,-0.882623314857,4.8,1.3,4.8,-1.3,1.5109051466,-0.885515213013,-0.121976904571,-0.474243164062,-0.670104980469,0.0,0.0
0.30559025922,0.0456788036517,3.01521949399,2.55518199849,3.31372848071,-0.0276250761591,1.82016968727,-0.881813049316,4.8,1.3,4.8,-1.3,1.51135575771,-0.892104625702,-0.115064889193,-0.474243164062,-0.680419921875,0.0,0.0
0.30553594737,0.0472341997439,3.01785540667,2.55329238677,3.3133066184,-0.0298662575028,1.82047331333,-0.881610691547,4.8,1.3,4.8,-1.3,1.51154899597,-0.893819332123,-0.113881073892,-0.474243164062,-0.670104980469,0.0,0.0
0.305443316082,0.049267946584,3.02466578194,2.54702693208,3.3125569761,-0.0369851925653,1.82092821598,-0.881307423115,4.8,1.3,4.8,-1.3,1.51190781593,-0.896451473236,-0.110954903066,-0.474243164062,-0.680419921875,0.0,0.0
0.304580286096,0.0563379168742,3.04773121272,2.52507630744,3.30925248349,-0.0617376837376,1.82244277,-0.880297958851,4.8,1.3,4.8,-1.3,1.51374042034,-0.905713915825,-0.100755490363,-0.474243164062,-0.670104980469,0.0,0.0
0.302156192402,0.0655980686992,3.10015395057,2.46782391652,3.3011031926,-0.124398952393,1.82470798492,-0.878788173199,4.8,1.3,4.8,-1.3,1.51838564873,-0.920836925507,-0.0773653239012,-0.474243164062,-0.680419921875,0.0,0.0
0.301824108295,0.0660644719346,3.1308143985,2.4305851548,3.2974161545,-0.164071634618,1.82531070709,-0.878386497498,4.8,1.3,4.8,-1.3,1.51987361908,-0.924975037575,-0.06412152946,-0.474243164062,-0.670104980469,0.0,0.0
0.301690513732,0.0655773752484,3.18510500214,2.36167699986,3.2901016583,-0.236202077813,1.82621347904,-0.877784729004,4.8,1.3,4.8,-1.3,1.5221208334,-0.931125342846,-0.0403943136334,-0.474243164062,-0.680419921875,0.0,0.0
0.301690513732,0.0655773752484,3.18510500214,2.36167699986,3.2901016583,-0.236202077813,1.82621347904,-0.877784729004,4.8,1.3,4.8,-1.3,1.5221208334,-0.931125342846,-0.0403943136334,-0.474243164062,-0.670104980469,0.0,0.0
0.301019162871,0.0676924088345,3.2761616478,2.23904275305,3.27184721204,-0.360953667267,1.82846474648,-0.876284301281,4.8,1.3,4.8,-1.3,1.52755832672,-0.944476127625,0.00165939913131,-0.474243164062,-0.680419921875,0.0,0.0
0.301019162871,0.0676924088345,3.2761616478,2.23904275305,3.27184721204,-0.360953667267,1.82846474648,-0.876284301281,4.8,1.3,4.8,-1.3,1.52755832672,-0.944476127625,0.00165939913131,-0.474243164062,-0.670104980469,0.0,0.0
0.301019162871,0.0676924088345,3.2761616478,2.23904275305,3.27184721204,-0.360953667267,1.82846474648,-0.876284301281,4.8,1.3,4.8,-1.3,1.52755832672,-0.944476127625,0.00165939913131,-0.474243164062,-0.680419921875,0.0,0.0
0.300126147862,0.0710474048363,3.28025393023,2.23402068952,3.26905860284,-0.365955207418,1.82921338081,-0.8757853508,4.8,1.3,4.8,-1.3,1.52939593792,-0.948124408722,0.00430590845644,-0.474243164062,-0.670104980469,0.0,0.0
0.29604196859,0.0812902750408,3.29983090157,2.20508011563,3.25628952711,-0.394555272013,1.83219873905,-0.873795509338,4.8,1.3,4.8,-1.3,1.53755962849,-0.960032105446,0.0167474653572,-0.474243164062,-0.680419921875,0.0,0.0
0.29604196859,0.0812902750408,3.29983090157,2.20508011563,3.25628952711,-0.394555272013,1.83219873905,-0.873795509338,4.8,1.3,4.8,-1.3,1.53755962849,-0.960032105446,0.0167474653572,-0.474243164062,-0.670104980469,0.0,0.0
0.292669033544,0.0855372818928,3.32179483239,2.16830940232,3.24414455054,-0.430530807033,1.8344284296,-0.87230938673,4.8,1.3,4.8,-1.3,1.544444561,-0.966549217701,0.029869934544,-0.474243164062,-0.680419921875,0.0,0.0
0.291352707936,0.0867502342626,3.32664564967,2.15894621972,3.24033455716,-0.439620769089,1.83516979218,-0.87181520462,4.8,1.3,4.8,-1.3,1.54685747623,-0.968189537525,0.0332026742399,-0.474243164062,-0.670104980469,0.0,0.0
0.278539434323,0.0910340720737,3.34066779726,2.1111694794,3.2129818849,-0.485693302453,1.84077525139,-0.868078887463,4.8,1.3,4.8,-1.3,1.56704258919,-0.97268217802,0.0491297282279,-0.474243164062,-0.680419921875,0.0,0.0
0.277563374732,0.0915081016744,3.33672389701,2.11549605968,3.21246062492,-0.481532750173,1.84106898308,-0.867883205414,4.8,1.3,4.8,-1.3,1.56819629669,-0.972552478313,0.0478117801249,-0.474243164062,-0.670104980469,0.0,0.0
0.22666593172,0.0845114957659,3.12001016755,2.31216017761,3.18141360115,-0.287114647859,1.85485303402,-0.858696103096,4.8,1.3,4.8,-1.3,1.62625443935,-0.937830924988,-0.0236189011484,-0.474243164062,-0.680419921875,0.0,0.0
0.22666593172,0.0845114957659,3.12001016755,2.31216017761,3.18141360115,-0.287114647859,1.85485303402,-0.858696103096,4.8,1.3,4.8,-1.3,1.62625443935,-0.937830924988,-0.0236189011484,-0.474243164062,-0.670104980469,0.0,0.0
0.216137818341,0.101488234246,2.98109136319,2.4774294292,3.18183947314,-0.114809023636,1.85985207558,-0.855364203453,4.8,1.3,4.8,-1.3,1.63652348518,-0.939861297607,-0.0772877335548,-0.474243164062,-0.680419921875,0.0,0.0
0.215832211007,0.102874195344,2.97671490864,2.48276051382,3.18146127037,-0.109165204133,1.86027848721,-0.855079948902,4.8,1.3,4.8,-1.3,1.63701534271,-0.940638184547,-0.0788302198052,-0.474243164062,-0.670104980469,0.0,0.0
0.234979001234,0.132717415017,2.76106788481,2.7354373139,3.19460026859,0.171836394837,1.87528955936,-0.845074534416,4.8,1.3,4.8,-1.3,1.62147045135,-0.936752796173,-0.167525723577,-0.474243164062,-0.659820556641,0.0,0.0
0.236250765119,0.131612348183,2.76720098322,2.72914102776,3.19570040417,0.164694060816,1.87556648254,-0.844889938831,4.8,1.3,4.8,-1.3,1.62085556984,-0.93576669693,-0.165562808514,-0.474243164062,-0.670104980469,0.0,0.0
0.266434853466,0.0924210664062,2.91677119006,2.55517973168,3.2171874445,-0.0274061960377,1.8828561306,-0.840031445026,4.8,1.3,4.8,-1.3,1.60752701759,-0.901048362255,-0.11580336839,-0.474243164062,-0.659820556641,0.0,0.0
0.266434853466,0.0924210664062,2.91677119006,2.55517973168,3.2171874445,-0.0274061960377,1.8828561306,-0.840031445026,4.8,1.3,4.8,-1.3,1.60752701759,-0.901048362255,-0.11580336839,-0.463928222656,-0.670104980469,0.0,0.0
0.266434853466,0.0924210664062,2.91677119006,2.55517973168,3.2171874445,-0.0274061960377,1.8828561306,-0.840031445026,4.8,1.3,4.8,-1.3,1.60752701759,-0.901048362255,-0.11580336839,-0.463928222656,-0.670104980469,0.0,0.0
0.268444919524,0.087665323936,2.92911418937,2.53804703532,3.21800552363,-0.0458534652742,1.88353896141,-0.839576244354,4.8,1.3,4.8,-1.3,1.60701560974,-0.896871268749,-0.111341960728,-0.474243164062,-0.670104980469,0.0,0.0
0.273196431601,0.0715607819157,2.93056630951,2.5206988655,3.22029647671,-0.0631077120515,1.88626194,-0.837761104107,4.8,1.3,4.8,-1.3,1.60679268837,-0.878432631493,-0.111666604877,-0.474243164062,-0.659820556641,0.0,0.0
0.273809533117,0.0672529603797,2.92777015213,2.51888423664,3.22043721584,-0.0645913273626,1.8869407177,-0.837308704853,4.8,1.3,4.8,-1.3,1.60730111599,-0.873313069344,-0.112803332508,-0.474243164062,-0.670104980469,0.0,0.0
0.274197639445,0.0626880724773,2.92480091574,2.51675078661,3.22034818421,-0.066396869271,1.88761878014,-0.836856842041,4.8,1.3,4.8,-1.3,1.6080725193,-0.867969989777,-0.11391825974,-0.474243164062,-0.659820556641,0.0,0.0
0.274301622498,0.0607643625846,2.92383579583,2.5155028136,3.22024667127,-0.0675458876308,1.88788962364,-0.836676239967,4.8,1.3,4.8,-1.3,1.60844898224,-0.865772902966,-0.114252589643,-0.474243164062,-0.670104980469,0.0,0.0
0.273200331597,0.0514043706215,2.87617213202,2.55218402685,3.21927494759,-0.0250781751688,1.88978254795,-0.835414588451,4.8,1.3,4.8,-1.3,1.61218798161,-0.850317180157,-0.132348656654,-0.474243164062,-0.659820556641,0.0,0.0
0.272655925824,0.048631554584,2.86412613113,2.56039727543,3.21855276153,-0.0153320899473,1.8903220892,-0.83505487442,4.8,1.3,4.8,-1.3,1.61358201504,-0.846064567566,-0.136743694544,-0.474243164062,-0.670104980469,0.0,0.0
0.272350811104,0.0472765727752,2.85799805542,2.56457200335,3.21814005918,-0.0103644496764,1.89059185982,-0.834875226021,4.8,1.3,4.8,-1.3,1.61431789398,-0.843971073627,-0.138962969184,-0.474243164062,-0.659820556641,0.0,0.0
0.27195645443,0.0453491654926,2.84939877105,2.57035163557,3.21754885343,-0.00345207039343,1.89099597931,-0.834605813026,4.8,1.3,4.8,-1.3,1.61535835266,-0.840990066528,-0.142073661089,-0.474243164062,-0.670104980469,0.0,0.0
0.271285958043,0.0434314114151,2.82783574386,2.588440059,3.21657621084,0.0176656913588,1.89166903496,-0.834157168865,4.8,1.3,4.8,-1.3,1.61693882942,-0.836538910866,-0.150078311563,-0.474243164062,-0.659820556641,0.0,0.0
0.27063911301,0.0422959316418,2.80228768514,2.61094320145,3.21544861859,0.0439803962902,1.89234137535,-0.83370912075,4.8,1.3,4.8,-1.3,1.61842000484,-0.83246088028,-0.15958455205,-0.474243164062,-0.670104980469,0.0,0.0
0.269972341993,0.0415071391424,2.7749829035,2.63501870366,3.21402869388,0.0723562612106,1.89301276207,-0.833261668682,4.8,1.3,4.8,-1.3,1.61990833282,-0.828584194183,-0.1696767658,-0.474243164062,-0.659820556641,0.0,0.0
0.269281163616,0.0411076300128,2.74507471964,2.66141691883,3.21224163822,0.103731427964,1.89368343353,-0.832814693451,4.8,1.3,4.8,-1.3,1.62139856815,-0.82486897707,-0.18066072464,-0.474243164062,-0.670104980469,0.0,0.0
0.26704101337,0.0413430256534,2.64699571208,2.74578834435,3.20427545676,0.206213717339,1.89569032192,-0.831476986408,4.8,1.3,4.8,-1.3,1.62599408627,-0.814622044563,-0.216014400125,-0.474243164062,-0.659820556641,0.0,0.0
0.26704101337,0.0413430256534,2.64699571208,2.74578834435,3.20427545676,0.206213717339,1.89569032192,-0.831476986408,4.8,1.3,4.8,-1.3,1.62599408627,-0.814622044563,-0.216014400125,-0.474243164062,-0.670104980469,0.0,0.0
0.262856904803,0.0474507350051,2.4654683421,2.89414598443,3.18177753842,0.394765834224,1.89835488796,-0.829701066017,4.8,1.3,4.8,-1.3,1.63259768486,-0.802897453308,-0.279113471508,-0.463928222656,-0.670104980469,0.0,0.0
0.262856904803,0.0474507350051,2.4654683421,2.89414598443,3.18177753842,0.394765834224,1.89835488796,-0.829701066017,4.8,1.3,4.8,-1.3,1.63259768486,-0.802897453308,-0.279113471508,-0.474243164062,-0.659820556641,0.0,0.0
0.262856904803,0.0474507350051,2.4654683421,2.89414598443,3.18177753842,0.394765834224,1.89835488796,-0.829701066017,4.8,1.3,4.8,-1.3,1.63259768486,-0.802897453308,-0.279113471508,-0.474243164062,-0.659820556641,0.0,0.0
0.261353132861,0.0503463306565,2.40609311816,2.93990030069,3.17224046687,0.455344356453,1.89901900291,-0.829258322716,4.8,1.3,4.8,-1.3,1.63443470001,-0.800355732441,-0.299112319946,-0.474243164062,-0.670104980469,0.0,0.0
0.261353132861,0.0503463306565,2.40609311816,2.93990030069,3.17224046687,0.455344356453,1.89901900291,-0.829258322716,4.8,1.3,4.8,-1.3,1.63443470001,-0.800355732441,-0.299112319946,-0.474243164062,-0.659820556641,0.0,0.0
0.26071338305,0.0515283879067,2.38215646882,2.95783476114,3.16808082948,0.479463743855,1.89928460121,-0.82908141613,4.8,1.3,4.8,-1.3,1.63519155979,-0.799391210079,-0.307082176208,-0.474243164062,-0.670104980469,0.0,0.0
0.256175774792,0.0586498293224,2.2376877186,3.05962835886,3.13904241331,0.62086643642,1.90100693703,-0.827933490276,4.8,1.3,4.8,-1.3,1.64038538933,-0.794136464596,-0.354023814201,-0.474243164062,-0.659820556641,0.0,0.0
0.256175774792,0.0586498293224,2.2376877186,3.05962835886,3.13904241331,0.62086643642,1.90100693703,-0.827933490276,4.8,1.3,4.8,-1.3,1.64038538933,-0.794136464596,-0.354023814201,-0.463928222656,-0.659820556641,0.0,0.0
0.254326840033,0.061009271808,2.18955539162,3.09109942185,3.12786090043,0.666314323716,1.90166783333,-0.827493011951,4.8,1.3,4.8,-1.3,1.64246273041,-0.792607665062,-0.369218528271,-0.474243164062,-0.670104980469,0.0,0.0
0.254326840033,0.061009271808,2.18955539162,3.09109942185,3.12786090043,0.666314323716,1.90166783333,-0.827493011951,4.8,1.3,4.8,-1.3,1.64246273041,-0.792607665062,-0.369218528271,-0.474243164062,-0.670104980469,0.0,0.0
0.250259585946,0.0656968853536,2.09738349361,3.14843939208,3.10448046649,0.751408794191,1.90298724174,-0.826613545418,4.8,1.3,4.8,-1.3,1.64681684971,-0.790244996548,-0.397750020027,-0.474243164062,-0.659820556641,0.0,0.0
0.248051238712,0.067923053741,2.05426389726,3.17389815158,3.09262975987,0.790246261023,1.90364587307,-0.826174557209,4.8,1.3,4.8,-1.3,1.6491086483,-0.789381086826,-0.410831183195,-0.474243164062,-0.670104980469,0.0,0.0
0.245711534979,0.0700769858537,2.012786887,3.19757686423,3.08067911626,0.827006007518,1.90430378914,-0.825736165047,4.8,1.3,4.8,-1.3,1.65149176121,-0.788708865643,-0.423252135515,-0.474243164062,-0.659820556641,0.0,0.0
0.245711534979,0.0700769858537,2.012786887,3.19757686423,3.08067911626,0.827006007518,1.90430378914,-0.825736165047,4.8,1.3,4.8,-1.3,1.65149176121,-0.788708865643,-0.423252135515,-0.474243164062,-0.670104980469,0.0,0.0
0.24330212291,0.0719982175841,1.97395974205,3.21889639868,3.06898532826,0.860736318116,1.90496087074,-0.825298190117,4.8,1.3,4.8,-1.3,1.65396654606,-0.788129448891,-0.434727966785,-0.463928222656,-0.670104980469,0.0,0.0
0.240941248289,0.073287074287,1.9436868357,3.23448054248,3.05923413013,0.885958830025,1.90561699867,-0.824860870838,4.8,1.3,4.8,-1.3,1.65653586388,-0.787681996822,-0.443448156118,-0.474243164062,-0.670104980469,0.0,0.0
0.240941248289,0.073287074287,1.9436868357,3.23448054248,3.05923413013,0.885958830025,1.90561699867,-0.824860870838,4.8,1.3,4.8,-1.3,1.65653586388,-0.787681996822,-0.443448156118,-0.474243164062,-0.659820556641,0.0,0.0
0.239534453338,0.0738315475468,1.92908902544,3.24155966296,3.05423719261,0.897622462024,1.90601027012,-0.824598670006,4.8,1.3,4.8,-1.3,1.65811598301,-0.787500500679,-0.447540193796,-0.474243164062,-0.670104980469,0.0,0.0
0.231461770059,0.0745806101439,1.89180966087,3.2547037648,3.03748416301,0.920730771138,1.90823340416,-0.823116660118,4.8,1.3,4.8,-1.3,1.66759085655,-0.788074076176,-0.456315994263,-0.474243164062,-0.659820556641,0.0,0.0
0.229933329925,0.0746344600674,1.88866134106,3.25507280237,3.0353510702,0.921598426014,1.90862488747,-0.822855770588,4.8,1.3,4.8,-1.3,1.66934561729,-0.788430929184,-0.456751018763,-0.474243164062,-0.670104980469,0.0,0.0
0.22728745822,0.0746933176651,1.88559042274,3.25447112197,3.03230358779,0.921008262377,1.90927636623,-0.822421371937,4.8,1.3,4.8,-1.3,1.67234611511,-0.789213895798,-0.456761062145,-0.474243164062,-0.659820556641,0.0,0.0
0.219065443178,0.0733763015518,1.91089798542,3.23278587049,3.03198373839,0.886902937671,1.91122686863,-0.821121394634,4.8,1.3,4.8,-1.3,1.68193340302,-0.792867958546,-0.445807754993,-0.474243164062,-0.670104980469,0.0,0.0
0.218178552974,0.072465724244,1.92671417863,3.22251966095,3.03524435249,0.870677648055,1.91148626804,-0.820948421955,4.8,1.3,4.8,-1.3,1.68323552608,-0.79347550869,-0.440462380648,-0.474243164062,-0.659820556641,0.0,0.0
0.191632845801,0.0658010222334,2.19119464218,3.03030273711,3.06789473782,0.582569716071,1.91793370247,-0.816651046276,4.8,1.3,4.8,-1.3,1.71533608437,-0.813981354237,-0.343932986259,-0.474243164062,-0.670104980469,0.0,0.0
0.19005902619,0.0662030401731,2.20625968119,3.01885484296,3.06895079017,0.566149387651,1.91831815243,-0.816394925117,4.8,1.3,4.8,-1.3,1.71705985069,-0.815785050392,-0.338215559721,-0.474243164062,-0.659820556641,0.0,0.0
0.185030955829,0.0678307863628,2.27432312477,2.96695211517,3.07453097988,0.493155965802,1.91985285282,-0.815371990204,4.8,1.3,4.8,-1.3,1.72292685509,-0.822962880135,-0.312850743532,-0.474243164062,-0.670104980469,0.0,0.0
0.185030955829,0.0678307863628,2.27432312477,2.96695211517,3.07453097988,0.493155965802,1.91985285282,-0.815371990204,4.8,1.3,4.8,-1.3,1.72292685509,-0.822962880135,-0.312850743532,-0.474243164062,-0.659820556641,0.0,0.0
0.185030955829,0.0678307863628,2.27432312477,2.96695211517,3.07453097988,0.493155965802,1.91985285282,-0.815371990204,4.8,1.3,4.8,-1.3,1.72292685509,-0.822962880135,-0.312850743532,-0.474243164062,-0.670104980469,0.0,0.0
0.183674158794,0.067348767055,2.34067426643,2.9151085125,3.08179053613,0.422971542992,1.92074584961,-0.814776718616,4.8,1.3,4.8,-1.3,1.72549414635,-0.826976120472,-0.289053082466,-0.474243164062,-0.659820556641,0.0,0.0
0.183285765681,0.0663227212015,2.40880091318,2.85969211177,3.08864019694,0.350146625385,1.92151010036,-0.814267277718,4.8,1.3,4.8,-1.3,1.72725903988,-0.830357670784,-0.264551758766,-0.474243164062,-0.670104980469,0.0,0.0
0.18327429179,0.0659047044744,2.43285208522,2.83953901537,3.09078920822,0.324162554052,1.9217646122,-0.814097583294,4.8,1.3,4.8,-1.3,1.72777807713,-0.83147919178,-0.255834400654,-0.474243164062,-0.659820556641,0.0,0.0
0.183864009186,0.0636520329584,2.54773009491,2.73871808637,3.09874126144,0.19777599841,1.92290842533,-0.813335120678,4.8,1.3,4.8,-1.3,1.72973120213,-0.836575508118,-0.213546708226,-0.474243164062,-0.670104980469,0.0,0.0
0.183977236631,0.0633929055137,2.56071294449,2.72682689815,3.09936537925,0.183236216745,1.92303538322,-0.813250541687,4.8,1.3,4.8,-1.3,1.72991633415,-0.837152779102,-0.208685413003,-0.474243164062,-0.659820556641,0.0,0.0
0.184605753353,0.0623065698075,2.62279904763,2.66855508686,3.10146092336,0.112995889982,1.92366957664,-0.812827765942,4.8,1.3,4.8,-1.3,1.7307485342,-0.840083301067,-0.185156866908,-0.474243164062,-0.670104980469,0.0,0.0
0.184726740367,0.0621741370872,2.63398855679,2.65781430722,3.10166323878,0.100221612555,1.92379641533,-0.81274330616,4.8,1.3,4.8,-1.3,1.73089909554,-0.840675652027,-0.18085925281,-0.474243164062,-0.659820556641,0.0,0.0
0.186033980169,0.0615935005944,2.72805360196,2.56451280199,3.10137851347,-0.00854539992359,1.92493593693,-0.811983764172,4.8,1.3,4.8,-1.3,1.73198568821,-0.846227049828,-0.144084528089,-0.474243164062,-0.670104980469,0.0,0.0
0.186860078703,0.0620146955893,2.77163756969,2.51965199304,3.09996088698,-0.0595346615667,1.92556798458,-0.811562538147,4.8,1.3,4.8,-1.3,1.73237264156,-0.849484443665,-0.126616239548,-0.474243164062,-0.659820556641,0.0,0.0
0.186860078703,0.0620146955893,2.77163756969,2.51965199304,3.09996088698,-0.0595346615667,1.92556798458,-0.811562538147,4.8,1.3,4.8,-1.3,1.73237264156,-0.849484443665,-0.126616239548,-0.474243164062,-0.670104980469,0.0,0.0
0.187859839091,0.0628589863476,2.81170201196,2.47762652603,3.09801613153,-0.106560817202,1.92619931698,-0.81114178896,4.8,1.3,4.8,-1.3,1.73255991936,-0.852931201458,-0.110344603658,-0.474243164062,-0.659820556641,0.0,0.0
0.223900478717,0.140483058437,2.99576002497,2.36466950197,3.10616357313,-0.232985412867,1.93619513512,-0.804479122162,4.8,1.3,4.8,-1.3,1.70653128624,-0.935328006744,-0.0424756743014,-0.463928222656,-0.659820556641,0.0,0.0
0.226160234876,0.149667157706,2.97468272895,2.40145716942,3.11147313804,-0.194941949356,1.93681359291,-0.804066956043,4.8,1.3,4.8,-1.3,1.70309233665,-0.941628158092,-0.0526359975338,-0.474243164062,-0.659820556641,0.0,0.0
0.233671388204,0.176646442227,2.92800555743,2.48959155758,3.12438515114,-0.102981499287,1.93866407871,-0.80283343792,4.8,1.3,4.8,-1.3,1.69231796265,-0.96132594347,-0.0756026133895,-0.463928222656,-0.659820556641,0.0,0.0
0.236620601979,0.185561331557,2.92019643264,2.50985204225,3.12795335319,-0.0818341003919,1.93927931786,-0.802423298359,4.8,1.3,4.8,-1.3,1.68858778477,-0.968483746052,-0.079991787672,-0.474243164062,-0.659820556641,0.0,0.0
0.271203657879,0.314258452403,2.79032220123,2.7992160101,3.16506320145,0.226363666347,1.94902479649,-0.795927643776,4.8,1.3,4.8,-1.3,1.6353584528,-1.06781589985,-0.144634902477,-0.463928222656,-0.659820556641,0.0,0.0
0.271203657879,0.314258452403,2.79032220123,2.7992160101,3.16506320145,0.226363666347,1.94902479649,-0.795927643776,4.8,1.3,4.8,-1.3,1.6353584528,-1.06781589985,-0.144634902477,-0.474243164062,-0.659820556641,0.0,0.0
0.279580389589,0.346830893311,2.77398541244,2.85150328904,3.17143843737,0.282061502781,1.95203149319,-0.7939234972,4.8,1.3,4.8,-1.3,1.62271821499,-1.09393954277,-0.153468266129,-0.474243164062,-0.649505615234,0.0,0.0
0.279580389589,0.346830893311,2.77398541244,2.85150328904,3.17143843737,0.282061502781,1.95203149319,-0.7939234972,4.8,1.3,4.8,-1.3,1.62271821499,-1.09393954277,-0.153468266129,-0.474243164062,-0.639190673828,0.0,0.0
0.282532553267,0.35214884722,2.7830085317,2.84974274125,3.17367721324,0.279260688935,1.95263063908,-0.793524086475,4.8,1.3,4.8,-1.3,1.62039279938,-1.09922242165,-0.150828406215,-0.474243164062,-0.597961425781,0.0,0.0
0.282532553267,0.35214884722,2.7830085317,2.84974274125,3.17367721324,0.279260688935,1.95263063908,-0.793524086475,4.8,1.3,4.8,-1.3,1.62039279938,-1.09922242165,-0.150828406215,-0.474243164062,-0.577331542969,0.0,0.0
0.285173309949,0.357658158238,2.79003023991,2.84983967563,3.17563605888,0.278593255626,1.95322918892,-0.793125152588,4.8,1.3,4.8,-1.3,1.6181653738,-1.10453391075,-0.148859083652,-0.474243164062,-0.567016601562,0.0,0.0
0.285173309949,0.357658158238,2.79003023991,2.84983967563,3.17563605888,0.278593255626,1.95322918892,-0.793125152588,4.8,1.3,4.8,-1.3,1.6181653738,-1.10453391075,-0.148859083652,-0.412384033203,-0.515472412109,0.0,0.0
0.285173309949,0.357658158238,2.79003023991,2.84983967563,3.17563605888,0.278593255626,1.95322918892,-0.793125152588,4.8,1.3,4.8,-1.3,1.6181653738,-1.10453391075,-0.148859083652,-0.412384033203,-0.515472412109,0.0,0.0
0.28694967479,0.363769663195,2.79095109097,2.85579331146,3.17689047323,0.284596937545,1.95382714272,-0.792726695538,4.8,1.3,4.8,-1.3,1.61605906487,-1.10987210274,-0.148988813162,-0.371154785156,-0.45361328125,0.0,0.0
0.28694967479,0.363769663195,2.79095109097,2.85579331146,3.17689047323,0.284596937545,1.95382714272,-0.792726695538,4.8,1.3,4.8,-1.3,1.61605906487,-1.10987210274,-0.148988813162,-0.371154785156,-0.45361328125,0.0,0.0
0.28694967479,0.363769663195,2.79095109097,2.85579331146,3.17689047323,0.284596937545,1.95382714272,-0.792726695538,4.8,1.3,4.8,-1.3,1.61605906487,-1.10987210274,-0.148988813162,-0.340209960938,-0.412384033203,0.0,0.0
0.28694967479,0.363769663195,2.79095109097,2.85579331146,3.17689047323,0.284596937545,1.95382714272,-0.792726695538,4.8,1.3,4.8,-1.3,1.61605906487,-1.10987210274,-0.148988813162,-0.340209960938,-0.412384033203,0.0,0.0
0.288080377837,0.370318542112,2.78774525906,2.86567761316,3.17760806108,0.295073210374,1.95442414284,-0.792328715324,4.8,1.3,4.8,-1.3,1.61407256126,-1.11526358128,-0.150514900684,-0.298980712891,-0.340209960938,0.0,0.0
0.288080377837,0.370318542112,2.78774525906,2.86567761316,3.17760806108,0.295073210374,1.95442414284,-0.792328715324,4.8,1.3,4.8,-1.3,1.61407256126,-1.11526358128,-0.150514900684,-0.298980712891,-0.340209960938,0.0,0.0
0.288080377837,0.370318542112,2.78774525906,2.86567761316,3.17760806108,0.295073210374,1.95442414284,-0.792328715324,4.8,1.3,4.8,-1.3,1.61407256126,-1.11526358128,-0.150514900684,-0.298980712891,-0.288665771484,0.0,0.0
0.288440168442,0.377435130912,2.77959521868,2.8802799934,3.17766512303,0.3109337047,1.95502030849,-0.791931271553,4.8,1.3,4.8,-1.3,1.61219406128,-1.12075519562,-0.153708353639,-0.26806640625,-0.237121582031,0.0,0.0
0.288440168442,0.377435130912,2.77959521868,2.8802799934,3.17766512303,0.3109337047,1.95502030849,-0.791931271553,4.8,1.3,4.8,-1.3,1.61219406128,-1.12075519562,-0.153708353639,-0.26806640625,-0.237121582031,0.0,0.0
0.288440168442,0.377435130912,2.77959521868,2.8802799934,3.17766512303,0.3109337047,1.95502030849,-0.791931271553,4.8,1.3,4.8,-1.3,1.61219406128,-1.12075519562,-0.153708353639,-0.216522216797,-0.164978027344,0.0,0.0
0.288440168442,0.377435130912,2.77959521868,2.8802799934,3.17766512303,0.3109337047,1.95502030849,-0.791931271553,4.8,1.3,4.8,-1.3,1.61219406128,-1.12075519562,-0.153708353639,-0.216522216797,-0.164978027344,0.0,0.0
0.288174295508,0.385033865155,2.76795942036,2.89814014883,3.17713420818,0.330538935045,1.9556157589,-0.791534304619,4.8,1.3,4.8,-1.3,1.61043775082,-1.12641882896,-0.158031880856,-0.154663085938,-0.041259765625,0.0,0.0
0.288174295508,0.385033865155,2.76795942036,2.89814014883,3.17713420818,0.330538935045,1.9556157589,-0.791534304619,4.8,1.3,4.8,-1.3,1.61043775082,-1.12641882896,-0.158031880856,-0.154663085938,-0.041259765625,0.0,0.0
0.288174295508,0.385033865155,2.76795942036,2.89814014883,3.17713420818,0.330538935045,1.9556157589,-0.791534304619,4.8,1.3,4.8,-1.3,1.61043775082,-1.12641882896,-0.158031880856,-0.123718261719,0.0,0.0,0.0
0.288174295508,0.385033865155,2.76795942036,2.89814014883,3.17713420818,0.330538935045,1.9556157589,-0.791534304619,4.8,1.3,4.8,-1.3,1.61043775082,-1.12641882896,-0.158031880856,-0.123718261719,0.0,0.0,0.0
0.287989645737,0.388128364813,2.76296269196,2.90557314457,3.1768346523,0.338724882509,1.95585381985,-0.791375696659,4.8,1.3,4.8,-1.3,1.60975337029,-1.1287125349,-0.159861549735,-0.0309448242188,0.0,0.0,0.0
0.288016650672,0.389588554459,2.76139432998,2.90840046128,3.17678550705,0.341797615098,1.95597290993,-0.791296362877,4.8,1.3,4.8,-1.3,1.60941290855,-1.12986540794,-0.160453438759,-0.0309448242188,0.0,0.0,0.0
fallerror
